{
    "existing": {
        "ElectricSMR_m": 744.2782040874093,
        "WGS_m": 139.18002416430818,
        "HaberBosch": 813.0,
        "ASU": 28.25175000000016,
        "Boiler_Industrial_NG": 367.03683826086257,
        "Boiler_El": 293.33131313136545,
        "MTO": 280.496611415812,
        "PDH": 157.0,
        "MPW2methanol": 190.814021371329,
        "CO2electrolysis": 129.2870380582895,
        "Storage_Ammonia": 8747.659798402809,
        "Storage_CO2": 1618.7963909369146,
        "Storage_Ethylene": 1133.9559096774292,
        "Storage_H2": 494.7538811396987,
        "Storage_Battery": 7884.120398232947,
        "Storage_Propylene": 6808.828146592633,
        "feedgas_mixer": 1092.783148312321,
        "PE_mixer": 218.0,
        "CO2_mixer": 22.324695706381746,
        "HBfeed_mixer": 813.0
    },
    "new": [
        "ElectricSMR_m",
        "WGS_m",
        "AEC",
        "HaberBosch",
        "CrackerFurnace_Electric",
        "ASU",
        "Boiler_Industrial_NG",
        "Boiler_El",
        "RWGS",
        "MeOHsynthesis",
        "MTO",
        "EDH",
        "PDH",
        "MPW2methanol",
        "DirectMeOHsynthesis",
        "CO2electrolysis",
        "Storage_Ammonia",
        "Storage_CO2",
        "Storage_Ethylene",
        "Storage_H2",
        "Storage_Battery",
        "Storage_Propylene",
        "CO2toEmission",
        "feedgas_mixer",
        "naphtha_mixer",
        "PE_mixer",
        "CO2_mixer",
        "HBfeed_mixer",
        "syngas_mixer"
    ]
}