Unnamed: 0;ghi;dni;dhi;temp_air;rh;ws10;TECHNOLOGYNAME_hydro_inflow
2021-01-01 00:00:00;0.0;0.0;0.0;14.24;53.87;3.63;
2021-01-01 01:00:00;0.0;0.0;0.0;14.41;55.46;3.26;
2021-01-01 02:00:00;0.0;0.0;0.0;14.57;57.06;2.89;
2021-01-01 03:00:00;0.0;0.0;0.0;14.74;58.65;2.53;
2021-01-01 04:00:00;0.0;0.0;0.0;14.91;60.24;2.16;
2021-01-01 05:00:00;0.0;0.0;0.0;15.08;61.84;1.8;
2021-01-01 06:00:00;0.0;0.0;0.0;15.25;63.43;1.43;
2021-01-01 07:00:00;76.0;419.95;31.0;15.41;65.02;1.06;
2021-01-01 08:00:00;234.0;649.9;65.0;15.25;62.75;3.24;
2021-01-01 09:00:00;364.0;736.53;85.0;15.13;62.75;3.66;
2021-01-01 10:00:00;455.0;799.38;91.0;15.2;58.35;4.07;
2021-01-01 11:00:00;503.0;871.05;81.0;15.2;58.35;4.62;
2021-01-01 12:00:00;462.0;790.65;95.0;15.16;60.5;5.24;
2021-01-01 13:00:00;386.0;765.45;83.0;15.14;58.35;5.59;
2021-01-01 14:00:00;250.0;612.37;76.0;15.11;58.35;5.93;
2021-01-01 15:00:00;88.0;285.36;49.0;15.13;56.25;6.0;
2021-01-01 16:00:00;0.0;0.0;0.0;15.2;54.25;6.07;
2021-01-01 17:00:00;0.0;0.0;0.0;15.29;54.25;6.21;
2021-01-01 18:00:00;0.0;0.0;0.0;15.36;54.25;6.48;
2021-01-01 19:00:00;0.0;0.0;0.0;15.49;54.35;6.83;
2021-01-01 20:00:00;0.0;0.0;0.0;15.65;54.35;7.1;
2021-01-01 21:00:00;0.0;0.0;0.0;15.81;56.35;7.24;
2021-01-01 22:00:00;0.0;0.0;0.0;15.8;58.45;7.03;
2021-01-01 23:00:00;0.0;0.0;0.0;15.86;62.85;7.52;
2021-01-02 00:00:00;0.0;0.0;0.0;15.88;65.15;7.93;
2021-01-02 01:00:00;0.0;0.0;0.0;15.91;70.0;8.21;
2021-01-02 02:00:00;0.0;0.0;0.0;15.94;70.1;8.55;
2021-01-02 03:00:00;0.0;0.0;0.0;15.99;70.1;9.31;
2021-01-02 04:00:00;0.0;0.0;0.0;16.15;70.1;10.07;
2021-01-02 05:00:00;0.0;0.0;0.0;16.23;72.65;10.62;
2021-01-02 06:00:00;0.0;0.0;0.0;16.26;75.25;10.55;
2021-01-02 07:00:00;68.0;289.76;37.0;16.2;77.95;11.45;
2021-01-02 08:00:00;186.0;295.94;109.0;16.08;77.95;10.83;
2021-01-02 09:00:00;252.0;192.45;179.0;15.9;80.65;10.07;
2021-01-02 10:00:00;378.0;418.63;187.0;16.0;77.95;9.93;
2021-01-02 11:00:00;469.0;712.3;123.0;15.99;75.25;11.24;
2021-01-02 12:00:00;424.0;586.08;151.0;15.91;70.1;13.24;
2021-01-02 13:00:00;330.0;442.46;154.0;15.89;62.85;14.34;
2021-01-02 14:00:00;256.0;649.68;70.0;15.68;58.45;14.9;
2021-01-02 15:00:00;85.0;237.47;52.0;15.42;58.45;15.24;
2021-01-02 16:00:00;0.0;0.0;0.0;15.12;58.35;15.45;
2021-01-02 17:00:00;0.0;0.0;0.0;14.79;58.25;15.17;
2021-01-02 18:00:00;0.0;0.0;0.0;14.61;56.15;14.97;
2021-01-02 19:00:00;0.0;0.0;0.0;14.45;56.15;14.9;
2021-01-02 20:00:00;0.0;0.0;0.0;14.18;60.3;15.24;
2021-01-02 21:00:00;0.0;0.0;0.0;14.07;60.3;15.52;
2021-01-02 22:00:00;0.0;0.0;0.0;14.11;60.3;15.93;
2021-01-02 23:00:00;0.0;0.0;0.0;14.05;60.3;16.0;
2021-01-03 00:00:00;0.0;0.0;0.0;14.04;60.3;15.79;
2021-01-03 01:00:00;0.0;0.0;0.0;14.16;58.1;15.52;
2021-01-03 02:00:00;0.0;0.0;0.0;14.28;58.1;15.38;
2021-01-03 03:00:00;0.0;0.0;0.0;14.23;56.0;14.9;
2021-01-03 04:00:00;0.0;0.0;0.0;14.04;56.0;14.21;
2021-01-03 05:00:00;0.0;0.0;0.0;13.02;62.3;13.93;
2021-01-03 06:00:00;0.0;0.0;0.0;12.01;74.6;14.0;
2021-01-03 07:00:00;33.0;9.35;32.0;13.17;67.05;12.62;
2021-01-03 08:00:00;199.0;368.61;103.0;13.68;55.9;12.41;
2021-01-03 09:00:00;364.0;718.55;91.0;13.71;53.85;12.76;
2021-01-03 10:00:00;450.0;752.32;106.0;13.45;62.45;11.79;
2021-01-03 11:00:00;476.0;724.65;123.0;13.81;58.0;11.79;
2021-01-03 12:00:00;382.0;389.27;200.0;13.86;53.85;11.93;
2021-01-03 13:00:00;272.0;205.1;190.0;13.99;48.25;12.07;
2021-01-03 14:00:00;210.0;304.98;122.0;14.15;44.75;12.55;
2021-01-03 15:00:00;62.0;63.67;53.0;14.2;43.1;12.9;
2021-01-03 16:00:00;0.0;0.0;0.0;14.19;44.75;12.76;
2021-01-03 17:00:00;0.0;0.0;0.0;14.26;44.75;12.14;
2021-01-03 18:00:00;0.0;0.0;0.0;14.34;46.5;11.66;
2021-01-03 19:00:00;0.0;0.0;0.0;14.41;44.9;11.1;
2021-01-03 20:00:00;0.0;0.0;0.0;14.51;44.9;10.55;
2021-01-03 21:00:00;0.0;0.0;0.0;14.53;43.25;10.34;
2021-01-03 22:00:00;0.0;0.0;0.0;14.29;46.5;9.72;
2021-01-03 23:00:00;0.0;0.0;0.0;14.15;46.5;9.72;
2021-01-04 00:00:00;0.0;0.0;0.0;14.07;48.25;9.72;
2021-01-04 01:00:00;0.0;0.0;0.0;14.12;48.25;9.03;
2021-01-04 02:00:00;0.0;0.0;0.0;14.22;48.25;8.97;
2021-01-04 03:00:00;0.0;0.0;0.0;14.36;48.25;9.24;
2021-01-04 04:00:00;0.0;0.0;0.0;14.43;46.6;9.31;
2021-01-04 05:00:00;0.0;0.0;0.0;14.46;46.6;9.24;
2021-01-04 06:00:00;0.0;0.0;0.0;14.46;46.6;8.9;
2021-01-04 07:00:00;77.0;430.08;31.0;14.43;46.6;8.41;
2021-01-04 08:00:00;236.0;663.34;63.0;14.38;48.25;7.72;
2021-01-04 09:00:00;373.0;777.59;77.0;14.38;48.25;6.97;
2021-01-04 10:00:00;463.0;820.29;87.0;14.21;48.25;6.34;
2021-01-04 11:00:00;440.0;552.56;170.0;14.1;48.25;6.34;
2021-01-04 12:00:00;462.0;762.7;104.0;13.94;50.1;6.34;
2021-01-04 13:00:00;365.0;604.57;122.0;13.92;52.0;6.48;
2021-01-04 14:00:00;261.0;653.17;71.0;13.96;52.0;6.97;
2021-01-04 15:00:00;109.0;479.82;40.0;14.02;56.0;7.66;
2021-01-04 16:00:00;0.0;0.0;0.0;14.11;60.3;8.07;
2021-01-04 17:00:00;0.0;0.0;0.0;14.28;62.55;8.34;
2021-01-04 18:00:00;0.0;0.0;0.0;14.55;60.4;8.41;
2021-01-04 19:00:00;0.0;0.0;0.0;15.1;56.25;8.34;
2021-01-04 20:00:00;0.0;0.0;0.0;15.99;50.6;8.34;
2021-01-04 21:00:00;0.0;0.0;0.0;16.21;56.5;8.9;
2021-01-04 22:00:00;0.0;0.0;0.0;15.78;62.85;8.48;
2021-01-04 23:00:00;0.0;0.0;0.0;15.72;67.55;9.38;
2021-01-05 00:00:00;0.0;0.0;0.0;15.27;75.1;10.41;
2021-01-05 01:00:00;0.0;0.0;0.0;15.23;75.1;11.45;
2021-01-05 02:00:00;0.0;0.0;0.0;15.31;75.1;11.79;
2021-01-05 03:00:00;0.0;0.0;0.0;15.36;75.1;12.41;
2021-01-05 04:00:00;0.0;0.0;0.0;15.45;72.55;12.48;
2021-01-05 05:00:00;0.0;0.0;0.0;15.56;72.55;12.55;
2021-01-05 06:00:00;0.0;0.0;0.0;15.46;75.15;12.55;
2021-01-05 07:00:00;37.0;28.01;34.0;15.27;75.1;12.55;
2021-01-05 08:00:00;129.0;61.24;113.0;15.18;75.1;12.55;
2021-01-05 09:00:00;229.0;125.82;181.0;15.25;75.1;12.69;
2021-01-05 10:00:00;145.0;0.0;145.0;15.43;70.0;12.97;
2021-01-05 11:00:00;366.0;281.49;228.0;15.36;72.45;13.38;
2021-01-05 12:00:00;234.0;44.55;213.0;15.29;72.45;13.03;
2021-01-05 13:00:00;353.0;536.9;136.0;15.29;69.9;12.14;
2021-01-05 14:00:00;214.0;320.47;120.0;15.42;67.55;11.45;
2021-01-05 15:00:00;93.0;273.32;53.0;15.38;69.9;11.03;
2021-01-05 16:00:00;0.0;0.0;0.0;15.42;67.55;10.62;
2021-01-05 17:00:00;0.0;0.0;0.0;15.26;72.45;10.48;
2021-01-05 18:00:00;0.0;0.0;0.0;15.17;72.45;10.48;
2021-01-05 19:00:00;0.0;0.0;0.0;15.18;72.45;10.41;
2021-01-05 20:00:00;0.0;0.0;0.0;15.16;75.1;10.14;
2021-01-05 21:00:00;0.0;0.0;0.0;15.16;72.45;9.72;
2021-01-05 22:00:00;0.0;0.0;0.0;14.88;75.0;9.24;
2021-01-05 23:00:00;0.0;0.0;0.0;14.9;75.0;8.41;
2021-01-06 00:00:00;0.0;0.0;0.0;14.9;72.45;7.59;
2021-01-06 01:00:00;0.0;0.0;0.0;14.76;75.0;6.62;
2021-01-06 02:00:00;0.0;0.0;0.0;14.71;75.0;6.07;
2021-01-06 03:00:00;0.0;0.0;0.0;14.69;72.4;5.59;
2021-01-06 04:00:00;0.0;0.0;0.0;14.62;69.85;5.31;
2021-01-06 05:00:00;0.0;0.0;0.0;14.52;67.35;4.9;
2021-01-06 06:00:00;0.0;0.0;0.0;14.48;64.95;4.55;
2021-01-06 07:00:00;74.0;391.25;32.0;14.43;64.95;4.07;
2021-01-06 08:00:00;222.0;549.91;78.0;14.38;67.25;3.72;
2021-01-06 09:00:00;362.0;705.94;92.0;14.31;67.25;3.38;
2021-01-06 10:00:00;435.0;661.68;130.0;14.49;62.65;3.17;
2021-01-06 11:00:00;485.0;760.22;111.0;14.46;60.4;3.24;
2021-01-06 12:00:00;427.0;566.13;159.0;14.5;60.4;3.03;
2021-01-06 13:00:00;311.0;327.19;178.0;14.55;58.25;2.83;
2021-01-06 14:00:00;219.0;331.26;121.0;14.62;58.25;2.62;
2021-01-06 15:00:00;108.0;416.2;46.0;14.69;58.25;2.48;
2021-01-06 16:00:00;0.0;0.0;0.0;14.75;58.25;2.14;
2021-01-06 17:00:00;0.0;0.0;0.0;14.78;56.15;1.86;
2021-01-06 18:00:00;0.0;0.0;0.0;14.8;56.15;1.72;
2021-01-06 19:00:00;0.0;0.0;0.0;14.79;56.15;1.59;
2021-01-06 20:00:00;0.0;0.0;0.0;14.77;56.15;1.31;
2021-01-06 21:00:00;0.0;0.0;0.0;14.72;56.15;1.03;
2021-01-06 22:00:00;0.0;0.0;0.0;14.7;56.15;0.76;
2021-01-06 23:00:00;0.0;0.0;0.0;14.73;56.15;0.69;
2021-01-07 00:00:00;0.0;0.0;0.0;14.75;58.25;1.03;
2021-01-07 01:00:00;0.0;0.0;0.0;14.83;60.4;1.38;
2021-01-07 02:00:00;0.0;0.0;0.0;14.91;60.5;1.93;
2021-01-07 03:00:00;0.0;0.0;0.0;14.99;60.5;2.28;
2021-01-07 04:00:00;0.0;0.0;0.0;15.06;62.75;2.62;
2021-01-07 05:00:00;0.0;0.0;0.0;15.13;65.05;2.97;
2021-01-07 06:00:00;0.0;0.0;0.0;15.29;67.45;3.31;
2021-01-07 07:00:00;56.0;139.27;41.0;15.31;69.9;3.72;
2021-01-07 08:00:00;96.0;11.43;93.0;15.13;69.9;4.14;
2021-01-07 09:00:00;73.0;0.0;73.0;14.94;69.9;4.62;
2021-01-07 10:00:00;76.0;0.0;76.0;15.08;69.9;4.69;
2021-01-07 11:00:00;160.0;2.03;159.0;15.06;69.9;5.03;
2021-01-07 12:00:00;291.0;126.17;231.0;15.08;69.9;4.83;
2021-01-07 13:00:00;312.0;330.14;177.0;15.1;69.9;4.69;
2021-01-07 14:00:00;252.0;539.45;91.0;15.07;69.9;4.76;
2021-01-07 15:00:00;85.0;164.83;60.0;15.11;69.9;4.9;
2021-01-07 16:00:00;0.0;0.0;0.0;15.13;69.9;5.03;
2021-01-07 17:00:00;0.0;0.0;0.0;15.19;67.45;5.17;
2021-01-07 18:00:00;0.0;0.0;0.0;15.2;67.45;5.1;
2021-01-07 19:00:00;0.0;0.0;0.0;15.25;67.45;5.1;
2021-01-07 20:00:00;0.0;0.0;0.0;15.24;67.45;4.83;
2021-01-07 21:00:00;0.0;0.0;0.0;15.2;69.9;4.83;
2021-01-07 22:00:00;0.0;0.0;0.0;15.06;75.1;4.76;
2021-01-07 23:00:00;0.0;0.0;0.0;14.94;75.1;4.41;
2021-01-08 00:00:00;0.0;0.0;0.0;14.97;75.1;4.21;
2021-01-08 01:00:00;0.0;0.0;0.0;14.94;75.1;4.28;
2021-01-08 02:00:00;0.0;0.0;0.0;15.01;75.1;4.41;
2021-01-08 03:00:00;0.0;0.0;0.0;15.05;75.1;4.28;
2021-01-08 04:00:00;0.0;0.0;0.0;15.07;72.45;3.79;
2021-01-08 05:00:00;0.0;0.0;0.0;15.11;72.45;3.59;
2021-01-08 06:00:00;0.0;0.0;0.0;15.15;72.45;3.52;
2021-01-08 07:00:00;62.0;203.39;40.0;15.2;69.9;3.59;
2021-01-08 08:00:00;217.0;505.01;84.0;15.18;69.9;3.72;
2021-01-08 09:00:00;359.0;694.01;92.0;15.17;69.9;4.0;
2021-01-08 10:00:00;462.0;803.92;89.0;15.16;72.45;4.07;
2021-01-08 11:00:00;398.0;373.19;213.0;15.21;69.9;4.34;
2021-01-08 12:00:00;87.0;0.0;87.0;15.21;69.9;4.76;
2021-01-08 13:00:00;162.0;12.15;157.0;15.18;69.9;5.38;
2021-01-08 14:00:00;106.0;6.64;104.0;15.16;72.45;5.86;
2021-01-08 15:00:00;108.0;369.07;51.0;15.16;72.45;6.34;
2021-01-08 16:00:00;0.0;0.0;0.0;15.1;72.45;6.69;
2021-01-08 17:00:00;0.0;0.0;0.0;14.82;75.0;6.83;
2021-01-08 18:00:00;0.0;0.0;0.0;14.92;72.45;6.48;
2021-01-08 19:00:00;0.0;0.0;0.0;15.05;72.45;6.48;
2021-01-08 20:00:00;0.0;0.0;0.0;15.2;72.45;6.76;
2021-01-08 21:00:00;0.0;0.0;0.0;15.34;72.45;7.1;
2021-01-08 22:00:00;0.0;0.0;0.0;15.15;75.1;6.76;
2021-01-08 23:00:00;0.0;0.0;0.0;15.17;75.1;6.76;
2021-01-09 00:00:00;0.0;0.0;0.0;15.27;75.1;6.9;
2021-01-09 01:00:00;0.0;0.0;0.0;15.31;75.1;6.83;
2021-01-09 02:00:00;0.0;0.0;0.0;15.4;75.1;6.62;
2021-01-09 03:00:00;0.0;0.0;0.0;15.41;75.15;6.62;
2021-01-09 04:00:00;0.0;0.0;0.0;15.41;75.15;6.62;
2021-01-09 05:00:00;0.0;0.0;0.0;15.4;77.8;6.34;
2021-01-09 06:00:00;0.0;0.0;0.0;15.27;75.1;5.59;
2021-01-09 07:00:00;61.0;193.13;40.0;15.26;75.1;5.31;
2021-01-09 08:00:00;203.0;393.53;99.0;15.21;75.1;5.24;
2021-01-09 09:00:00;320.0;453.35;145.0;15.22;75.1;5.03;
2021-01-09 10:00:00;380.0;403.73;192.0;15.48;72.55;4.69;
2021-01-09 11:00:00;496.0;801.58;97.0;15.56;72.55;4.62;
2021-01-09 12:00:00;475.0;789.31;96.0;15.55;72.55;4.69;
2021-01-09 13:00:00;395.0;736.63;90.0;15.58;72.55;4.62;
2021-01-09 14:00:00;248.0;480.39;102.0;15.58;72.55;4.83;
2021-01-09 15:00:00;97.0;235.23;60.0;15.72;72.55;4.9;
2021-01-09 16:00:00;0.0;0.0;0.0;15.74;72.55;4.69;
2021-01-09 17:00:00;0.0;0.0;0.0;15.76;72.55;4.62;
2021-01-09 18:00:00;0.0;0.0;0.0;15.69;72.55;4.83;
2021-01-09 19:00:00;0.0;0.0;0.0;15.6;72.55;4.97;
2021-01-09 20:00:00;0.0;0.0;0.0;15.55;72.55;4.97;
2021-01-09 21:00:00;0.0;0.0;0.0;15.56;72.55;4.69;
2021-01-09 22:00:00;0.0;0.0;0.0;15.61;72.55;4.28;
2021-01-09 23:00:00;0.0;0.0;0.0;15.61;72.55;3.93;
2021-01-10 00:00:00;0.0;0.0;0.0;15.57;72.55;3.72;
2021-01-10 01:00:00;0.0;0.0;0.0;15.61;72.55;3.38;
2021-01-10 02:00:00;0.0;0.0;0.0;15.58;72.55;3.03;
2021-01-10 03:00:00;0.0;0.0;0.0;15.49;72.55;2.9;
2021-01-10 04:00:00;0.0;0.0;0.0;15.42;72.55;2.83;
2021-01-10 05:00:00;0.0;0.0;0.0;15.24;75.1;2.83;
2021-01-10 06:00:00;0.0;0.0;0.0;15.07;77.8;2.76;
2021-01-10 07:00:00;62.0;201.08;40.0;15.01;77.8;2.69;
2021-01-10 08:00:00;215.0;471.16;90.0;14.75;80.55;2.34;
2021-01-10 09:00:00;344.0;575.6;121.0;14.52;83.45;1.86;
2021-01-10 10:00:00;438.0;656.76;131.0;14.14;89.5;1.31;
2021-01-10 11:00:00;414.0;416.07;206.0;14.33;89.5;1.17;
2021-01-10 12:00:00;371.0;319.09;217.0;14.56;83.45;1.24;
2021-01-10 13:00:00;345.0;446.31;159.0;14.75;80.55;1.31;
2021-01-10 14:00:00;239.0;400.94;116.0;14.92;75.1;1.24;
2021-01-10 15:00:00;112.0;368.26;53.0;15.06;75.1;1.17;
2021-01-10 16:00:00;0.0;0.0;0.0;15.19;75.1;1.03;
2021-01-10 17:00:00;0.0;0.0;0.0;15.26;72.45;1.03;
2021-01-10 18:00:00;0.0;0.0;0.0;15.31;72.45;1.03;
2021-01-10 19:00:00;0.0;0.0;0.0;15.32;72.45;1.24;
2021-01-10 20:00:00;0.0;0.0;0.0;15.32;72.45;1.45;
2021-01-10 21:00:00;0.0;0.0;0.0;15.34;72.45;1.79;
2021-01-10 22:00:00;0.0;0.0;0.0;15.29;69.9;2.28;
2021-01-10 23:00:00;0.0;0.0;0.0;15.31;72.45;2.69;
2021-01-11 00:00:00;0.0;0.0;0.0;15.33;75.1;2.9;
2021-01-11 01:00:00;0.0;0.0;0.0;15.43;72.55;3.03;
2021-01-11 02:00:00;0.0;0.0;0.0;15.53;75.15;3.24;
2021-01-11 03:00:00;0.0;0.0;0.0;15.61;75.15;3.38;
2021-01-11 04:00:00;0.0;0.0;0.0;15.72;75.15;3.38;
2021-01-11 05:00:00;0.0;0.0;0.0;15.81;72.55;3.1;
2021-01-11 06:00:00;0.0;0.0;0.0;15.92;70.1;3.03;
2021-01-11 07:00:00;71.0;308.56;37.0;16.02;70.1;3.03;
2021-01-11 08:00:00;217.0;480.42;89.0;16.05;67.65;3.03;
2021-01-11 09:00:00;367.0;712.2;90.0;16.06;67.65;3.38;
2021-01-11 10:00:00;444.0;679.68;125.0;16.0;70.1;2.9;
2021-01-11 11:00:00;410.0;396.28;211.0;16.06;70.1;3.38;
2021-01-11 12:00:00;0.0;0.0;0.0;15.96;75.25;4.07;
2021-01-11 13:00:00;332.0;378.98;173.0;15.88;80.65;4.07;
2021-01-11 14:00:00;244.0;419.73;114.0;15.84;80.65;4.0;
2021-01-11 15:00:00;102.0;245.1;62.0;15.86;80.65;3.93;
2021-01-11 16:00:00;0.0;0.0;0.0;15.86;80.65;4.0;
2021-01-11 17:00:00;0.0;0.0;0.0;15.84;80.65;3.79;
2021-01-11 18:00:00;0.0;0.0;0.0;15.76;80.65;3.66;
2021-01-11 19:00:00;0.0;0.0;0.0;15.66;80.65;3.79;
2021-01-11 20:00:00;0.0;0.0;0.0;15.59;80.65;4.14;
2021-01-11 21:00:00;0.0;0.0;0.0;15.55;83.55;4.83;
2021-01-11 22:00:00;0.0;0.0;0.0;15.45;83.55;5.79;
2021-01-11 23:00:00;0.0;0.0;0.0;15.42;83.55;6.76;
2021-01-12 00:00:00;0.0;0.0;0.0;15.42;83.55;6.76;
2021-01-12 01:00:00;0.0;0.0;0.0;15.48;77.85;6.9;
2021-01-12 02:00:00;0.0;0.0;0.0;15.45;75.15;8.34;
2021-01-12 03:00:00;0.0;0.0;0.0;15.34;77.8;9.38;
2021-01-12 04:00:00;0.0;0.0;0.0;15.27;77.8;9.52;
2021-01-12 05:00:00;0.0;0.0;0.0;15.25;77.8;10.76;
2021-01-12 06:00:00;0.0;0.0;0.0;15.23;75.1;10.9;
2021-01-12 07:00:00;81.0;441.15;32.0;15.17;75.1;11.59;
2021-01-12 08:00:00;196.0;328.75;108.0;15.25;75.1;13.31;
2021-01-12 09:00:00;329.0;471.12;145.0;15.43;75.15;13.17;
2021-01-12 10:00:00;366.0;326.73;212.0;15.86;75.15;13.17;
2021-01-12 11:00:00;349.0;204.15;246.0;16.02;75.25;13.52;
2021-01-12 12:00:00;330.0;190.64;237.0;16.18;77.95;13.31;
2021-01-12 13:00:00;264.0;146.77;202.0;16.29;77.95;12.69;
2021-01-12 14:00:00;172.0;99.12;141.0;16.34;80.75;12.07;
2021-01-12 15:00:00;80.0;84.2;66.0;16.41;80.75;11.1;
2021-01-12 16:00:00;0.0;0.0;0.0;16.46;78.0;10.41;
2021-01-12 17:00:00;0.0;0.0;0.0;16.5;78.0;9.1;
2021-01-12 18:00:00;0.0;0.0;0.0;16.54;78.0;8.0;
2021-01-12 19:00:00;0.0;0.0;0.0;16.48;78.0;7.72;
2021-01-12 20:00:00;0.0;0.0;0.0;16.38;77.95;7.38;
2021-01-12 21:00:00;0.0;0.0;0.0;16.23;77.95;6.83;
2021-01-12 22:00:00;0.0;0.0;0.0;15.88;80.65;7.1;
2021-01-12 23:00:00;0.0;0.0;0.0;15.73;80.65;6.14;
2021-01-13 00:00:00;0.0;0.0;0.0;15.66;77.85;5.38;
2021-01-13 01:00:00;0.0;0.0;0.0;15.63;75.15;4.76;
2021-01-13 02:00:00;0.0;0.0;0.0;15.65;75.15;4.28;
2021-01-13 03:00:00;0.0;0.0;0.0;15.67;75.15;4.41;
2021-01-13 04:00:00;0.0;0.0;0.0;15.68;75.15;4.76;
2021-01-13 05:00:00;0.0;0.0;0.0;15.73;75.15;4.55;
2021-01-13 06:00:00;0.0;0.0;0.0;15.76;75.15;4.28;
2021-01-13 07:00:00;77.0;383.7;34.0;15.75;75.15;4.28;
2021-01-13 08:00:00;234.0;594.73;74.0;15.7;75.15;4.21;
2021-01-13 09:00:00;376.0;734.15;88.0;15.63;77.85;4.0;
2021-01-13 10:00:00;467.0;775.16;100.0;15.4;80.6;3.79;
2021-01-13 11:00:00;525.0;873.81;82.0;15.38;80.6;4.0;
2021-01-13 12:00:00;494.0;817.4;93.0;15.36;80.6;4.34;
2021-01-13 13:00:00;416.0;773.42;87.0;15.39;80.6;4.28;
2021-01-13 14:00:00;294.0;712.41;69.0;15.44;77.85;4.0;
2021-01-13 15:00:00;132.0;501.81;47.0;15.49;77.85;3.93;
2021-01-13 16:00:00;0.0;0.0;0.0;15.52;77.85;3.79;
2021-01-13 17:00:00;0.0;0.0;0.0;15.55;77.85;3.79;
2021-01-13 18:00:00;0.0;0.0;0.0;15.54;77.85;3.66;
2021-01-13 19:00:00;0.0;0.0;0.0;15.52;77.85;3.24;
2021-01-13 20:00:00;0.0;0.0;0.0;15.49;77.85;2.76;
2021-01-13 21:00:00;0.0;0.0;0.0;15.46;77.85;2.34;
2021-01-13 22:00:00;0.0;0.0;0.0;15.1;80.6;2.41;
2021-01-13 23:00:00;0.0;0.0;0.0;15.06;80.6;2.48;
2021-01-14 00:00:00;0.0;0.0;0.0;14.98;80.6;2.55;
2021-01-14 01:00:00;0.0;0.0;0.0;14.94;80.6;2.34;
2021-01-14 02:00:00;0.0;0.0;0.0;14.89;80.55;1.86;
2021-01-14 03:00:00;0.0;0.0;0.0;14.82;80.55;1.79;
2021-01-14 04:00:00;0.0;0.0;0.0;14.87;83.45;2.48;
2021-01-14 05:00:00;0.0;0.0;0.0;14.89;83.45;3.03;
2021-01-14 06:00:00;0.0;0.0;0.0;14.95;80.6;3.1;
2021-01-14 07:00:00;81.0;424.16;33.0;14.97;80.6;3.17;
2021-01-14 08:00:00;243.0;654.37;66.0;14.91;80.6;3.03;
2021-01-14 09:00:00;369.0;682.52;100.0;14.97;80.6;2.9;
2021-01-14 10:00:00;341.0;241.77;226.0;14.77;80.55;3.1;
2021-01-14 11:00:00;367.0;239.44;245.0;14.95;77.8;3.66;
2021-01-14 12:00:00;372.0;289.82;229.0;15.12;77.8;4.34;
2021-01-14 13:00:00;215.0;51.35;193.0;15.36;77.8;4.69;
2021-01-14 14:00:00;184.0;122.26;145.0;15.52;75.15;4.9;
2021-01-14 15:00:00;111.0;254.96;67.0;15.59;75.15;4.83;
2021-01-14 16:00:00;0.0;0.0;0.0;15.6;75.15;4.76;
2021-01-14 17:00:00;0.0;0.0;0.0;15.59;72.55;4.28;
2021-01-14 18:00:00;0.0;0.0;0.0;15.44;72.55;3.59;
2021-01-14 19:00:00;0.0;0.0;0.0;15.31;75.1;2.97;
2021-01-14 20:00:00;0.0;0.0;0.0;15.15;72.45;2.62;
2021-01-14 21:00:00;0.0;0.0;0.0;14.99;72.45;2.21;
2021-01-14 22:00:00;0.0;0.0;0.0;15.29;72.45;2.14;
2021-01-14 23:00:00;0.0;0.0;0.0;15.19;72.45;1.93;
2021-01-15 00:00:00;0.0;0.0;0.0;15.14;72.45;1.86;
2021-01-15 01:00:00;0.0;0.0;0.0;15.1;72.45;1.86;
2021-01-15 02:00:00;0.0;0.0;0.0;15.03;72.45;1.93;
2021-01-15 03:00:00;0.0;0.0;0.0;14.97;72.45;2.28;
2021-01-15 04:00:00;0.0;0.0;0.0;14.96;72.45;2.41;
2021-01-15 05:00:00;0.0;0.0;0.0;14.9;75.0;2.28;
2021-01-15 06:00:00;0.0;0.0;0.0;14.83;75.0;2.07;
2021-01-15 07:00:00;43.0;34.97;39.0;14.81;72.4;1.72;
2021-01-15 08:00:00;117.0;29.41;109.0;14.7;72.4;1.24;
2021-01-15 09:00:00;181.0;30.3;169.0;14.66;72.4;0.76;
2021-01-15 10:00:00;290.0;119.25;233.0;14.89;72.4;1.1;
2021-01-15 11:00:00;367.0;234.3;247.0;14.82;72.4;0.76;
2021-01-15 12:00:00;426.0;469.43;193.0;14.8;72.4;0.62;
2021-01-15 13:00:00;348.0;396.24;177.0;14.79;72.4;0.9;
2021-01-15 14:00:00;181.0;105.51;147.0;14.82;72.4;1.31;
2021-01-15 15:00:00;92.0;113.75;72.0;14.83;72.4;1.79;
2021-01-15 16:00:00;0.0;0.0;0.0;14.89;72.4;2.21;
2021-01-15 17:00:00;0.0;0.0;0.0;14.93;69.9;2.48;
2021-01-15 18:00:00;0.0;0.0;0.0;14.95;69.9;2.83;
2021-01-15 19:00:00;0.0;0.0;0.0;14.95;69.9;3.03;
2021-01-15 20:00:00;0.0;0.0;0.0;14.93;69.9;2.69;
2021-01-15 21:00:00;0.0;0.0;0.0;14.95;72.45;2.41;
2021-01-15 22:00:00;0.0;0.0;0.0;15.04;75.1;2.62;
2021-01-15 23:00:00;0.0;0.0;0.0;15.03;75.1;2.9;
2021-01-16 00:00:00;0.0;0.0;0.0;15.09;75.1;3.52;
2021-01-16 01:00:00;0.0;0.0;0.0;15.29;72.45;4.14;
2021-01-16 02:00:00;0.0;0.0;0.0;15.56;70.0;4.41;
2021-01-16 03:00:00;0.0;0.0;0.0;15.76;72.55;4.9;
2021-01-16 04:00:00;0.0;0.0;0.0;15.77;80.65;5.45;
2021-01-16 05:00:00;0.0;0.0;0.0;15.71;83.55;6.48;
2021-01-16 06:00:00;0.0;0.0;0.0;15.7;83.55;7.66;
2021-01-16 07:00:00;47.0;51.87;41.0;15.66;83.55;8.76;
2021-01-16 08:00:00;180.0;215.54;121.0;15.71;83.55;9.31;
2021-01-16 09:00:00;305.0;331.55;173.0;15.85;83.55;10.14;
2021-01-16 10:00:00;278.0;95.76;232.0;16.0;77.95;11.03;
2021-01-16 11:00:00;340.0;168.96;253.0;16.03;80.75;11.38;
2021-01-16 12:00:00;333.0;178.23;244.0;15.99;83.6;11.24;
2021-01-16 13:00:00;355.0;414.02;175.0;16.05;83.6;10.69;
2021-01-16 14:00:00;267.0;469.98;114.0;16.12;83.6;10.69;
2021-01-16 15:00:00;84.0;66.99;72.0;16.12;83.6;10.34;
2021-01-16 16:00:00;0.0;0.0;0.0;16.12;83.6;10.41;
2021-01-16 17:00:00;0.0;0.0;0.0;16.1;83.6;10.34;
2021-01-16 18:00:00;0.0;0.0;0.0;16.1;83.6;10.34;
2021-01-16 19:00:00;0.0;0.0;0.0;16.12;80.75;10.41;
2021-01-16 20:00:00;0.0;0.0;0.0;16.17;80.75;10.55;
2021-01-16 21:00:00;0.0;0.0;0.0;16.2;80.75;10.55;
2021-01-16 22:00:00;0.0;0.0;0.0;16.21;80.75;9.66;
2021-01-16 23:00:00;0.0;0.0;0.0;16.25;80.75;9.52;
2021-01-17 00:00:00;0.0;0.0;0.0;16.28;80.75;9.66;
2021-01-17 01:00:00;0.0;0.0;0.0;16.3;80.75;9.66;
2021-01-17 02:00:00;0.0;0.0;0.0;16.29;80.75;9.31;
2021-01-17 03:00:00;0.0;0.0;0.0;16.27;80.75;9.1;
2021-01-17 04:00:00;0.0;0.0;0.0;16.24;80.75;8.69;
2021-01-17 05:00:00;0.0;0.0;0.0;16.22;77.95;8.41;
2021-01-17 06:00:00;0.0;0.0;0.0;16.19;77.95;8.0;
2021-01-17 07:00:00;79.0;358.69;37.0;16.1;77.95;7.45;
2021-01-17 08:00:00;108.0;18.15;103.0;15.92;77.95;6.76;
2021-01-17 09:00:00;293.0;287.3;178.0;15.77;80.65;6.14;
2021-01-17 10:00:00;367.0;308.55;218.0;15.5;80.65;5.93;
2021-01-17 11:00:00;451.0;502.16;191.0;15.43;80.65;5.45;
2021-01-17 12:00:00;394.0;346.3;220.0;15.35;83.5;4.76;
2021-01-17 13:00:00;250.0;98.16;207.0;15.32;80.6;4.41;
2021-01-17 14:00:00;234.0;282.74;141.0;15.34;80.6;4.07;
2021-01-17 15:00:00;126.0;328.74;66.0;15.39;77.8;3.79;
2021-01-17 16:00:00;0.0;0.0;0.0;15.44;75.15;3.66;
2021-01-17 17:00:00;0.0;0.0;0.0;15.55;72.55;3.72;
2021-01-17 18:00:00;0.0;0.0;0.0;15.67;72.55;3.66;
2021-01-17 19:00:00;0.0;0.0;0.0;15.73;72.55;3.72;
2021-01-17 20:00:00;0.0;0.0;0.0;15.7;75.15;3.86;
2021-01-17 21:00:00;0.0;0.0;0.0;15.61;77.85;4.07;
2021-01-17 22:00:00;0.0;0.0;0.0;15.42;80.65;4.28;
2021-01-17 23:00:00;0.0;0.0;0.0;15.29;83.5;4.69;
2021-01-18 00:00:00;0.0;0.0;0.0;15.21;83.5;5.17;
2021-01-18 01:00:00;0.0;0.0;0.0;15.17;83.5;5.45;
2021-01-18 02:00:00;0.0;0.0;0.0;15.23;83.5;5.79;
2021-01-18 03:00:00;0.0;0.0;0.0;15.25;80.6;5.93;
2021-01-18 04:00:00;0.0;0.0;0.0;15.26;77.8;6.34;
2021-01-18 05:00:00;0.0;0.0;0.0;15.33;77.8;6.41;
2021-01-18 06:00:00;0.0;0.0;0.0;15.23;80.6;6.41;
2021-01-18 07:00:00;76.0;295.08;41.0;15.17;80.6;6.55;
2021-01-18 08:00:00;212.0;385.74;105.0;15.05;80.6;6.55;
2021-01-18 09:00:00;307.0;330.4;174.0;14.94;80.6;6.14;
2021-01-18 10:00:00;371.0;311.01;220.0;15.13;80.6;6.07;
2021-01-18 11:00:00;357.0;197.81;254.0;15.12;80.6;6.76;
2021-01-18 12:00:00;366.0;251.16;239.0;15.09;80.6;6.9;
2021-01-18 13:00:00;318.0;260.53;203.0;15.0;80.6;6.62;
2021-01-18 14:00:00;183.0;96.28;151.0;15.0;77.8;6.83;
2021-01-18 15:00:00;119.0;252.77;72.0;15.02;77.8;6.76;
2021-01-18 16:00:00;0.0;0.0;0.0;15.08;77.8;6.9;
2021-01-18 17:00:00;0.0;0.0;0.0;15.24;77.8;8.34;
2021-01-18 18:00:00;0.0;0.0;0.0;15.46;72.55;9.24;
2021-01-18 19:00:00;0.0;0.0;0.0;15.58;72.55;8.76;
2021-01-18 20:00:00;0.0;0.0;0.0;15.56;75.15;8.69;
2021-01-18 21:00:00;0.0;0.0;0.0;15.54;75.15;9.45;
2021-01-18 22:00:00;0.0;0.0;0.0;15.42;75.15;9.45;
2021-01-18 23:00:00;0.0;0.0;0.0;15.43;75.15;9.59;
2021-01-19 00:00:00;0.0;0.0;0.0;15.53;75.15;10.55;
2021-01-19 01:00:00;0.0;0.0;0.0;15.56;75.15;10.76;
2021-01-19 02:00:00;0.0;0.0;0.0;15.49;75.15;11.1;
2021-01-19 03:00:00;0.0;0.0;0.0;15.43;75.15;12.14;
2021-01-19 04:00:00;0.0;0.0;0.0;15.58;75.15;12.41;
2021-01-19 05:00:00;0.0;0.0;0.0;15.74;75.15;12.34;
2021-01-19 06:00:00;0.0;0.0;0.0;15.78;77.85;12.55;
2021-01-19 07:00:00;48.0;49.9;42.0;15.75;80.65;12.48;
2021-01-19 08:00:00;161.0;128.86;125.0;15.68;83.55;12.55;
2021-01-19 09:00:00;278.0;222.28;188.0;15.73;86.5;11.86;
2021-01-19 10:00:00;389.0;368.68;209.0;15.86;83.55;10.69;
2021-01-19 11:00:00;377.0;244.41;249.0;15.94;83.6;10.69;
2021-01-19 12:00:00;451.0;542.33;175.0;16.07;83.6;11.45;
2021-01-19 13:00:00;402.0;606.96;132.0;16.29;83.6;11.31;
2021-01-19 14:00:00;295.0;607.38;91.0;16.52;80.8;11.93;
2021-01-19 15:00:00;142.0;443.46;58.0;16.76;78.0;12.21;
2021-01-19 16:00:00;0.0;0.0;0.0;16.86;78.0;12.07;
2021-01-19 17:00:00;0.0;0.0;0.0;16.87;78.0;11.52;
2021-01-19 18:00:00;0.0;0.0;0.0;16.78;80.8;10.9;
2021-01-19 19:00:00;0.0;0.0;0.0;16.67;80.8;10.21;
2021-01-19 20:00:00;0.0;0.0;0.0;16.53;80.8;9.38;
2021-01-19 21:00:00;0.0;0.0;0.0;16.39;83.6;8.48;
2021-01-19 22:00:00;0.0;0.0;0.0;16.49;80.8;6.83;
2021-01-19 23:00:00;0.0;0.0;0.0;16.45;83.65;6.97;
2021-01-20 00:00:00;0.0;0.0;0.0;16.41;86.55;6.76;
2021-01-20 01:00:00;0.0;0.0;0.0;16.39;86.55;6.76;
2021-01-20 02:00:00;0.0;0.0;0.0;16.33;86.55;6.07;
2021-01-20 03:00:00;0.0;0.0;0.0;16.28;86.55;5.79;
2021-01-20 04:00:00;0.0;0.0;0.0;16.17;86.55;5.79;
2021-01-20 05:00:00;0.0;0.0;0.0;16.13;86.55;5.38;
2021-01-20 06:00:00;0.0;0.0;0.0;16.11;86.55;4.48;
2021-01-20 07:00:00;85.0;377.17;39.0;16.01;86.55;3.52;
2021-01-20 08:00:00;247.0;607.53;76.0;15.83;89.6;3.38;
2021-01-20 09:00:00;395.0;756.1;87.0;15.74;89.6;3.72;
2021-01-20 10:00:00;495.0;820.71;92.0;15.59;89.6;3.38;
2021-01-20 11:00:00;529.0;802.93;106.0;15.54;86.5;3.1;
2021-01-20 12:00:00;497.0;720.34;128.0;15.47;86.5;3.38;
2021-01-20 13:00:00;424.0;686.97;116.0;15.44;86.5;4.07;
2021-01-20 14:00:00;302.0;612.78;94.0;15.56;86.5;4.76;
2021-01-20 15:00:00;154.0;523.44;53.0;15.74;86.5;5.31;
2021-01-20 16:00:00;0.0;0.0;0.0;15.9;86.5;5.93;
2021-01-20 17:00:00;0.0;0.0;0.0;16.05;83.6;5.93;
2021-01-20 18:00:00;0.0;0.0;0.0;16.06;86.55;6.14;
2021-01-20 19:00:00;0.0;0.0;0.0;16.05;86.55;6.07;
2021-01-20 20:00:00;0.0;0.0;0.0;16.06;86.55;5.86;
2021-01-20 21:00:00;0.0;0.0;0.0;16.13;86.55;5.79;
2021-01-20 22:00:00;0.0;0.0;0.0;16.04;86.55;5.52;
2021-01-20 23:00:00;0.0;0.0;0.0;16.03;86.55;5.93;
2021-01-21 00:00:00;0.0;0.0;0.0;15.96;86.55;6.21;
2021-01-21 01:00:00;0.0;0.0;0.0;15.9;86.5;6.28;
2021-01-21 02:00:00;0.0;0.0;0.0;15.84;86.5;6.41;
2021-01-21 03:00:00;0.0;0.0;0.0;15.78;86.5;6.41;
2021-01-21 04:00:00;0.0;0.0;0.0;15.75;86.5;6.48;
2021-01-21 05:00:00;0.0;0.0;0.0;15.75;86.5;6.34;
2021-01-21 06:00:00;0.0;0.0;0.0;15.76;86.5;6.21;
2021-01-21 07:00:00;65.0;145.41;47.0;15.79;86.5;5.93;
2021-01-21 08:00:00;197.0;264.4;122.0;15.81;83.55;5.59;
2021-01-21 09:00:00;295.0;263.47;187.0;15.83;83.55;5.31;
2021-01-21 10:00:00;446.0;568.89;165.0;15.88;83.55;5.1;
2021-01-21 11:00:00;458.0;477.34;205.0;15.88;86.5;5.38;
2021-01-21 12:00:00;479.0;626.35;156.0;15.89;83.55;5.66;
2021-01-21 13:00:00;414.0;619.58;134.0;15.92;83.6;5.72;
2021-01-21 14:00:00;320.0;711.24;76.0;15.97;83.6;5.52;
2021-01-21 15:00:00;157.0;529.16;53.0;16.01;83.6;5.24;
2021-01-21 16:00:00;0.0;0.0;0.0;16.05;83.6;5.03;
2021-01-21 17:00:00;0.0;0.0;0.0;16.09;83.6;4.83;
2021-01-21 18:00:00;0.0;0.0;0.0;16.11;83.6;4.76;
2021-01-21 19:00:00;0.0;0.0;0.0;16.14;83.6;4.83;
2021-01-21 20:00:00;0.0;0.0;0.0;16.15;83.6;4.97;
2021-01-21 21:00:00;0.0;0.0;0.0;16.2;83.6;5.1;
2021-01-21 22:00:00;0.0;0.0;0.0;16.24;83.6;5.17;
2021-01-21 23:00:00;0.0;0.0;0.0;16.23;86.55;5.52;
2021-01-22 00:00:00;0.0;0.0;0.0;16.22;86.55;5.59;
2021-01-22 01:00:00;0.0;0.0;0.0;16.23;86.55;5.72;
2021-01-22 02:00:00;0.0;0.0;0.0;16.21;86.55;5.86;
2021-01-22 03:00:00;0.0;0.0;0.0;16.17;86.55;6.21;
2021-01-22 04:00:00;0.0;0.0;0.0;16.15;86.55;6.69;
2021-01-22 05:00:00;0.0;0.0;0.0;16.13;86.55;7.24;
2021-01-22 06:00:00;0.0;0.0;0.0;16.12;86.55;7.86;
2021-01-22 07:00:00;64.0;119.31;49.0;16.1;86.55;8.55;
2021-01-22 08:00:00;175.0;157.37;130.0;16.13;86.55;9.24;
2021-01-22 09:00:00;236.0;99.38;195.0;16.15;86.55;9.86;
2021-01-22 10:00:00;351.0;223.37;240.0;16.28;86.55;11.03;
2021-01-22 11:00:00;466.0;493.16;203.0;16.3;86.55;11.1;
2021-01-22 12:00:00;460.0;521.97;189.0;16.31;86.55;11.31;
2021-01-22 13:00:00;415.0;601.47;141.0;16.35;86.55;11.59;
2021-01-22 14:00:00;319.0;680.62;83.0;16.39;86.55;11.79;
2021-01-22 15:00:00;152.0;439.63;64.0;16.41;86.55;11.79;
2021-01-22 16:00:00;0.0;0.0;0.0;16.4;86.55;11.86;
2021-01-22 17:00:00;0.0;0.0;0.0;16.4;86.55;12.0;
2021-01-22 18:00:00;0.0;0.0;0.0;16.45;83.65;12.0;
2021-01-22 19:00:00;0.0;0.0;0.0;16.47;83.65;12.07;
2021-01-22 20:00:00;0.0;0.0;0.0;16.48;83.65;12.14;
2021-01-22 21:00:00;0.0;0.0;0.0;16.48;83.65;12.34;
2021-01-22 22:00:00;0.0;0.0;0.0;16.48;83.65;12.76;
2021-01-22 23:00:00;0.0;0.0;0.0;16.47;83.65;12.76;
2021-01-23 00:00:00;0.0;0.0;0.0;16.49;83.65;12.48;
2021-01-23 01:00:00;0.0;0.0;0.0;16.54;83.65;12.0;
2021-01-23 02:00:00;0.0;0.0;0.0;16.74;78.0;11.72;
2021-01-23 03:00:00;0.0;0.0;0.0;16.81;78.0;11.59;
2021-01-23 04:00:00;0.0;0.0;0.0;16.81;78.0;11.72;
2021-01-23 05:00:00;0.0;0.0;0.0;16.72;72.7;11.17;
2021-01-23 06:00:00;0.0;0.0;0.0;16.46;67.75;10.34;
2021-01-23 07:00:00;83.0;305.26;44.0;16.09;67.65;9.17;
2021-01-23 08:00:00;218.0;364.13;113.0;15.83;70.0;8.0;
2021-01-23 09:00:00;290.0;233.55;193.0;15.7;72.55;6.76;
2021-01-23 10:00:00;386.0;321.99;225.0;15.59;75.15;6.41;
2021-01-23 11:00:00;352.0;163.98;264.0;15.61;75.15;5.93;
2021-01-23 12:00:00;527.0;824.48;96.0;15.65;77.85;5.66;
2021-01-23 13:00:00;437.0;709.85;111.0;15.65;80.65;5.38;
2021-01-23 14:00:00;297.0;522.14;114.0;15.77;83.55;5.52;
2021-01-23 15:00:00;125.0;201.13;84.0;15.93;80.75;5.93;
2021-01-23 16:00:00;3.0;0.0;3.0;15.71;80.65;6.69;
2021-01-23 17:00:00;0.0;0.0;0.0;14.64;77.75;7.38;
2021-01-23 18:00:00;0.0;0.0;0.0;14.94;69.9;9.03;
2021-01-23 19:00:00;0.0;0.0;0.0;15.6;60.65;11.1;
2021-01-23 20:00:00;0.0;0.0;0.0;15.26;65.05;11.52;
2021-01-23 21:00:00;0.0;0.0;0.0;15.0;65.05;11.24;
2021-01-23 22:00:00;0.0;0.0;0.0;14.5;64.95;11.24;
2021-01-23 23:00:00;0.0;0.0;0.0;14.44;64.95;12.28;
2021-01-24 00:00:00;0.0;0.0;0.0;14.49;62.65;13.86;
2021-01-24 01:00:00;0.0;0.0;0.0;14.35;60.3;14.48;
2021-01-24 02:00:00;0.0;0.0;0.0;14.32;58.1;14.76;
2021-01-24 03:00:00;0.0;0.0;0.0;14.38;58.1;15.31;
2021-01-24 04:00:00;0.0;0.0;0.0;14.32;58.1;14.9;
2021-01-24 05:00:00;0.0;0.0;0.0;13.95;58.1;14.62;
2021-01-24 06:00:00;0.0;0.0;0.0;13.36;64.65;14.69;
2021-01-24 07:00:00;52.0;38.49;47.0;13.7;64.75;14.62;
2021-01-24 08:00:00;147.0;68.76;127.0;14.06;60.3;15.1;
2021-01-24 09:00:00;252.0;124.35;200.0;13.76;64.75;14.9;
2021-01-24 10:00:00;51.0;0.0;51.0;12.94;72.1;14.28;
2021-01-24 11:00:00;291.0;64.8;256.0;12.95;72.1;14.34;
2021-01-24 12:00:00;279.0;60.79;247.0;13.18;72.1;14.34;
2021-01-24 13:00:00;0.0;0.0;0.0;13.07;69.55;14.21;
2021-01-24 14:00:00;163.0;36.7;150.0;12.79;72.05;14.48;
2021-01-24 15:00:00;44.0;0.0;44.0;12.66;77.45;13.93;
2021-01-24 16:00:00;5.0;0.0;5.0;12.72;77.45;13.38;
2021-01-24 17:00:00;0.0;0.0;0.0;12.42;74.7;13.38;
2021-01-24 18:00:00;0.0;0.0;0.0;12.61;74.7;13.17;
2021-01-24 19:00:00;0.0;0.0;0.0;12.94;67.05;12.76;
2021-01-24 20:00:00;0.0;0.0;0.0;13.09;67.05;12.07;
2021-01-24 21:00:00;0.0;0.0;0.0;13.14;64.65;11.24;
2021-01-24 22:00:00;0.0;0.0;0.0;12.8;69.45;10.28;
2021-01-24 23:00:00;0.0;0.0;0.0;12.84;66.95;9.86;
2021-01-25 00:00:00;0.0;0.0;0.0;12.87;64.55;10.0;
2021-01-25 01:00:00;0.0;0.0;0.0;12.6;64.55;9.45;
2021-01-25 02:00:00;0.0;0.0;0.0;12.36;69.35;8.76;
2021-01-25 03:00:00;0.0;0.0;0.0;11.67;69.25;9.24;
2021-01-25 04:00:00;0.0;0.0;0.0;11.85;66.75;9.03;
2021-01-25 05:00:00;0.0;0.0;0.0;12.14;62.1;8.41;
2021-01-25 06:00:00;0.0;0.0;0.0;12.35;62.1;8.07;
2021-01-25 07:00:00;26.0;0.0;26.0;12.46;57.75;7.66;
2021-01-25 08:00:00;143.0;57.93;126.0;12.59;57.75;7.17;
2021-01-25 09:00:00;248.0;111.61;201.0;12.65;57.75;6.48;
2021-01-25 10:00:00;366.0;246.82;241.0;12.49;55.65;6.41;
2021-01-25 11:00:00;449.0;399.17;232.0;12.56;53.6;5.86;
2021-01-25 12:00:00;502.0;660.23;152.0;12.61;53.6;5.59;
2021-01-25 13:00:00;401.0;488.39;173.0;12.66;53.6;5.03;
2021-01-25 14:00:00;327.0;661.82;90.0;12.68;53.6;4.48;
2021-01-25 15:00:00;92.0;42.59;83.0;12.74;53.6;4.21;
2021-01-25 16:00:00;7.0;0.0;7.0;12.78;53.6;4.14;
2021-01-25 17:00:00;0.0;0.0;0.0;12.83;53.6;4.14;
2021-01-25 18:00:00;0.0;0.0;0.0;12.89;51.75;2.69;
2021-01-25 19:00:00;0.0;0.0;0.0;12.97;51.75;1.38;
2021-01-25 20:00:00;0.0;0.0;0.0;13.03;53.7;1.38;
2021-01-25 21:00:00;0.0;0.0;0.0;13.18;53.7;1.93;
2021-01-25 22:00:00;0.0;0.0;0.0;12.62;57.75;3.31;
2021-01-25 23:00:00;0.0;0.0;0.0;12.59;62.2;3.17;
2021-01-26 00:00:00;0.0;0.0;0.0;12.62;62.2;3.45;
2021-01-26 01:00:00;0.0;0.0;0.0;12.58;62.2;3.79;
2021-01-26 02:00:00;0.0;0.0;0.0;12.35;66.85;3.93;
2021-01-26 03:00:00;0.0;0.0;0.0;12.09;69.35;3.86;
2021-01-26 04:00:00;0.0;0.0;0.0;11.85;71.85;4.14;
2021-01-26 05:00:00;0.0;0.0;0.0;11.91;66.85;4.76;
2021-01-26 06:00:00;0.0;0.0;0.0;11.99;62.1;5.17;
2021-01-26 07:00:00;47.0;22.31;44.0;12.1;62.1;5.17;
2021-01-26 08:00:00;109.0;10.13;106.0;12.35;62.1;4.76;
2021-01-26 09:00:00;170.0;14.15;164.0;12.65;59.95;4.14;
2021-01-26 10:00:00;80.0;0.0;80.0;11.95;69.35;4.0;
2021-01-26 11:00:00;304.0;74.92;263.0;12.09;71.95;4.07;
2021-01-26 12:00:00;215.0;11.24;209.0;12.29;71.95;3.66;
2021-01-26 13:00:00;204.0;21.24;194.0;12.43;69.45;2.55;
2021-01-26 14:00:00;124.0;5.53;122.0;12.6;69.45;0.97;
2021-01-26 15:00:00;95.0;46.48;85.0;12.77;69.45;0.9;
2021-01-26 16:00:00;13.0;74.75;10.0;12.99;67.05;1.72;
2021-01-26 17:00:00;0.0;0.0;0.0;13.13;64.65;2.21;
2021-01-26 18:00:00;0.0;0.0;0.0;13.29;64.65;2.28;
2021-01-26 19:00:00;0.0;0.0;0.0;13.4;64.75;2.34;
2021-01-26 20:00:00;0.0;0.0;0.0;13.43;64.75;2.62;
2021-01-26 21:00:00;0.0;0.0;0.0;13.46;64.75;3.17;
2021-01-26 22:00:00;0.0;0.0;0.0;13.47;67.15;3.31;
2021-01-26 23:00:00;0.0;0.0;0.0;13.53;67.15;3.59;
2021-01-27 00:00:00;0.0;0.0;0.0;13.55;67.15;3.79;
2021-01-27 01:00:00;0.0;0.0;0.0;13.55;67.15;4.34;
2021-01-27 02:00:00;0.0;0.0;0.0;13.57;67.15;5.03;
2021-01-27 03:00:00;0.0;0.0;0.0;13.57;64.75;5.31;
2021-01-27 04:00:00;0.0;0.0;0.0;13.56;64.75;5.45;
2021-01-27 05:00:00;0.0;0.0;0.0;13.55;64.75;5.38;
2021-01-27 06:00:00;0.0;0.0;0.0;13.53;64.75;5.59;
2021-01-27 07:00:00;98.0;409.04;42.0;13.53;64.75;6.07;
2021-01-27 08:00:00;276.0;699.18;67.0;13.47;64.75;6.28;
2021-01-27 09:00:00;425.0;805.11;81.0;13.53;64.75;6.21;
2021-01-27 10:00:00;514.0;798.88;104.0;13.52;62.45;5.72;
2021-01-27 11:00:00;574.0;878.57;90.0;13.66;60.2;5.59;
2021-01-27 12:00:00;554.0;859.15;92.0;13.75;60.2;5.59;
2021-01-27 13:00:00;483.0;842.73;83.0;13.79;60.2;6.07;
2021-01-27 14:00:00;313.0;521.97;122.0;13.83;60.2;6.9;
2021-01-27 15:00:00;175.0;502.37;65.0;13.65;64.75;7.86;
2021-01-27 16:00:00;14.0;68.51;11.0;13.5;67.15;8.14;
2021-01-27 17:00:00;0.0;0.0;0.0;13.39;67.15;7.93;
2021-01-27 18:00:00;0.0;0.0;0.0;13.36;69.55;8.0;
2021-01-27 19:00:00;0.0;0.0;0.0;13.33;64.65;7.72;
2021-01-27 20:00:00;0.0;0.0;0.0;13.26;60.05;8.41;
2021-01-27 21:00:00;0.0;0.0;0.0;13.11;55.75;8.83;
2021-01-27 22:00:00;0.0;0.0;0.0;12.92;53.7;8.97;
2021-01-27 23:00:00;0.0;0.0;0.0;12.76;55.65;9.1;
2021-01-28 00:00:00;0.0;0.0;0.0;12.61;55.65;8.55;
2021-01-28 01:00:00;0.0;0.0;0.0;12.43;55.65;8.34;
2021-01-28 02:00:00;0.0;0.0;0.0;12.33;57.65;7.59;
2021-01-28 03:00:00;0.0;0.0;0.0;12.29;57.65;6.97;
2021-01-28 04:00:00;0.0;0.0;0.0;12.32;57.65;7.1;
2021-01-28 05:00:00;0.0;0.0;0.0;12.43;55.65;6.76;
2021-01-28 06:00:00;0.0;0.0;0.0;12.55;55.65;6.07;
2021-01-28 07:00:00;101.0;415.95;43.0;12.71;55.65;5.31;
2021-01-28 08:00:00;276.0;669.32;74.0;12.78;53.6;4.97;
2021-01-28 09:00:00;289.0;185.84;209.0;12.83;53.6;4.62;
2021-01-28 10:00:00;450.0;476.08;204.0;13.06;51.75;4.14;
2021-01-28 11:00:00;570.0;834.78;107.0;13.12;51.75;4.34;
2021-01-28 12:00:00;551.0;812.34;111.0;13.14;51.75;4.34;
2021-01-28 13:00:00;481.0;804.38;96.0;13.2;49.85;3.66;
2021-01-28 14:00:00;360.0;770.5;75.0;13.25;48.0;2.28;
2021-01-28 15:00:00;194.0;628.28;54.0;13.33;49.85;1.45;
2021-01-28 16:00:00;22.0;231.69;11.0;13.36;49.85;0.97;
2021-01-28 17:00:00;0.0;0.0;0.0;13.36;49.85;0.69;
2021-01-28 18:00:00;0.0;0.0;0.0;13.45;48.15;0.48;
2021-01-28 19:00:00;0.0;0.0;0.0;13.47;48.15;1.38;
2021-01-28 20:00:00;0.0;0.0;0.0;13.46;50.0;1.1;
2021-01-28 21:00:00;0.0;0.0;0.0;13.51;50.0;2.07;
2021-01-28 22:00:00;0.0;0.0;0.0;13.53;51.9;3.72;
2021-01-28 23:00:00;0.0;0.0;0.0;13.52;53.85;4.83;
2021-01-29 00:00:00;0.0;0.0;0.0;13.47;53.85;5.03;
2021-01-29 01:00:00;0.0;0.0;0.0;13.41;55.9;4.83;
2021-01-29 02:00:00;0.0;0.0;0.0;13.38;57.9;5.17;
2021-01-29 03:00:00;0.0;0.0;0.0;13.43;58.0;5.45;
2021-01-29 04:00:00;0.0;0.0;0.0;13.49;58.0;5.38;
2021-01-29 05:00:00;0.0;0.0;0.0;13.61;58.0;4.97;
2021-01-29 06:00:00;0.0;0.0;0.0;13.73;60.2;4.28;
2021-01-29 07:00:00;81.0;183.01;55.0;13.97;58.1;3.86;
2021-01-29 08:00:00;216.0;282.18;130.0;14.02;60.3;3.24;
2021-01-29 09:00:00;384.0;555.57;143.0;13.98;62.55;2.97;
2021-01-29 10:00:00;307.0;103.78;253.0;14.12;62.55;3.66;
2021-01-29 11:00:00;509.0;569.43;191.0;14.32;62.55;4.21;
2021-01-29 12:00:00;506.0;613.99;171.0;14.5;62.65;4.07;
2021-01-29 13:00:00;448.0;636.05;141.0;14.42;64.95;3.24;
2021-01-29 14:00:00;356.0;740.83;79.0;14.41;67.35;3.1;
2021-01-29 15:00:00;193.0;604.23;56.0;14.33;72.3;3.66;
2021-01-29 16:00:00;22.0;175.81;13.0;14.4;72.3;3.86;
2021-01-29 17:00:00;0.0;0.0;0.0;14.32;74.95;3.03;
2021-01-29 18:00:00;0.0;0.0;0.0;14.28;72.3;3.38;
2021-01-29 19:00:00;0.0;0.0;0.0;14.35;72.3;3.24;
2021-01-29 20:00:00;0.0;0.0;0.0;14.36;72.3;2.9;
2021-01-29 21:00:00;0.0;0.0;0.0;14.35;72.3;2.28;
2021-01-29 22:00:00;0.0;0.0;0.0;14.02;67.25;2.14;
2021-01-29 23:00:00;0.0;0.0;0.0;14.03;67.25;1.93;
2021-01-30 00:00:00;0.0;0.0;0.0;13.98;67.25;1.66;
2021-01-30 01:00:00;0.0;0.0;0.0;13.91;67.25;2.0;
2021-01-30 02:00:00;0.0;0.0;0.0;13.89;69.65;2.0;
2021-01-30 03:00:00;0.0;0.0;0.0;13.85;69.65;1.86;
2021-01-30 04:00:00;0.0;0.0;0.0;13.86;69.65;1.66;
2021-01-30 05:00:00;0.0;0.0;0.0;13.82;69.65;1.72;
2021-01-30 06:00:00;0.0;0.0;0.0;13.85;69.65;3.1;
2021-01-30 07:00:00;45.0;6.91;44.0;13.85;72.2;4.14;
2021-01-30 08:00:00;230.0;354.08;121.0;13.77;72.2;4.55;
2021-01-30 09:00:00;229.0;68.62;199.0;13.68;72.2;4.34;
2021-01-30 10:00:00;315.0;118.33;253.0;13.85;77.6;4.14;
2021-01-30 11:00:00;373.0;174.27;275.0;14.11;74.95;4.28;
2021-01-30 12:00:00;289.0;60.04;256.0;14.41;72.4;3.45;
2021-01-30 13:00:00;174.0;4.11;172.0;14.62;69.85;2.55;
2021-01-30 14:00:00;106.0;0.0;106.0;14.69;72.4;1.59;
2021-01-30 15:00:00;17.0;0.0;17.0;14.78;72.4;1.31;
2021-01-30 16:00:00;17.0;36.41;15.0;14.87;72.4;1.93;
2021-01-30 17:00:00;0.0;0.0;0.0;14.9;75.0;2.62;
2021-01-30 18:00:00;0.0;0.0;0.0;14.93;72.45;3.1;
2021-01-30 19:00:00;0.0;0.0;0.0;14.95;72.45;3.38;
2021-01-30 20:00:00;0.0;0.0;0.0;14.98;72.45;2.97;
2021-01-30 21:00:00;0.0;0.0;0.0;15.04;75.1;2.76;
2021-01-30 22:00:00;0.0;0.0;0.0;14.85;75.0;3.38;
2021-01-30 23:00:00;0.0;0.0;0.0;14.91;72.45;3.66;
2021-01-31 00:00:00;0.0;0.0;0.0;14.79;77.75;4.14;
2021-01-31 01:00:00;0.0;0.0;0.0;14.73;80.55;4.62;
2021-01-31 02:00:00;0.0;0.0;0.0;14.58;80.55;4.97;
2021-01-31 03:00:00;0.0;0.0;0.0;14.41;83.45;5.45;
2021-01-31 04:00:00;0.0;0.0;0.0;14.4;83.45;5.93;
2021-01-31 05:00:00;0.0;0.0;0.0;14.5;83.45;6.41;
2021-01-31 06:00:00;0.0;0.0;0.0;14.5;80.55;6.76;
2021-01-31 07:00:00;58.0;33.87;53.0;14.49;77.75;6.9;
2021-01-31 08:00:00;144.0;45.02;130.0;14.53;77.75;7.03;
2021-01-31 09:00:00;329.0;313.18;191.0;14.63;75.0;7.17;
2021-01-31 10:00:00;489.0;648.08;147.0;14.6;75.0;7.52;
2021-01-31 11:00:00;395.0;218.97;271.0;14.68;75.0;7.79;
2021-01-31 12:00:00;344.0;133.64;270.0;14.74;77.75;7.52;
2021-01-31 13:00:00;259.0;67.23;226.0;14.84;77.75;7.31;
2021-01-31 14:00:00;326.0;544.45;118.0;14.9;77.75;7.1;
2021-01-31 15:00:00;154.0;255.72;94.0;14.99;75.1;6.76;
2021-01-31 16:00:00;19.0;51.12;16.0;15.29;70.18;5.49;
2021-01-31 17:00:00;0.0;0.0;0.0;15.26;70.91;5.94;
2021-01-31 18:00:00;0.0;0.0;0.0;15.23;71.64;6.38;
2021-01-31 19:00:00;0.0;0.0;0.0;15.21;72.37;6.82;
2021-01-31 20:00:00;0.0;0.0;0.0;15.18;73.1;7.26;
2021-01-31 21:00:00;0.0;0.0;0.0;15.15;73.83;7.71;
2021-01-31 22:00:00;0.0;0.0;0.0;15.12;74.56;8.15;
2021-01-31 23:00:00;0.0;0.0;0.0;15.1;75.29;8.59;
2021-02-01 00:00:00;0.0;0.0;0.0;15.07;76.02;9.04;
2021-02-01 01:00:00;0.0;0.0;0.0;15.04;76.75;9.48;
2021-02-01 02:00:00;0.0;0.0;0.0;15.02;77.48;9.92;
2021-02-01 03:00:00;0.0;0.0;0.0;14.99;78.21;10.36;
2021-02-01 04:00:00;0.0;0.0;0.0;14.96;78.94;10.81;
2021-02-01 05:00:00;0.0;0.0;0.0;14.93;79.67;11.25;
2021-02-01 06:00:00;0.0;0.0;0.0;14.91;80.4;11.69;
2021-02-01 07:00:00;97.0;272.36;56.0;14.88;81.13;12.14;
2021-02-01 08:00:00;227.0;302.31;132.0;15.09;80.55;11.86;
2021-02-01 09:00:00;365.0;427.75;175.0;15.08;83.45;11.86;
2021-02-01 10:00:00;507.0;682.95;144.0;15.09;80.55;11.24;
2021-02-01 11:00:00;554.0;715.43;146.0;15.1;80.55;11.52;
2021-02-01 12:00:00;539.0;709.88;143.0;15.11;80.55;11.59;
2021-02-01 13:00:00;451.0;601.97;153.0;15.12;80.55;11.52;
2021-02-01 14:00:00;304.0;391.03;153.0;15.17;80.55;11.1;
2021-02-01 15:00:00;174.0;356.22;89.0;15.2;83.45;10.76;
2021-02-01 16:00:00;0.0;0.0;0.0;15.21;83.45;10.41;
2021-02-01 17:00:00;0.0;0.0;0.0;15.22;83.45;10.48;
2021-02-01 18:00:00;0.0;0.0;0.0;15.23;83.45;10.69;
2021-02-01 19:00:00;0.0;0.0;0.0;15.23;83.45;10.76;
2021-02-01 20:00:00;0.0;0.0;0.0;15.24;83.45;10.62;
2021-02-01 21:00:00;0.0;0.0;0.0;15.24;83.45;10.55;
2021-02-01 22:00:00;0.0;0.0;0.0;15.21;83.45;10.48;
2021-02-01 23:00:00;0.0;0.0;0.0;15.23;83.45;10.76;
2021-02-02 00:00:00;0.0;0.0;0.0;15.24;83.45;10.9;
2021-02-02 01:00:00;0.0;0.0;0.0;15.24;83.45;11.24;
2021-02-02 02:00:00;0.0;0.0;0.0;15.23;83.45;10.83;
2021-02-02 03:00:00;0.0;0.0;0.0;15.25;83.45;10.69;
2021-02-02 04:00:00;0.0;0.0;0.0;15.26;83.45;10.28;
2021-02-02 05:00:00;0.0;0.0;0.0;15.29;83.45;10.14;
2021-02-02 06:00:00;0.0;0.0;0.0;15.32;80.6;10.28;
2021-02-02 07:00:00;58.0;26.05;54.0;15.33;80.6;10.07;
2021-02-02 08:00:00;197.0;166.89;144.0;15.3;86.45;9.72;
2021-02-02 09:00:00;332.0;290.3;202.0;15.28;86.45;9.79;
2021-02-02 10:00:00;391.0;257.75;253.0;15.23;86.45;8.62;
2021-02-02 11:00:00;477.0;410.9;241.0;15.19;86.45;8.55;
2021-02-02 12:00:00;486.0;480.41;216.0;15.13;86.45;8.14;
2021-02-02 13:00:00;424.0;466.7;191.0;15.11;89.5;8.34;
2021-02-02 14:00:00;312.0;409.93;152.0;15.12;89.5;8.62;
2021-02-02 15:00:00;175.0;346.21;91.0;15.15;89.5;9.1;
2021-02-02 16:00:00;15.0;0.0;15.0;15.21;86.45;8.97;
2021-02-02 17:00:00;0.0;0.0;0.0;15.21;86.45;8.83;
2021-02-02 18:00:00;0.0;0.0;0.0;15.17;86.45;8.55;
2021-02-02 19:00:00;0.0;0.0;0.0;15.13;86.45;8.83;
2021-02-02 20:00:00;0.0;0.0;0.0;15.07;86.45;9.1;
2021-02-02 21:00:00;0.0;0.0;0.0;15.02;86.45;9.52;
2021-02-02 22:00:00;0.0;0.0;0.0;15.07;86.45;10.34;
2021-02-02 23:00:00;0.0;0.0;0.0;15.06;89.5;9.66;
2021-02-03 00:00:00;0.0;0.0;0.0;15.04;89.5;9.52;
2021-02-03 01:00:00;0.0;0.0;0.0;15.02;89.5;8.76;
2021-02-03 02:00:00;0.0;0.0;0.0;14.99;89.5;8.34;
2021-02-03 03:00:00;0.0;0.0;0.0;14.95;89.5;8.07;
2021-02-03 04:00:00;0.0;0.0;0.0;14.91;89.5;7.86;
2021-02-03 05:00:00;0.0;0.0;0.0;14.93;89.5;7.59;
2021-02-03 06:00:00;0.0;0.0;0.0;14.96;89.5;7.24;
2021-02-03 07:00:00;93.0;204.28;61.0;14.95;89.5;6.76;
2021-02-03 08:00:00;241.0;348.92;129.0;14.91;89.5;6.41;
2021-02-03 09:00:00;285.0;152.82;216.0;14.88;89.5;6.41;
2021-02-03 10:00:00;399.0;270.7;253.0;14.89;89.5;5.79;
2021-02-03 11:00:00;421.0;248.93;277.0;14.86;89.5;5.72;
2021-02-03 12:00:00;473.0;427.37;231.0;14.79;89.5;5.31;
2021-02-03 13:00:00;411.0;407.16;206.0;14.77;89.5;4.69;
2021-02-03 14:00:00;340.0;539.94;127.0;14.79;86.45;4.14;
2021-02-03 15:00:00;168.0;279.74;99.0;14.83;86.45;3.79;
2021-02-03 16:00:00;15.0;0.0;15.0;14.94;86.45;3.72;
2021-02-03 17:00:00;0.0;0.0;0.0;15.03;83.45;4.07;
2021-02-03 18:00:00;0.0;0.0;0.0;15.12;86.45;4.55;
2021-02-03 19:00:00;0.0;0.0;0.0;15.18;86.45;5.17;
2021-02-03 20:00:00;0.0;0.0;0.0;15.22;83.45;5.45;
2021-02-03 21:00:00;0.0;0.0;0.0;15.27;83.45;5.79;
2021-02-03 22:00:00;0.0;0.0;0.0;15.53;80.6;6.48;
2021-02-03 23:00:00;0.0;0.0;0.0;15.66;80.6;6.9;
2021-02-04 00:00:00;0.0;0.0;0.0;15.7;80.6;7.31;
2021-02-04 01:00:00;0.0;0.0;0.0;15.73;80.6;8.07;
2021-02-04 02:00:00;0.0;0.0;0.0;15.8;80.6;8.76;
2021-02-04 03:00:00;0.0;0.0;0.0;15.83;77.85;8.97;
2021-02-04 04:00:00;0.0;0.0;0.0;15.84;77.85;8.55;
2021-02-04 05:00:00;0.0;0.0;0.0;15.86;77.85;8.21;
2021-02-04 06:00:00;0.0;0.0;0.0;15.89;77.85;7.93;
2021-02-04 07:00:00;62.0;31.28;57.0;15.81;80.6;7.79;
2021-02-04 08:00:00;214.0;212.64;145.0;15.68;80.6;8.28;
2021-02-04 09:00:00;202.0;26.36;190.0;15.58;80.6;8.07;
2021-02-04 10:00:00;227.0;14.72;219.0;15.62;80.6;8.69;
2021-02-04 11:00:00;337.0;92.68;283.0;15.62;80.6;9.1;
2021-02-04 12:00:00;280.0;40.31;257.0;15.51;80.6;9.38;
2021-02-04 13:00:00;254.0;49.23;229.0;15.46;80.6;9.45;
2021-02-04 14:00:00;203.0;62.71;178.0;15.45;80.6;8.97;
2021-02-04 15:00:00;127.0;83.76;106.0;15.56;80.6;8.9;
2021-02-04 16:00:00;17.0;0.0;17.0;15.9;77.85;8.69;
2021-02-04 17:00:00;0.0;0.0;0.0;16.28;77.85;8.9;
2021-02-04 18:00:00;0.0;0.0;0.0;16.48;75.25;9.45;
2021-02-04 19:00:00;0.0;0.0;0.0;16.37;75.25;9.93;
2021-02-04 20:00:00;0.0;0.0;0.0;16.02;77.85;9.52;
2021-02-04 21:00:00;0.0;0.0;0.0;15.75;80.6;9.03;
2021-02-04 22:00:00;0.0;0.0;0.0;15.7;80.6;7.93;
2021-02-04 23:00:00;0.0;0.0;0.0;15.61;83.5;8.07;
2021-02-05 00:00:00;0.0;0.0;0.0;15.56;83.5;8.83;
2021-02-05 01:00:00;0.0;0.0;0.0;15.53;83.5;9.03;
2021-02-05 02:00:00;0.0;0.0;0.0;15.51;83.5;8.9;
2021-02-05 03:00:00;0.0;0.0;0.0;15.5;83.5;8.55;
2021-02-05 04:00:00;0.0;0.0;0.0;15.52;83.5;8.62;
2021-02-05 05:00:00;0.0;0.0;0.0;15.54;83.5;8.83;
2021-02-05 06:00:00;0.0;0.0;0.0;15.57;80.6;8.55;
2021-02-05 07:00:00;63.0;30.65;58.0;15.58;80.6;7.79;
2021-02-05 08:00:00;159.0;57.91;140.0;15.48;80.6;6.97;
2021-02-05 09:00:00;400.0;531.4;156.0;15.31;86.45;6.97;
2021-02-05 10:00:00;366.0;182.67;266.0;15.37;80.6;8.41;
2021-02-05 11:00:00;521.0;528.2;211.0;15.37;80.6;9.1;
2021-02-05 12:00:00;517.0;558.42;196.0;15.39;80.6;9.31;
2021-02-05 13:00:00;434.0;466.72;195.0;15.35;80.6;8.97;
2021-02-05 14:00:00;316.0;384.69;161.0;15.25;86.45;8.0;
2021-02-05 15:00:00;171.0;262.98;104.0;15.23;86.45;7.45;
2021-02-05 16:00:00;34.0;115.75;25.0;15.28;86.45;7.45;
2021-02-05 17:00:00;0.0;0.0;0.0;15.37;83.5;7.59;
2021-02-05 18:00:00;0.0;0.0;0.0;15.48;83.5;7.31;
2021-02-05 19:00:00;0.0;0.0;0.0;15.53;83.5;7.24;
2021-02-05 20:00:00;0.0;0.0;0.0;15.46;80.6;6.28;
2021-02-05 21:00:00;0.0;0.0;0.0;13.96;86.4;12.07;
2021-02-05 22:00:00;0.0;0.0;0.0;13.57;77.6;16.07;
2021-02-05 23:00:00;0.0;0.0;0.0;13.6;77.6;15.66;
2021-02-06 00:00:00;0.0;0.0;0.0;12.32;86.25;14.9;
2021-02-06 01:00:00;0.0;0.0;0.0;13.23;74.75;15.38;
2021-02-06 02:00:00;0.0;0.0;0.0;12.7;72.05;16.55;
2021-02-06 03:00:00;0.0;0.0;0.0;11.86;80.2;15.31;
2021-02-06 04:00:00;0.0;0.0;0.0;11.66;83.1;14.55;
2021-02-06 05:00:00;0.0;0.0;0.0;11.73;86.15;15.31;
2021-02-06 06:00:00;0.0;0.0;0.0;12.48;74.7;14.76;
2021-02-06 07:00:00;87.0;120.13;67.0;12.91;67.05;14.9;
2021-02-06 08:00:00;254.0;361.72;134.0;12.52;72.05;15.45;
2021-02-06 09:00:00;151.0;2.16;150.0;12.37;69.45;15.72;
2021-02-06 10:00:00;392.0;226.62;267.0;13.16;64.65;16.21;
2021-02-06 11:00:00;517.0;483.78;231.0;12.75;66.95;14.76;
2021-02-06 12:00:00;259.0;22.45;246.0;12.72;69.45;14.14;
2021-02-06 13:00:00;87.0;0.0;87.0;12.85;67.05;14.62;
2021-02-06 14:00:00;218.0;76.14;187.0;12.53;72.05;14.97;
2021-02-06 15:00:00;132.0;81.13;111.0;12.33;74.7;15.45;
2021-02-06 16:00:00;38.0;147.04;26.0;12.06;80.2;15.31;
2021-02-06 17:00:00;0.0;0.0;0.0;12.58;83.25;14.48;
2021-02-06 18:00:00;0.0;0.0;0.0;13.01;80.35;12.97;
2021-02-06 19:00:00;0.0;0.0;0.0;12.95;77.5;11.66;
2021-02-06 20:00:00;0.0;0.0;0.0;12.73;80.3;10.76;
2021-02-06 21:00:00;0.0;0.0;0.0;12.63;80.3;10.62;
2021-02-06 22:00:00;0.0;0.0;0.0;12.89;80.35;10.97;
2021-02-06 23:00:00;0.0;0.0;0.0;13.05;80.35;11.31;
2021-02-07 00:00:00;0.0;0.0;0.0;13.27;80.35;12.0;
2021-02-07 01:00:00;0.0;0.0;0.0;13.26;80.35;13.59;
2021-02-07 02:00:00;0.0;0.0;0.0;13.21;83.25;15.1;
2021-02-07 03:00:00;0.0;0.0;0.0;13.38;80.4;15.52;
2021-02-07 04:00:00;0.0;0.0;0.0;13.26;86.3;15.45;
2021-02-07 05:00:00;0.0;0.0;0.0;12.96;86.3;15.24;
2021-02-07 06:00:00;0.0;0.0;0.0;12.99;86.3;14.55;
2021-02-07 07:00:00;79.0;70.61;67.0;13.46;83.35;13.86;
2021-02-07 08:00:00;155.0;41.73;141.0;13.5;80.4;13.03;
2021-02-07 09:00:00;411.0;541.65;158.0;13.68;77.6;12.0;
2021-02-07 10:00:00;337.0;116.95;272.0;13.59;77.6;12.69;
2021-02-07 11:00:00;514.0;468.5;235.0;13.59;77.6;10.97;
2021-02-07 12:00:00;581.0;777.96;127.0;13.7;77.6;9.66;
2021-02-07 13:00:00;504.0;729.66;124.0;13.9;72.3;8.97;
2021-02-07 14:00:00;349.0;500.69;143.0;14.01;72.3;8.62;
2021-02-07 15:00:00;157.0;163.53;114.0;14.09;72.3;8.28;
2021-02-07 16:00:00;15.0;0.0;15.0;14.15;72.3;7.93;
2021-02-07 17:00:00;0.0;0.0;0.0;14.17;72.3;7.72;
2021-02-07 18:00:00;0.0;0.0;0.0;14.19;72.3;7.59;
2021-02-07 19:00:00;0.0;0.0;0.0;14.18;72.3;7.24;
2021-02-07 20:00:00;0.0;0.0;0.0;14.12;72.3;6.48;
2021-02-07 21:00:00;0.0;0.0;0.0;14.09;72.3;5.59;
2021-02-07 22:00:00;0.0;0.0;0.0;14.15;69.75;4.34;
2021-02-07 23:00:00;0.0;0.0;0.0;14.1;69.75;3.79;
2021-02-08 00:00:00;0.0;0.0;0.0;14.09;72.3;3.31;
2021-02-08 01:00:00;0.0;0.0;0.0;14.07;72.3;3.03;
2021-02-08 02:00:00;0.0;0.0;0.0;14.07;74.95;2.62;
2021-02-08 03:00:00;0.0;0.0;0.0;14.06;74.95;1.79;
2021-02-08 04:00:00;0.0;0.0;0.0;14.06;74.95;1.52;
2021-02-08 05:00:00;0.0;0.0;0.0;14.12;74.95;2.28;
2021-02-08 06:00:00;0.0;0.0;0.0;14.12;74.95;1.86;
2021-02-08 07:00:00;66.0;28.82;61.0;14.13;74.95;1.1;
2021-02-08 08:00:00;101.0;2.95;100.0;14.03;74.95;1.72;
2021-02-08 09:00:00;218.0;33.96;202.0;14.1;74.95;2.83;
2021-02-08 10:00:00;100.0;0.0;100.0;13.8;80.45;5.1;
2021-02-08 11:00:00;420.0;213.37;292.0;13.94;80.45;6.41;
2021-02-08 12:00:00;303.0;52.72;272.0;14.1;83.4;6.97;
2021-02-08 13:00:00;262.0;47.6;237.0;13.83;83.4;7.17;
2021-02-08 14:00:00;142.0;4.81;140.0;13.89;83.4;6.97;
2021-02-08 15:00:00;104.0;22.47;98.0;13.72;86.35;6.9;
2021-02-08 16:00:00;10.0;0.0;10.0;13.55;86.35;6.83;
2021-02-08 17:00:00;0.0;0.0;0.0;13.45;86.35;7.17;
2021-02-08 18:00:00;0.0;0.0;0.0;13.44;83.35;7.24;
2021-02-08 19:00:00;0.0;0.0;0.0;13.75;80.4;5.86;
2021-02-08 20:00:00;0.0;0.0;0.0;13.76;74.85;5.17;
2021-02-08 21:00:00;0.0;0.0;0.0;13.46;72.2;6.28;
2021-02-08 22:00:00;0.0;0.0;0.0;12.21;77.35;9.1;
2021-02-08 23:00:00;0.0;0.0;0.0;11.6;74.55;6.48;
2021-02-09 00:00:00;0.0;0.0;0.0;11.02;77.2;5.17;
2021-02-09 01:00:00;0.0;0.0;0.0;10.9;77.2;3.86;
2021-02-09 02:00:00;0.0;0.0;0.0;10.73;77.15;4.41;
2021-02-09 03:00:00;0.0;0.0;0.0;10.48;74.4;5.72;
2021-02-09 04:00:00;0.0;0.0;0.0;10.56;74.4;5.1;
2021-02-09 05:00:00;0.0;0.0;0.0;10.84;71.75;4.07;
2021-02-09 06:00:00;0.0;0.0;0.0;11.06;71.75;3.38;
2021-02-09 07:00:00;15.0;0.0;15.0;11.34;71.85;4.69;
2021-02-09 08:00:00;76.0;0.0;76.0;11.45;69.25;5.52;
2021-02-09 09:00:00;65.0;0.0;65.0;11.61;66.75;5.66;
2021-02-09 10:00:00;75.0;0.0;75.0;11.66;66.75;6.21;
2021-02-09 11:00:00;70.0;0.0;70.0;11.91;64.45;4.34;
2021-02-09 12:00:00;273.0;27.01;257.0;12.09;64.45;2.55;
2021-02-09 13:00:00;280.0;64.2;246.0;12.24;64.45;1.31;
2021-02-09 14:00:00;153.0;7.14;150.0;12.41;62.2;0.97;
2021-02-09 15:00:00;132.0;66.38;114.0;12.82;62.3;2.21;
2021-02-09 16:00:00;38.0;75.09;31.0;12.86;62.3;3.24;
2021-02-09 17:00:00;0.0;0.0;0.0;12.83;64.65;3.79;
2021-02-09 18:00:00;0.0;0.0;0.0;12.78;66.95;3.66;
2021-02-09 19:00:00;0.0;0.0;0.0;12.68;66.95;3.1;
2021-02-09 20:00:00;0.0;0.0;0.0;12.57;66.95;2.83;
2021-02-09 21:00:00;0.0;0.0;0.0;12.47;69.45;3.03;
2021-02-09 22:00:00;0.0;0.0;0.0;12.04;74.6;2.07;
2021-02-09 23:00:00;0.0;0.0;0.0;11.94;77.35;1.45;
2021-02-10 00:00:00;0.0;0.0;0.0;11.87;77.35;1.86;
2021-02-10 01:00:00;0.0;0.0;0.0;11.89;77.35;1.93;
2021-02-10 02:00:00;0.0;0.0;0.0;11.84;80.2;2.28;
2021-02-10 03:00:00;0.0;0.0;0.0;11.92;80.2;3.1;
2021-02-10 04:00:00;0.0;0.0;0.0;12.01;80.2;3.45;
2021-02-10 05:00:00;0.0;0.0;0.0;12.11;77.35;3.1;
2021-02-10 06:00:00;0.0;0.0;0.0;12.36;72.05;2.83;
2021-02-10 07:00:00;111.0;210.17;73.0;12.56;72.05;2.76;
2021-02-10 08:00:00;317.0;659.6;88.0;12.71;72.05;2.48;
2021-02-10 09:00:00;472.0;769.57;103.0;12.89;67.05;2.0;
2021-02-10 10:00:00;576.0;812.36;114.0;12.32;72.05;1.24;
2021-02-10 11:00:00;644.0;901.81;95.0;12.41;72.05;1.31;
2021-02-10 12:00:00;612.0;837.59;112.0;12.62;72.05;2.34;
2021-02-10 13:00:00;544.0;835.14;98.0;12.93;72.1;2.76;
2021-02-10 14:00:00;410.0;747.05;93.0;13.26;72.1;3.17;
2021-02-10 15:00:00;237.0;592.08;74.0;13.57;69.65;3.38;
2021-02-10 16:00:00;56.0;247.15;32.0;13.82;64.85;3.45;
2021-02-10 17:00:00;0.0;0.0;0.0;14.0;62.55;3.1;
2021-02-10 18:00:00;0.0;0.0;0.0;14.09;62.55;2.9;
2021-02-10 19:00:00;0.0;0.0;0.0;14.1;64.85;3.17;
2021-02-10 20:00:00;0.0;0.0;0.0;14.07;64.85;3.52;
2021-02-10 21:00:00;0.0;0.0;0.0;14.06;64.85;3.45;
2021-02-10 22:00:00;0.0;0.0;0.0;13.73;74.85;2.0;
2021-02-10 23:00:00;0.0;0.0;0.0;13.76;72.2;2.14;
2021-02-11 00:00:00;0.0;0.0;0.0;13.76;72.2;2.28;
2021-02-11 01:00:00;0.0;0.0;0.0;13.77;72.2;2.14;
2021-02-11 02:00:00;0.0;0.0;0.0;13.74;72.2;2.07;
2021-02-11 03:00:00;0.0;0.0;0.0;13.73;72.2;2.07;
2021-02-11 04:00:00;0.0;0.0;0.0;13.72;72.2;2.07;
2021-02-11 05:00:00;0.0;0.0;0.0;13.68;72.2;2.07;
2021-02-11 06:00:00;0.0;0.0;0.0;13.65;72.2;1.93;
2021-02-11 07:00:00;142.0;465.89;56.0;13.65;72.2;2.07;
2021-02-11 08:00:00;319.0;652.01;90.0;13.53;74.85;2.41;
2021-02-11 09:00:00;463.0;713.19;118.0;13.23;80.35;2.76;
2021-02-11 10:00:00;577.0;800.87;118.0;13.6;77.6;4.28;
2021-02-11 11:00:00;631.0;843.01;114.0;13.68;77.6;4.69;
2021-02-11 12:00:00;590.0;731.54;150.0;13.73;77.6;5.1;
2021-02-11 13:00:00;502.0;636.96;159.0;13.74;77.6;5.52;
2021-02-11 14:00:00;366.0;501.57;151.0;13.77;77.6;5.93;
2021-02-11 15:00:00;224.0;472.39;92.0;13.84;77.65;6.34;
2021-02-11 16:00:00;61.0;287.15;32.0;13.91;77.65;6.69;
2021-02-11 17:00:00;0.0;0.0;0.0;13.97;77.65;6.9;
2021-02-11 18:00:00;0.0;0.0;0.0;14.04;77.65;7.1;
2021-02-11 19:00:00;0.0;0.0;0.0;14.09;77.65;7.24;
2021-02-11 20:00:00;0.0;0.0;0.0;14.14;77.65;7.59;
2021-02-11 21:00:00;0.0;0.0;0.0;14.19;77.65;7.93;
2021-02-11 22:00:00;0.0;0.0;0.0;14.34;72.4;8.62;
2021-02-11 23:00:00;0.0;0.0;0.0;14.36;72.4;9.1;
2021-02-12 00:00:00;0.0;0.0;0.0;14.36;72.4;9.31;
2021-02-12 01:00:00;0.0;0.0;0.0;14.36;72.4;9.31;
2021-02-12 02:00:00;0.0;0.0;0.0;14.39;72.4;9.31;
2021-02-12 03:00:00;0.0;0.0;0.0;14.36;75.0;9.31;
2021-02-12 04:00:00;0.0;0.0;0.0;14.29;77.65;9.24;
2021-02-12 05:00:00;0.0;0.0;0.0;14.21;77.65;9.38;
2021-02-12 06:00:00;0.0;0.0;0.0;14.17;77.65;9.59;
2021-02-12 07:00:00;120.0;238.78;75.0;14.15;77.65;9.66;
2021-02-12 08:00:00;306.0;540.34;114.0;14.2;77.65;9.66;
2021-02-12 09:00:00;462.0;680.25;130.0;14.3;77.65;9.66;
2021-02-12 10:00:00;581.0;798.15;120.0;14.6;69.85;9.93;
2021-02-12 11:00:00;643.0;862.71;110.0;14.73;69.85;9.93;
2021-02-12 12:00:00;538.0;509.89;229.0;14.85;69.85;10.0;
2021-02-12 13:00:00;463.0;456.75;215.0;14.88;72.4;9.79;
2021-02-12 14:00:00;401.0;658.22;116.0;14.98;72.4;9.38;
2021-02-12 15:00:00;233.0;507.82;89.0;15.07;72.4;9.24;
2021-02-12 16:00:00;65.0;314.65;32.0;15.08;75.0;9.03;
2021-02-12 17:00:00;0.0;0.0;0.0;15.06;75.0;8.69;
2021-02-12 18:00:00;0.0;0.0;0.0;14.95;77.75;8.55;
2021-02-12 19:00:00;0.0;0.0;0.0;14.8;77.75;8.48;
2021-02-12 20:00:00;0.0;0.0;0.0;14.69;80.55;8.55;
2021-02-12 21:00:00;0.0;0.0;0.0;14.56;80.55;8.76;
2021-02-12 22:00:00;0.0;0.0;0.0;14.48;80.55;9.1;
2021-02-12 23:00:00;0.0;0.0;0.0;14.42;80.55;9.17;
2021-02-13 00:00:00;0.0;0.0;0.0;14.43;80.55;8.97;
2021-02-13 01:00:00;0.0;0.0;0.0;14.45;80.55;8.76;
2021-02-13 02:00:00;0.0;0.0;0.0;14.39;80.55;8.76;
2021-02-13 03:00:00;0.0;0.0;0.0;14.28;83.4;8.76;
2021-02-13 04:00:00;0.0;0.0;0.0;14.13;83.4;8.69;
2021-02-13 05:00:00;0.0;0.0;0.0;14.03;80.45;8.76;
2021-02-13 06:00:00;0.0;0.0;0.0;13.91;80.45;8.69;
2021-02-13 07:00:00;148.0;462.59;59.0;13.81;80.45;8.9;
2021-02-13 08:00:00;324.0;639.76;94.0;13.78;83.35;9.17;
2021-02-13 09:00:00;421.0;477.22;186.0;13.89;77.65;9.03;
2021-02-13 10:00:00;574.0;750.74;137.0;14.28;77.65;9.1;
2021-02-13 11:00:00;632.0;812.99;126.0;14.54;75.0;8.97;
2021-02-13 12:00:00;553.0;553.57;215.0;14.72;77.75;9.1;
2021-02-13 13:00:00;441.0;376.29;235.0;14.91;77.75;9.17;
2021-02-13 14:00:00;401.0;642.54;120.0;15.05;80.55;9.31;
2021-02-13 15:00:00;220.0;396.25;106.0;15.19;80.55;9.24;
2021-02-13 16:00:00;69.0;331.0;33.0;15.23;83.45;9.24;
2021-02-13 17:00:00;0.0;0.0;0.0;15.19;83.45;9.1;
2021-02-13 18:00:00;0.0;0.0;0.0;15.06;83.45;9.03;
2021-02-13 19:00:00;0.0;0.0;0.0;14.93;83.45;8.9;
2021-02-13 20:00:00;0.0;0.0;0.0;14.82;83.45;9.1;
2021-02-13 21:00:00;0.0;0.0;0.0;14.73;83.45;9.45;
2021-02-13 22:00:00;0.0;0.0;0.0;14.56;83.45;8.97;
2021-02-13 23:00:00;0.0;0.0;0.0;14.45;83.45;8.83;
2021-02-14 00:00:00;0.0;0.0;0.0;14.27;86.4;8.9;
2021-02-14 01:00:00;0.0;0.0;0.0;14.12;83.4;9.1;
2021-02-14 02:00:00;0.0;0.0;0.0;13.99;83.4;9.31;
2021-02-14 03:00:00;0.0;0.0;0.0;13.94;83.4;9.52;
2021-02-14 04:00:00;0.0;0.0;0.0;13.93;80.45;9.17;
2021-02-14 05:00:00;0.0;0.0;0.0;13.95;77.65;8.69;
2021-02-14 06:00:00;0.0;0.0;0.0;13.98;77.65;8.07;
2021-02-14 07:00:00;74.0;25.46;69.0;14.05;77.65;7.72;
2021-02-14 08:00:00;234.0;186.94;166.0;14.07;77.65;7.31;
2021-02-14 09:00:00;467.0;672.22;133.0;14.16;77.65;6.97;
2021-02-14 10:00:00;554.0;652.87;171.0;14.45;72.4;7.38;
2021-02-14 11:00:00;630.0;795.86;131.0;14.69;72.4;7.31;
2021-02-14 12:00:00;589.0;676.24;173.0;14.85;72.4;6.28;
2021-02-14 13:00:00;502.0;587.01;178.0;14.93;72.4;5.24;
2021-02-14 14:00:00;419.0;720.0;101.0;15.0;75.0;4.34;
2021-02-14 15:00:00;216.0;352.95;113.0;14.98;75.0;3.31;
2021-02-14 16:00:00;74.0;346.22;35.0;14.91;77.75;2.41;
2021-02-14 17:00:00;0.0;0.0;0.0;14.83;80.55;1.86;
2021-02-14 18:00:00;0.0;0.0;0.0;14.79;83.45;1.59;
2021-02-14 19:00:00;0.0;0.0;0.0;14.75;83.45;1.31;
2021-02-14 20:00:00;0.0;0.0;0.0;14.68;83.45;1.31;
2021-02-14 21:00:00;0.0;0.0;0.0;14.56;83.45;1.72;
2021-02-14 22:00:00;0.0;0.0;0.0;14.09;83.4;1.52;
2021-02-14 23:00:00;0.0;0.0;0.0;14.03;80.45;2.0;
2021-02-15 00:00:00;0.0;0.0;0.0;14.03;80.45;2.21;
2021-02-15 01:00:00;0.0;0.0;0.0;13.96;80.45;2.21;
2021-02-15 02:00:00;0.0;0.0;0.0;13.92;80.45;1.93;
2021-02-15 03:00:00;0.0;0.0;0.0;13.9;80.45;1.72;
2021-02-15 04:00:00;0.0;0.0;0.0;13.88;77.65;1.66;
2021-02-15 05:00:00;0.0;0.0;0.0;13.73;80.4;1.66;
2021-02-15 06:00:00;0.0;0.0;0.0;13.64;80.4;1.79;
2021-02-15 07:00:00;138.0;314.22;75.0;13.69;77.6;2.14;
2021-02-15 08:00:00;322.0;570.55;112.0;13.65;77.6;2.48;
2021-02-15 09:00:00;484.0;734.04;116.0;13.62;74.85;2.62;
2021-02-15 10:00:00;583.0;752.66;138.0;13.54;80.4;1.45;
2021-02-15 11:00:00;627.0;755.19;150.0;13.58;80.4;1.17;
2021-02-15 12:00:00;579.0;616.36;197.0;13.54;77.6;0.9;
2021-02-15 13:00:00;506.0;578.66;184.0;13.53;77.6;0.41;
2021-02-15 14:00:00;391.0;551.56;145.0;13.56;77.6;0.21;
2021-02-15 15:00:00;249.0;550.75;86.0;13.62;77.6;0.83;
2021-02-15 16:00:00;72.0;300.36;37.0;13.67;77.6;1.52;
2021-02-15 17:00:00;0.0;0.0;0.0;13.68;77.6;2.28;
2021-02-15 18:00:00;0.0;0.0;0.0;13.79;77.6;2.9;
2021-02-15 19:00:00;0.0;0.0;0.0;13.92;74.95;3.38;
2021-02-15 20:00:00;0.0;0.0;0.0;13.99;74.95;3.72;
2021-02-15 21:00:00;0.0;0.0;0.0;14.03;72.3;3.86;
2021-02-15 22:00:00;0.0;0.0;0.0;14.02;62.55;3.86;
2021-02-15 23:00:00;0.0;0.0;0.0;13.91;62.55;4.14;
2021-02-16 00:00:00;0.0;0.0;0.0;13.81;60.3;4.14;
2021-02-16 01:00:00;0.0;0.0;0.0;13.68;62.45;3.86;
2021-02-16 02:00:00;0.0;0.0;0.0;13.58;62.45;3.52;
2021-02-16 03:00:00;0.0;0.0;0.0;13.46;62.45;3.31;
2021-02-16 04:00:00;0.0;0.0;0.0;13.4;64.75;3.52;
2021-02-16 05:00:00;0.0;0.0;0.0;13.28;67.05;3.66;
2021-02-16 06:00:00;0.0;0.0;0.0;13.19;67.05;3.66;
2021-02-16 07:00:00;79.0;24.43;74.0;13.11;67.05;3.66;
2021-02-16 08:00:00;177.0;42.96;161.0;12.97;67.05;3.66;
2021-02-16 09:00:00;397.0;338.03;226.0;12.88;67.05;3.72;
2021-02-16 10:00:00;439.0;250.06;290.0;12.8;69.55;3.45;
2021-02-16 11:00:00;639.0;760.66;155.0;12.85;67.05;3.17;
2021-02-16 12:00:00;642.0;829.62;124.0;12.91;67.05;2.9;
2021-02-16 13:00:00;574.0;830.71;108.0;12.98;64.65;2.9;
2021-02-16 14:00:00;441.0;761.63;98.0;13.1;64.65;3.1;
2021-02-16 15:00:00;268.0;636.49;77.0;13.19;64.65;3.03;
2021-02-16 16:00:00;79.0;348.84;37.0;13.28;64.65;3.17;
2021-02-16 17:00:00;0.0;0.0;0.0;13.34;64.75;3.31;
2021-02-16 18:00:00;0.0;0.0;0.0;13.42;64.75;3.52;
2021-02-16 19:00:00;0.0;0.0;0.0;13.45;64.75;3.45;
2021-02-16 20:00:00;0.0;0.0;0.0;13.46;64.75;3.24;
2021-02-16 21:00:00;0.0;0.0;0.0;13.46;64.75;2.76;
2021-02-16 22:00:00;0.0;0.0;0.0;13.46;69.65;2.9;
2021-02-16 23:00:00;0.0;0.0;0.0;13.41;69.65;2.28;
2021-02-17 00:00:00;0.0;0.0;0.0;13.37;69.65;1.66;
2021-02-17 01:00:00;0.0;0.0;0.0;13.34;72.2;1.1;
2021-02-17 02:00:00;0.0;0.0;0.0;13.33;72.2;1.03;
2021-02-17 03:00:00;0.0;0.0;0.0;13.27;74.75;1.17;
2021-02-17 04:00:00;0.0;0.0;0.0;13.27;72.1;1.17;
2021-02-17 05:00:00;0.0;0.0;0.0;13.28;72.1;1.03;
2021-02-17 06:00:00;0.0;0.0;0.0;13.24;72.1;0.97;
2021-02-17 07:00:00;147.0;325.55;79.0;13.22;72.1;1.03;
2021-02-17 08:00:00;276.0;289.23;167.0;13.01;72.1;1.31;
2021-02-17 09:00:00;326.0;148.89;250.0;12.98;72.1;1.59;
2021-02-17 10:00:00;436.0;236.46;294.0;13.13;72.1;1.72;
2021-02-17 11:00:00;506.0;321.39;300.0;13.2;72.1;2.41;
2021-02-17 12:00:00;383.0;109.7;314.0;13.21;72.1;2.62;
2021-02-17 13:00:00;454.0;358.99;251.0;13.2;72.1;2.48;
2021-02-17 14:00:00;440.0;741.16;103.0;13.22;72.1;2.48;
2021-02-17 15:00:00;258.0;545.69;92.0;13.25;72.1;2.83;
2021-02-17 16:00:00;85.0;378.21;38.0;13.25;72.1;3.31;
2021-02-17 17:00:00;0.0;0.0;0.0;13.32;69.65;3.72;
2021-02-17 18:00:00;0.0;0.0;0.0;13.39;69.65;3.79;
2021-02-17 19:00:00;0.0;0.0;0.0;13.47;69.65;3.79;
2021-02-17 20:00:00;0.0;0.0;0.0;13.58;69.65;3.45;
2021-02-17 21:00:00;0.0;0.0;0.0;13.68;69.65;3.03;
2021-02-17 22:00:00;0.0;0.0;0.0;13.34;64.75;3.24;
2021-02-17 23:00:00;0.0;0.0;0.0;13.43;67.15;2.69;
2021-02-18 00:00:00;0.0;0.0;0.0;13.51;67.15;2.34;
2021-02-18 01:00:00;0.0;0.0;0.0;13.63;67.15;2.97;
2021-02-18 02:00:00;0.0;0.0;0.0;13.69;69.65;3.72;
2021-02-18 03:00:00;0.0;0.0;0.0;13.71;72.2;3.86;
2021-02-18 04:00:00;0.0;0.0;0.0;13.71;74.85;3.52;
2021-02-18 05:00:00;0.0;0.0;0.0;13.67;74.85;3.45;
2021-02-18 06:00:00;0.0;0.0;0.0;13.67;74.85;3.66;
2021-02-18 07:00:00;131.0;201.71;88.0;13.64;74.85;4.21;
2021-02-18 08:00:00;150.0;15.73;144.0;13.55;77.6;4.76;
2021-02-18 09:00:00;180.0;3.88;178.0;13.48;77.6;5.03;
2021-02-18 10:00:00;219.0;3.3;217.0;13.64;80.4;4.55;
2021-02-18 11:00:00;128.0;0.0;128.0;13.76;80.4;4.55;
2021-02-18 12:00:00;176.0;0.0;176.0;13.78;80.4;3.86;
2021-02-18 13:00:00;51.0;0.0;51.0;13.79;80.4;3.45;
2021-02-18 14:00:00;51.0;0.0;51.0;13.82;77.65;3.24;
2021-02-18 15:00:00;111.0;9.73;108.0;13.86;77.65;3.17;
2021-02-18 16:00:00;83.0;327.79;41.0;13.94;77.65;2.83;
2021-02-18 17:00:00;0.0;0.0;0.0;14.01;77.65;2.28;
2021-02-18 18:00:00;0.0;0.0;0.0;14.07;77.65;1.38;
2021-02-18 19:00:00;0.0;0.0;0.0;14.1;77.65;1.17;
2021-02-18 20:00:00;0.0;0.0;0.0;14.06;77.65;1.66;
2021-02-18 21:00:00;0.0;0.0;0.0;13.98;77.65;2.14;
2021-02-18 22:00:00;0.0;0.0;0.0;13.29;83.25;2.28;
2021-02-18 23:00:00;0.0;0.0;0.0;13.32;80.4;2.41;
2021-02-19 00:00:00;0.0;0.0;0.0;13.35;80.4;2.34;
2021-02-19 01:00:00;0.0;0.0;0.0;13.4;80.4;2.62;
2021-02-19 02:00:00;0.0;0.0;0.0;13.41;80.4;3.17;
2021-02-19 03:00:00;0.0;0.0;0.0;13.38;77.6;3.72;
2021-02-19 04:00:00;0.0;0.0;0.0;13.34;77.6;4.55;
2021-02-19 05:00:00;0.0;0.0;0.0;13.26;77.5;5.17;
2021-02-19 06:00:00;0.0;0.0;0.0;13.23;77.5;5.45;
2021-02-19 07:00:00;168.0;445.91;71.0;13.19;77.5;5.79;
2021-02-19 08:00:00;357.0;676.37;96.0;13.19;77.5;5.93;
2021-02-19 09:00:00;515.0;775.4;112.0;13.28;74.75;5.93;
2021-02-19 10:00:00;612.0;783.67;134.0;13.65;72.2;4.9;
2021-02-19 11:00:00;686.0;890.23;107.0;13.74;72.2;4.97;
2021-02-19 12:00:00;660.0;847.55;119.0;13.8;69.75;5.31;
2021-02-19 13:00:00;585.0;826.78;110.0;13.83;69.75;5.66;
2021-02-19 14:00:00;411.0;554.64;154.0;13.91;69.75;6.07;
2021-02-19 15:00:00;255.0;473.72;107.0;13.93;69.75;6.07;
2021-02-19 16:00:00;83.0;287.92;45.0;13.96;69.75;6.07;
2021-02-19 17:00:00;0.0;0.0;0.0;13.98;69.75;6.07;
2021-02-19 18:00:00;0.0;0.0;0.0;13.96;69.75;5.93;
2021-02-19 19:00:00;0.0;0.0;0.0;13.98;69.75;5.38;
2021-02-19 20:00:00;0.0;0.0;0.0;13.96;69.75;4.76;
2021-02-19 21:00:00;0.0;0.0;0.0;13.92;69.75;4.41;
2021-02-19 22:00:00;0.0;0.0;0.0;13.64;72.2;3.72;
2021-02-19 23:00:00;0.0;0.0;0.0;13.63;72.2;3.66;
2021-02-20 00:00:00;0.0;0.0;0.0;13.59;72.2;3.93;
2021-02-20 01:00:00;0.0;0.0;0.0;13.58;72.2;4.0;
2021-02-20 02:00:00;0.0;0.0;0.0;13.48;72.2;4.0;
2021-02-20 03:00:00;0.0;0.0;0.0;13.39;72.2;4.0;
2021-02-20 04:00:00;0.0;0.0;0.0;13.3;69.65;4.21;
2021-02-20 05:00:00;0.0;0.0;0.0;13.23;69.55;4.07;
2021-02-20 06:00:00;3.0;0.0;3.0;13.17;67.05;3.86;
2021-02-20 07:00:00;130.0;157.69;95.0;13.1;64.65;3.45;
2021-02-20 08:00:00;372.0;719.63;91.0;12.98;60.05;2.97;
2021-02-20 09:00:00;539.0;842.81;97.0;12.99;60.05;2.55;
2021-02-20 10:00:00;643.0;870.33;108.0;13.29;60.05;2.48;
2021-02-20 11:00:00;710.0;946.37;90.0;13.33;58.0;2.9;
2021-02-20 12:00:00;667.0;847.63;122.0;13.39;58.0;2.9;
2021-02-20 13:00:00;563.0;704.62;155.0;13.5;58.0;3.17;
2021-02-20 14:00:00;449.0;716.29;114.0;13.57;60.2;3.1;
2021-02-20 15:00:00;286.0;650.84;80.0;13.64;58.0;2.83;
2021-02-20 16:00:00;92.0;353.4;44.0;13.67;58.0;2.9;
2021-02-20 17:00:00;0.0;0.0;0.0;13.76;58.0;2.55;
2021-02-20 18:00:00;0.0;0.0;0.0;13.84;56.0;3.1;
2021-02-20 19:00:00;0.0;0.0;0.0;13.87;56.0;3.93;
2021-02-20 20:00:00;0.0;0.0;0.0;13.91;56.0;4.21;
2021-02-20 21:00:00;0.0;0.0;0.0;13.93;56.0;4.76;
2021-02-20 22:00:00;0.0;0.0;0.0;13.61;64.75;5.79;
2021-02-20 23:00:00;0.0;0.0;0.0;13.69;64.75;6.21;
2021-02-21 00:00:00;0.0;0.0;0.0;13.7;62.45;6.21;
2021-02-21 01:00:00;0.0;0.0;0.0;13.73;62.45;6.0;
2021-02-21 02:00:00;0.0;0.0;0.0;13.7;62.45;6.0;
2021-02-21 03:00:00;0.0;0.0;0.0;13.67;60.2;6.0;
2021-02-21 04:00:00;0.0;0.0;0.0;13.61;60.2;5.86;
2021-02-21 05:00:00;0.0;0.0;0.0;13.57;60.2;5.72;
2021-02-21 06:00:00;6.0;0.0;6.0;13.54;60.2;5.38;
2021-02-21 07:00:00;193.0;587.36;60.0;13.5;60.2;5.24;
2021-02-21 08:00:00;379.0;733.96;89.0;13.46;60.2;5.03;
2021-02-21 09:00:00;547.0;857.93;93.0;13.42;60.2;4.48;
2021-02-21 10:00:00;653.0;884.6;105.0;13.47;60.2;4.9;
2021-02-21 11:00:00;717.0;948.64;91.0;13.49;58.0;4.28;
2021-02-21 12:00:00;684.0;886.31;110.0;13.5;58.0;3.38;
2021-02-21 13:00:00;614.0;887.68;96.0;13.52;58.0;2.55;
2021-02-21 14:00:00;476.0;817.8;90.0;13.6;58.0;2.14;
2021-02-21 15:00:00;298.0;698.7;74.0;13.67;58.0;1.86;
2021-02-21 16:00:00;101.0;422.47;42.0;13.75;58.0;1.59;
2021-02-21 17:00:00;0.0;0.0;0.0;13.82;56.0;1.45;
2021-02-21 18:00:00;0.0;0.0;0.0;13.88;58.1;1.03;
2021-02-21 19:00:00;0.0;0.0;0.0;13.95;58.1;0.83;
2021-02-21 20:00:00;0.0;0.0;0.0;14.0;60.3;1.45;
2021-02-21 21:00:00;0.0;0.0;0.0;14.07;64.85;2.34;
2021-02-21 22:00:00;0.0;0.0;0.0;14.02;62.55;3.24;
2021-02-21 23:00:00;0.0;0.0;0.0;14.13;64.85;3.17;
2021-02-22 00:00:00;0.0;0.0;0.0;14.19;64.85;3.17;
2021-02-22 01:00:00;0.0;0.0;0.0;14.23;64.85;3.59;
2021-02-22 02:00:00;0.0;0.0;0.0;14.24;64.85;4.41;
2021-02-22 03:00:00;0.0;0.0;0.0;14.3;64.85;4.9;
2021-02-22 04:00:00;0.0;0.0;0.0;14.33;62.65;4.83;
2021-02-22 05:00:00;0.0;0.0;0.0;14.37;62.65;4.41;
2021-02-22 06:00:00;3.0;0.0;3.0;14.43;62.65;3.86;
2021-02-22 07:00:00;108.0;60.61;94.0;14.46;62.65;3.72;
2021-02-22 08:00:00;298.0;315.15;172.0;14.46;64.95;3.93;
2021-02-22 09:00:00;340.0;149.82;260.0;14.38;67.35;4.14;
2021-02-22 10:00:00;543.0;477.34;245.0;14.15;69.75;4.0;
2021-02-22 11:00:00;658.0;741.74;165.0;14.05;69.75;4.07;
2021-02-22 12:00:00;568.0;473.71;259.0;14.0;69.75;4.21;
2021-02-22 13:00:00;180.0;0.0;180.0;14.04;69.75;4.41;
2021-02-22 14:00:00;130.0;0.0;130.0;14.14;69.75;4.55;
2021-02-22 15:00:00;66.0;0.0;66.0;14.34;69.85;4.48;
2021-02-22 16:00:00;41.0;6.97;40.0;14.47;69.85;4.21;
2021-02-22 17:00:00;0.0;0.0;0.0;14.51;75.0;4.34;
2021-02-22 18:00:00;0.0;0.0;0.0;14.54;75.0;4.55;
2021-02-22 19:00:00;0.0;0.0;0.0;14.62;77.75;4.83;
2021-02-22 20:00:00;0.0;0.0;0.0;14.59;77.75;4.9;
2021-02-22 21:00:00;0.0;0.0;0.0;14.55;77.75;4.9;
2021-02-22 22:00:00;0.0;0.0;0.0;14.45;77.75;5.03;
2021-02-22 23:00:00;0.0;0.0;0.0;14.36;77.75;4.97;
2021-02-23 00:00:00;0.0;0.0;0.0;14.3;83.4;5.03;
2021-02-23 01:00:00;0.0;0.0;0.0;14.22;83.4;4.83;
2021-02-23 02:00:00;0.0;0.0;0.0;14.17;83.4;4.76;
2021-02-23 03:00:00;0.0;0.0;0.0;14.18;80.45;5.1;
2021-02-23 04:00:00;0.0;0.0;0.0;14.19;80.45;5.03;
2021-02-23 05:00:00;0.0;0.0;0.0;14.22;77.65;5.03;
2021-02-23 06:00:00;3.0;0.0;3.0;14.19;77.65;4.55;
2021-02-23 07:00:00;127.0;110.37;101.0;14.11;77.65;3.79;
2021-02-23 08:00:00;237.0;116.18;190.0;14.1;77.65;3.93;
2021-02-23 09:00:00;536.0;779.55;116.0;14.15;77.65;4.07;
2021-02-23 10:00:00;633.0;780.45;142.0;13.94;74.95;4.07;
2021-02-23 11:00:00;673.0;767.81;159.0;14.0;74.95;4.41;
2021-02-23 12:00:00;581.0;491.66;258.0;14.01;74.95;4.55;
2021-02-23 13:00:00;485.0;381.4;259.0;14.02;74.95;4.69;
2021-02-23 14:00:00;369.0;326.68;212.0;14.07;77.65;4.83;
2021-02-23 15:00:00;290.0;608.42;90.0;14.15;77.65;5.31;
2021-02-23 16:00:00;102.0;373.44;47.0;14.21;83.4;5.59;
2021-02-23 17:00:00;0.0;0.0;0.0;14.24;83.4;5.66;
2021-02-23 18:00:00;0.0;0.0;0.0;14.3;86.4;5.79;
2021-02-23 19:00:00;0.0;0.0;0.0;14.32;83.45;6.0;
2021-02-23 20:00:00;0.0;0.0;0.0;14.3;86.4;6.34;
2021-02-23 21:00:00;0.0;0.0;0.0;14.3;86.4;6.83;
2021-02-23 22:00:00;0.0;0.0;0.0;14.38;83.45;8.41;
2021-02-23 23:00:00;0.0;0.0;0.0;14.46;83.45;8.41;
2021-02-24 00:00:00;0.0;0.0;0.0;14.5;83.45;8.41;
2021-02-24 01:00:00;0.0;0.0;0.0;14.58;83.45;8.41;
2021-02-24 02:00:00;0.0;0.0;0.0;14.6;83.45;8.97;
2021-02-24 03:00:00;0.0;0.0;0.0;14.62;83.45;9.59;
2021-02-24 04:00:00;0.0;0.0;0.0;14.61;83.45;10.21;
2021-02-24 05:00:00;0.0;0.0;0.0;14.67;83.45;10.48;
2021-02-24 06:00:00;8.0;0.0;8.0;14.65;83.45;10.55;
2021-02-24 07:00:00;130.0;116.56;102.0;14.69;83.45;10.69;
2021-02-24 08:00:00;276.0;222.32;185.0;14.74;83.45;11.31;
2021-02-24 09:00:00;379.0;224.42;257.0;14.93;83.45;12.21;
2021-02-24 10:00:00;540.0;457.44;250.0;14.93;83.45;11.72;
2021-02-24 11:00:00;274.0;10.38;267.0;15.09;83.45;12.62;
2021-02-24 12:00:00;222.0;1.51;221.0;15.26;83.45;13.52;
2021-02-24 13:00:00;379.0;145.72;292.0;15.43;80.6;13.66;
2021-02-24 14:00:00;226.0;37.12;208.0;15.6;80.6;13.86;
2021-02-24 15:00:00;134.0;21.04;127.0;15.64;80.6;13.17;
2021-02-24 16:00:00;9.0;0.0;9.0;15.73;80.6;12.62;
2021-02-24 17:00:00;0.0;0.0;0.0;15.89;77.85;12.69;
2021-02-24 18:00:00;0.0;0.0;0.0;15.84;77.85;13.31;
2021-02-24 19:00:00;0.0;0.0;0.0;15.7;80.6;13.93;
2021-02-24 20:00:00;0.0;0.0;0.0;15.83;77.85;11.31;
2021-02-24 21:00:00;0.0;0.0;0.0;15.9;77.85;10.48;
2021-02-24 22:00:00;0.0;0.0;0.0;15.54;83.5;8.0;
2021-02-24 23:00:00;0.0;0.0;0.0;15.3;86.45;6.28;
2021-02-25 00:00:00;0.0;0.0;0.0;15.02;89.5;5.66;
2021-02-25 01:00:00;0.0;0.0;0.0;14.71;89.5;5.03;
2021-02-25 02:00:00;0.0;0.0;0.0;14.55;89.5;6.0;
2021-02-25 03:00:00;0.0;0.0;0.0;14.42;89.5;7.66;
2021-02-25 04:00:00;0.0;0.0;0.0;14.4;83.45;9.1;
2021-02-25 05:00:00;0.0;0.0;0.0;14.36;83.45;8.97;
2021-02-25 06:00:00;14.0;0.0;14.0;14.27;86.4;9.38;
2021-02-25 07:00:00;183.0;391.94;87.0;14.11;83.4;9.52;
2021-02-25 08:00:00;352.0;509.49;141.0;13.92;80.45;8.55;
2021-02-25 09:00:00;523.0;696.46;141.0;13.75;80.4;7.59;
2021-02-25 10:00:00;638.0;782.68;138.0;13.57;72.2;8.28;
2021-02-25 11:00:00;610.0;533.13;248.0;13.44;72.2;8.69;
2021-02-25 12:00:00;527.0;334.7;304.0;13.27;72.1;8.83;
2021-02-25 13:00:00;583.0;721.51;149.0;13.24;72.1;8.9;
2021-02-25 14:00:00;397.0;408.89;197.0;13.23;69.55;8.9;
2021-02-25 15:00:00;293.0;593.87;93.0;13.33;67.15;9.17;
2021-02-25 16:00:00;105.0;355.2;50.0;13.46;67.15;8.76;
2021-02-25 17:00:00;0.0;0.0;0.0;13.61;67.15;7.86;
2021-02-25 18:00:00;0.0;0.0;0.0;13.74;67.15;6.48;
2021-02-25 19:00:00;0.0;0.0;0.0;13.77;64.75;5.31;
2021-02-25 20:00:00;0.0;0.0;0.0;13.79;64.75;4.07;
2021-02-25 21:00:00;0.0;0.0;0.0;13.78;64.75;2.62;
2021-02-25 22:00:00;0.0;0.0;0.0;13.12;62.3;2.34;
2021-02-25 23:00:00;0.0;0.0;0.0;13.2;62.3;2.28;
2021-02-26 00:00:00;0.0;0.0;0.0;13.27;62.3;2.9;
2021-02-26 01:00:00;0.0;0.0;0.0;13.35;60.2;3.79;
2021-02-26 02:00:00;0.0;0.0;0.0;13.42;62.45;4.34;
2021-02-26 03:00:00;0.0;0.0;0.0;13.47;62.45;4.34;
2021-02-26 04:00:00;0.0;0.0;0.0;13.41;62.45;3.86;
2021-02-26 05:00:00;0.0;0.0;0.0;13.38;64.75;3.72;
2021-02-26 06:00:00;16.0;0.0;16.0;13.23;67.05;3.86;
2021-02-26 07:00:00;192.0;428.54;85.0;13.14;69.55;4.28;
2021-02-26 08:00:00;387.0;665.88;108.0;13.11;69.55;4.34;
2021-02-26 09:00:00;561.0;827.64;103.0;13.18;72.1;4.21;
2021-02-26 10:00:00;664.0;852.88;115.0;13.7;74.85;4.41;
2021-02-26 11:00:00;668.0;704.89;186.0;13.83;72.3;5.38;
2021-02-26 12:00:00;690.0;842.12;125.0;13.88;72.3;6.0;
2021-02-26 13:00:00;486.0;359.75;268.0;13.93;74.95;6.21;
2021-02-26 14:00:00;259.0;64.86;227.0;14.07;74.95;6.62;
2021-02-26 15:00:00;207.0;155.53;154.0;14.25;77.65;6.83;
2021-02-26 16:00:00;81.0;119.8;62.0;14.39;77.75;6.97;
2021-02-26 17:00:00;0.0;0.0;0.0;14.45;77.75;6.9;
2021-02-26 18:00:00;0.0;0.0;0.0;14.41;80.55;6.9;
2021-02-26 19:00:00;0.0;0.0;0.0;14.32;83.45;7.1;
2021-02-26 20:00:00;0.0;0.0;0.0;14.26;86.4;7.38;
2021-02-26 21:00:00;0.0;0.0;0.0;14.23;86.4;7.52;
2021-02-26 22:00:00;0.0;0.0;0.0;14.23;83.4;7.03;
2021-02-26 23:00:00;0.0;0.0;0.0;14.13;83.4;7.79;
2021-02-27 00:00:00;0.0;0.0;0.0;14.09;83.4;8.28;
2021-02-27 01:00:00;0.0;0.0;0.0;14.06;83.4;8.21;
2021-02-27 02:00:00;0.0;0.0;0.0;14.05;83.4;7.93;
2021-02-27 03:00:00;0.0;0.0;0.0;14.07;83.4;7.93;
2021-02-27 04:00:00;0.0;0.0;0.0;14.08;83.4;7.79;
2021-02-27 05:00:00;0.0;0.0;0.0;14.09;83.4;7.52;
2021-02-27 06:00:00;8.0;0.0;8.0;14.11;83.4;7.24;
2021-02-27 07:00:00;157.0;192.54;108.0;14.12;83.4;7.1;
2021-02-27 08:00:00;344.0;431.72;161.0;14.04;86.4;7.03;
2021-02-27 09:00:00;311.0;82.39;265.0;13.96;86.4;7.03;
2021-02-27 10:00:00;499.0;303.74;302.0;14.2;86.4;7.24;
2021-02-27 11:00:00;675.0;726.13;175.0;14.23;86.4;7.1;
2021-02-27 12:00:00;649.0;680.91;189.0;14.25;86.4;6.83;
2021-02-27 13:00:00;549.0;555.35;210.0;14.26;86.4;6.41;
2021-02-27 14:00:00;476.0;731.53;112.0;14.28;86.4;6.07;
2021-02-27 15:00:00;305.0;626.53;89.0;14.34;83.45;5.66;
2021-02-27 16:00:00;120.0;449.66;47.0;14.4;83.45;5.24;
2021-02-27 17:00:00;0.0;0.0;0.0;14.43;83.45;4.76;
2021-02-27 18:00:00;0.0;0.0;0.0;14.46;83.45;4.28;
2021-02-27 19:00:00;0.0;0.0;0.0;14.48;83.45;3.86;
2021-02-27 20:00:00;0.0;0.0;0.0;14.43;83.45;3.52;
2021-02-27 21:00:00;0.0;0.0;0.0;14.4;83.45;2.83;
2021-02-27 22:00:00;0.0;0.0;0.0;14.11;83.4;1.45;
2021-02-27 23:00:00;0.0;0.0;0.0;14.05;83.4;0.69;
2021-02-28 00:00:00;0.0;0.0;0.0;14.0;83.4;1.03;
2021-02-28 01:00:00;0.0;0.0;0.0;13.92;83.4;1.24;
2021-02-28 02:00:00;0.0;0.0;0.0;13.78;86.35;1.24;
2021-02-28 03:00:00;0.0;0.0;0.0;13.62;89.45;1.72;
2021-02-28 04:00:00;0.0;0.0;0.0;13.57;89.45;2.28;
2021-02-28 05:00:00;0.0;0.0;0.0;13.58;89.45;3.03;
2021-02-28 06:00:00;21.0;30.13;19.0;13.65;89.45;4.0;
2021-02-28 07:00:00;184.0;316.2;102.0;13.79;89.45;5.1;
2021-02-28 08:00:00;371.0;531.71;143.0;13.99;86.4;5.93;
2021-02-28 09:00:00;546.0;724.37;138.0;14.24;86.4;6.62;
2021-02-28 10:00:00;633.0;694.74;179.0;14.28;86.4;7.52;
2021-02-28 11:00:00;686.0;735.53;176.0;14.34;83.45;8.14;
2021-02-28 12:00:00;686.0;789.48;149.0;14.44;83.45;8.14;
2021-02-28 13:00:00;601.0;731.88;151.0;14.5;83.45;7.93;
2021-02-28 14:00:00;466.0;649.67;140.0;14.59;83.45;7.52;
2021-02-28 15:00:00;262.0;346.99;141.0;14.67;83.45;7.17;
2021-02-28 16:00:00;101.0;228.82;63.0;15.44;90.53;7.02;
2021-02-28 17:00:00;0.0;0.0;0.0;15.17;88.98;6.87;
2021-02-28 18:00:00;0.0;0.0;0.0;14.91;87.43;6.73;
2021-02-28 19:00:00;0.0;0.0;0.0;14.64;85.88;6.59;
2021-02-28 20:00:00;0.0;0.0;0.0;14.37;84.32;6.44;
2021-02-28 21:00:00;0.0;0.0;0.0;14.11;82.77;6.3;
2021-02-28 22:00:00;0.0;0.0;0.0;13.84;81.22;6.16;
2021-02-28 23:00:00;0.0;0.0;0.0;13.58;79.67;6.01;
2021-03-01 00:00:00;0.0;0.0;0.0;13.31;78.12;5.87;
2021-03-01 01:00:00;0.0;0.0;0.0;13.05;76.57;5.72;
2021-03-01 02:00:00;0.0;0.0;0.0;12.78;75.01;5.58;
2021-03-01 03:00:00;0.0;0.0;0.0;12.51;73.46;5.44;
2021-03-01 04:00:00;0.0;0.0;0.0;12.25;71.91;5.29;
2021-03-01 05:00:00;0.0;0.0;0.0;11.98;70.36;5.15;
2021-03-01 06:00:00;26.0;56.23;22.0;11.72;68.81;5.01;
2021-03-01 07:00:00;194.0;351.98;101.0;11.45;67.26;4.86;
2021-03-01 08:00:00;404.0;670.88;113.0;12.18;64.45;3.66;
2021-03-01 09:00:00;566.0;776.13;125.0;12.2;64.45;2.83;
2021-03-01 10:00:00;672.0;811.08;138.0;12.12;59.85;2.76;
2021-03-01 11:00:00;696.0;744.82;176.0;12.15;59.85;2.76;
2021-03-01 12:00:00;0.0;0.0;0.0;12.18;59.85;2.34;
2021-03-01 13:00:00;617.0;767.04;142.0;12.31;57.75;2.55;
2021-03-01 14:00:00;494.0;747.08;116.0;12.38;57.75;1.93;
2021-03-01 15:00:00;310.0;595.48;100.0;12.39;57.75;1.86;
2021-03-01 16:00:00;100.0;194.38;67.0;12.55;59.95;2.21;
2021-03-01 17:00:00;0.0;0.0;0.0;12.75;57.9;2.9;
2021-03-01 18:00:00;0.0;0.0;0.0;12.99;57.9;3.31;
2021-03-01 19:00:00;0.0;0.0;0.0;13.12;57.9;3.79;
2021-03-01 20:00:00;0.0;0.0;0.0;13.2;57.9;3.72;
2021-03-01 21:00:00;0.0;0.0;0.0;13.23;57.9;3.1;
2021-03-01 22:00:00;0.0;0.0;0.0;13.05;57.9;1.45;
2021-03-01 23:00:00;0.0;0.0;0.0;13.14;60.05;2.34;
2021-03-02 00:00:00;0.0;0.0;0.0;13.4;62.3;3.66;
2021-03-02 01:00:00;0.0;0.0;0.0;13.5;64.65;4.41;
2021-03-02 02:00:00;0.0;0.0;0.0;13.49;69.55;4.97;
2021-03-02 03:00:00;0.0;0.0;0.0;13.48;72.1;5.17;
2021-03-02 04:00:00;0.0;0.0;0.0;13.52;72.1;5.72;
2021-03-02 05:00:00;0.0;0.0;0.0;13.58;74.75;6.55;
2021-03-02 06:00:00;15.0;0.0;15.0;13.59;77.5;6.69;
2021-03-02 07:00:00;97.0;14.86;93.0;13.85;74.85;7.31;
2021-03-02 08:00:00;340.0;366.96;179.0;14.07;74.85;7.79;
2021-03-02 09:00:00;465.0;394.29;239.0;14.13;80.4;7.93;
2021-03-02 10:00:00;494.0;269.87;315.0;14.29;77.65;6.76;
2021-03-02 11:00:00;441.0;129.46;350.0;14.34;80.45;7.03;
2021-03-02 12:00:00;0.0;0.0;0.0;14.31;83.4;8.07;
2021-03-02 13:00:00;382.0;123.47;305.0;14.23;86.4;9.24;
2021-03-02 14:00:00;382.0;305.81;226.0;14.29;86.4;8.48;
2021-03-02 15:00:00;299.0;521.64;113.0;14.42;89.5;7.79;
2021-03-02 16:00:00;123.0;380.5;57.0;14.67;86.4;8.41;
2021-03-02 17:00:00;0.0;0.0;0.0;14.89;83.45;9.03;
2021-03-02 18:00:00;0.0;0.0;0.0;15.03;83.45;9.31;
2021-03-02 19:00:00;0.0;0.0;0.0;15.06;83.45;9.38;
2021-03-02 20:00:00;0.0;0.0;0.0;15.04;83.45;9.45;
2021-03-02 21:00:00;0.0;0.0;0.0;15.01;86.45;9.31;
2021-03-02 22:00:00;0.0;0.0;0.0;15.02;86.45;8.55;
2021-03-02 23:00:00;0.0;0.0;0.0;14.91;86.45;8.62;
2021-03-03 00:00:00;0.0;0.0;0.0;14.79;89.5;8.55;
2021-03-03 01:00:00;0.0;0.0;0.0;14.71;92.7;8.55;
2021-03-03 02:00:00;0.0;0.0;0.0;14.67;92.7;8.21;
2021-03-03 03:00:00;0.0;0.0;0.0;14.69;92.7;8.0;
2021-03-03 04:00:00;0.0;0.0;0.0;14.73;89.5;8.0;
2021-03-03 05:00:00;0.0;0.0;0.0;14.77;89.5;7.52;
2021-03-03 06:00:00;38.0;148.5;26.0;14.82;89.5;7.24;
2021-03-03 07:00:00;225.0;525.34;81.0;14.78;89.5;6.62;
2021-03-03 08:00:00;416.0;696.34;107.0;14.71;92.7;6.21;
2021-03-03 09:00:00;571.0;776.59;122.0;14.67;92.7;6.34;
2021-03-03 10:00:00;676.0;812.63;133.0;14.95;89.5;6.21;
2021-03-03 11:00:00;720.0;819.55;140.0;14.97;89.5;6.0;
2021-03-03 12:00:00;0.0;0.0;0.0;15.01;89.5;5.86;
2021-03-03 13:00:00;627.0;791.37;130.0;15.08;89.5;5.72;
2021-03-03 14:00:00;497.0;744.76;114.0;15.13;86.45;5.17;
2021-03-03 15:00:00;319.0;615.88;97.0;15.18;86.45;4.28;
2021-03-03 16:00:00;127.0;400.86;56.0;15.21;86.45;4.07;
2021-03-03 17:00:00;0.0;0.0;0.0;15.27;83.5;4.21;
2021-03-03 18:00:00;0.0;0.0;0.0;15.32;83.5;4.14;
2021-03-03 19:00:00;0.0;0.0;0.0;15.35;83.5;3.66;
2021-03-03 20:00:00;0.0;0.0;0.0;15.34;83.5;2.97;
2021-03-03 21:00:00;0.0;0.0;0.0;15.31;83.5;2.41;
2021-03-03 22:00:00;0.0;0.0;0.0;15.06;86.45;2.14;
2021-03-03 23:00:00;0.0;0.0;0.0;15.02;89.5;2.07;
2021-03-04 00:00:00;0.0;0.0;0.0;15.0;89.5;2.0;
2021-03-04 01:00:00;0.0;0.0;0.0;15.01;89.5;2.07;
2021-03-04 02:00:00;0.0;0.0;0.0;14.96;89.5;2.28;
2021-03-04 03:00:00;0.0;0.0;0.0;15.0;89.5;2.62;
2021-03-04 04:00:00;0.0;0.0;0.0;14.9;89.5;3.24;
2021-03-04 05:00:00;0.0;0.0;0.0;14.87;89.5;3.93;
2021-03-04 06:00:00;45.0;186.67;29.0;14.86;89.5;4.21;
2021-03-04 07:00:00;156.0;128.98;120.0;14.82;89.5;3.79;
2021-03-04 08:00:00;352.0;383.26;180.0;14.57;92.7;3.24;
2021-03-04 09:00:00;245.0;17.15;235.0;14.48;92.7;3.45;
2021-03-04 10:00:00;510.0;291.19;314.0;14.47;92.7;3.66;
2021-03-04 11:00:00;430.0;109.48;352.0;14.46;89.5;3.66;
2021-03-04 12:00:00;559.0;356.44;310.0;14.46;89.5;4.0;
2021-03-04 13:00:00;586.0;626.22;190.0;14.5;89.5;4.55;
2021-03-04 14:00:00;474.0;632.76;146.0;14.72;92.7;5.59;
2021-03-04 15:00:00;322.0;614.83;98.0;14.93;89.5;6.55;
2021-03-04 16:00:00;125.0;359.59;60.0;15.17;89.5;7.38;
2021-03-04 17:00:00;0.0;0.0;0.0;15.33;86.5;8.41;
2021-03-04 18:00:00;0.0;0.0;0.0;15.27;86.5;8.97;
2021-03-04 19:00:00;0.0;0.0;0.0;15.2;89.5;9.17;
2021-03-04 20:00:00;0.0;0.0;0.0;15.12;89.5;8.9;
2021-03-04 21:00:00;0.0;0.0;0.0;15.19;92.7;7.31;
2021-03-04 22:00:00;0.0;0.0;0.0;15.41;89.55;8.0;
2021-03-04 23:00:00;0.0;0.0;0.0;15.05;92.7;10.69;
2021-03-05 00:00:00;0.0;0.0;0.0;14.66;96.0;12.21;
2021-03-05 01:00:00;0.0;0.0;0.0;14.31;92.7;11.45;
2021-03-05 02:00:00;0.0;0.0;0.0;13.16;89.4;13.17;
2021-03-05 03:00:00;0.0;0.0;0.0;12.51;80.3;14.28;
2021-03-05 04:00:00;0.0;0.0;0.0;12.47;64.55;14.41;
2021-03-05 05:00:00;0.0;0.0;0.0;12.32;62.2;14.69;
2021-03-05 06:00:00;51.0;242.66;29.0;12.05;62.1;15.52;
2021-03-05 07:00:00;234.0;517.35;87.0;11.78;62.1;16.55;
2021-03-05 08:00:00;389.0;506.8;159.0;11.73;64.45;16.83;
2021-03-05 09:00:00;251.0;18.7;240.0;11.76;66.85;17.52;
2021-03-05 10:00:00;133.0;0.0;133.0;11.7;64.45;16.28;
2021-03-05 11:00:00;193.0;0.0;193.0;12.12;64.45;15.86;
2021-03-05 12:00:00;196.0;0.0;196.0;11.13;80.1;14.48;
2021-03-05 13:00:00;372.0;95.81;311.0;10.87;80.1;12.97;
2021-03-05 14:00:00;385.0;277.54;240.0;10.57;80.05;15.72;
2021-03-05 15:00:00;150.0;21.73;142.0;10.99;71.75;19.72;
2021-03-05 16:00:00;12.0;0.0;12.0;11.65;77.3;18.41;
2021-03-05 17:00:00;0.0;0.0;0.0;11.6;83.1;16.07;
2021-03-05 18:00:00;0.0;0.0;0.0;11.77;74.6;15.24;
2021-03-05 19:00:00;0.0;0.0;0.0;11.16;77.2;14.83;
2021-03-05 20:00:00;0.0;0.0;0.0;10.98;80.1;14.55;
2021-03-05 21:00:00;0.0;0.0;0.0;10.98;77.2;13.79;
2021-03-05 22:00:00;0.0;0.0;0.0;10.56;74.4;13.79;
2021-03-05 23:00:00;0.0;0.0;0.0;10.54;77.15;13.38;
2021-03-06 00:00:00;0.0;0.0;0.0;10.5;77.15;12.62;
2021-03-06 01:00:00;0.0;0.0;0.0;10.49;74.4;11.66;
2021-03-06 02:00:00;0.0;0.0;0.0;10.4;74.4;11.93;
2021-03-06 03:00:00;0.0;0.0;0.0;10.48;74.4;12.41;
2021-03-06 04:00:00;0.0;0.0;0.0;10.72;71.75;12.48;
2021-03-06 05:00:00;0.0;0.0;0.0;10.89;71.75;11.86;
2021-03-06 06:00:00;34.0;41.82;30.0;10.93;71.75;11.66;
2021-03-06 07:00:00;73.0;0.0;73.0;11.03;71.75;11.93;
2021-03-06 08:00:00;66.0;0.0;66.0;11.01;71.75;12.83;
2021-03-06 09:00:00;145.0;0.0;145.0;10.92;71.75;13.45;
2021-03-06 10:00:00;205.0;0.0;205.0;10.6;77.15;13.79;
2021-03-06 11:00:00;191.0;0.0;191.0;10.95;74.45;14.14;
2021-03-06 12:00:00;95.0;0.0;95.0;11.32;69.25;14.83;
2021-03-06 13:00:00;186.0;0.0;186.0;11.78;64.45;15.03;
2021-03-06 14:00:00;299.0;93.07;250.0;12.11;62.1;14.9;
2021-03-06 15:00:00;62.0;0.0;62.0;12.29;57.75;14.48;
2021-03-06 16:00:00;90.0;85.11;74.0;12.38;59.95;14.21;
2021-03-06 17:00:00;0.0;0.0;0.0;12.38;59.95;13.79;
2021-03-06 18:00:00;0.0;0.0;0.0;12.48;59.95;13.24;
2021-03-06 19:00:00;0.0;0.0;0.0;12.66;57.75;11.93;
2021-03-06 20:00:00;0.0;0.0;0.0;12.75;55.75;10.97;
2021-03-06 21:00:00;0.0;0.0;0.0;12.82;55.75;10.62;
2021-03-06 22:00:00;0.0;0.0;0.0;12.76;55.75;9.24;
2021-03-06 23:00:00;0.0;0.0;0.0;12.45;55.65;8.28;
2021-03-07 00:00:00;0.0;0.0;0.0;12.3;55.65;7.45;
2021-03-07 01:00:00;0.0;0.0;0.0;12.25;55.65;7.66;
2021-03-07 02:00:00;0.0;0.0;0.0;11.94;55.5;8.34;
2021-03-07 03:00:00;0.0;0.0;0.0;11.75;57.65;8.9;
2021-03-07 04:00:00;0.0;0.0;0.0;11.52;59.7;9.59;
2021-03-07 05:00:00;0.0;0.0;0.0;11.49;57.55;10.28;
2021-03-07 06:00:00;32.0;19.86;30.0;11.39;57.55;10.69;
2021-03-07 07:00:00;195.0;227.67;128.0;11.26;57.55;10.9;
2021-03-07 08:00:00;349.0;306.05;207.0;11.21;59.7;10.62;
2021-03-07 09:00:00;516.0;466.4;237.0;11.25;57.55;10.07;
2021-03-07 10:00:00;328.0;30.53;307.0;11.29;59.7;9.79;
2021-03-07 11:00:00;593.0;357.8;333.0;11.31;59.7;9.72;
2021-03-07 12:00:00;150.0;0.0;150.0;11.26;59.7;9.79;
2021-03-07 13:00:00;73.0;0.0;73.0;11.19;61.85;10.07;
2021-03-07 14:00:00;133.0;0.0;133.0;10.99;61.85;9.79;
2021-03-07 15:00:00;121.0;2.66;120.0;10.91;64.25;9.03;
2021-03-07 16:00:00;102.0;125.29;78.0;10.84;66.65;7.79;
2021-03-07 17:00:00;0.0;0.0;0.0;10.82;66.65;6.9;
2021-03-07 18:00:00;0.0;0.0;0.0;10.93;64.25;7.1;
2021-03-07 19:00:00;0.0;0.0;0.0;11.08;64.25;7.79;
2021-03-07 20:00:00;0.0;0.0;0.0;11.15;64.25;8.21;
2021-03-07 21:00:00;0.0;0.0;0.0;10.71;64.25;8.34;
2021-03-07 22:00:00;0.0;0.0;0.0;10.93;64.25;7.72;
2021-03-07 23:00:00;0.0;0.0;0.0;10.99;69.15;8.0;
2021-03-08 00:00:00;0.0;0.0;0.0;11.04;69.15;8.55;
2021-03-08 01:00:00;0.0;0.0;0.0;10.91;71.75;9.03;
2021-03-08 02:00:00;0.0;0.0;0.0;10.87;71.75;9.38;
2021-03-08 03:00:00;0.0;0.0;0.0;10.98;71.75;9.31;
2021-03-08 04:00:00;0.0;0.0;0.0;11.09;74.45;9.17;
2021-03-08 05:00:00;0.0;0.0;0.0;11.2;71.85;9.72;
2021-03-08 06:00:00;29.0;9.46;28.0;11.04;74.45;10.14;
2021-03-08 07:00:00;135.0;43.42;122.0;11.01;74.45;9.79;
2021-03-08 08:00:00;179.0;10.66;174.0;10.99;74.45;9.17;
2021-03-08 09:00:00;192.0;1.66;191.0;11.13;74.45;9.17;
2021-03-08 10:00:00;354.0;46.2;322.0;11.31;74.55;9.52;
2021-03-08 11:00:00;193.0;0.0;193.0;11.41;71.85;9.31;
2021-03-08 12:00:00;173.0;0.0;173.0;11.37;71.85;9.31;
2021-03-08 13:00:00;128.0;0.0;128.0;11.19;77.2;9.31;
2021-03-08 14:00:00;425.0;370.44;227.0;11.13;77.2;9.59;
2021-03-08 15:00:00;175.0;42.16;159.0;11.08;77.2;9.93;
2021-03-08 16:00:00;122.0;235.76;76.0;11.07;77.2;10.21;
2021-03-08 17:00:00;0.0;0.0;0.0;11.07;77.2;10.34;
2021-03-08 18:00:00;0.0;0.0;0.0;11.11;77.2;10.55;
2021-03-08 19:00:00;0.0;0.0;0.0;11.2;74.55;10.48;
2021-03-08 20:00:00;0.0;0.0;0.0;11.38;74.55;10.14;
2021-03-08 21:00:00;0.0;0.0;0.0;11.39;74.55;9.1;
2021-03-08 22:00:00;0.0;0.0;0.0;11.39;71.85;9.03;
2021-03-08 23:00:00;0.0;0.0;0.0;11.6;71.85;8.83;
2021-03-09 00:00:00;0.0;0.0;0.0;11.79;69.35;8.55;
2021-03-09 01:00:00;0.0;0.0;0.0;12.01;69.35;8.41;
2021-03-09 02:00:00;0.0;0.0;0.0;12.15;69.35;7.93;
2021-03-09 03:00:00;0.0;0.0;0.0;12.26;66.95;7.93;
2021-03-09 04:00:00;0.0;0.0;0.0;12.18;71.95;7.93;
2021-03-09 05:00:00;0.0;0.0;0.0;11.88;74.6;8.07;
2021-03-09 06:00:00;6.0;0.0;6.0;11.8;77.35;8.0;
2021-03-09 07:00:00;117.0;16.42;112.0;11.78;80.2;8.21;
2021-03-09 08:00:00;397.0;461.85;178.0;11.9;77.35;8.28;
2021-03-09 09:00:00;136.0;0.0;136.0;12.11;77.35;8.34;
2021-03-09 10:00:00;299.0;15.77;288.0;12.43;72.05;7.03;
2021-03-09 11:00:00;681.0;577.42;256.0;12.6;69.45;7.24;
2021-03-09 12:00:00;684.0;636.55;225.0;12.64;69.45;7.24;
2021-03-09 13:00:00;559.0;451.29;264.0;12.67;69.45;7.24;
2021-03-09 14:00:00;519.0;726.14;128.0;12.68;66.95;7.66;
2021-03-09 15:00:00;251.0;200.91;174.0;12.78;64.65;7.79;
2021-03-09 16:00:00;136.0;322.18;72.0;12.86;64.65;7.93;
2021-03-09 17:00:00;0.0;0.0;0.0;12.9;64.65;7.93;
2021-03-09 18:00:00;0.0;0.0;0.0;12.92;64.65;7.86;
2021-03-09 19:00:00;0.0;0.0;0.0;12.99;64.65;7.79;
2021-03-09 20:00:00;0.0;0.0;0.0;13.02;64.65;7.66;
2021-03-09 21:00:00;0.0;0.0;0.0;13.05;64.65;7.52;
2021-03-09 22:00:00;0.0;0.0;0.0;12.99;69.55;6.69;
2021-03-09 23:00:00;0.0;0.0;0.0;12.93;69.55;6.83;
2021-03-10 00:00:00;0.0;0.0;0.0;12.93;69.55;7.03;
2021-03-10 01:00:00;0.0;0.0;0.0;12.94;69.55;6.9;
2021-03-10 02:00:00;0.0;0.0;0.0;12.88;69.55;6.48;
2021-03-10 03:00:00;0.0;0.0;0.0;12.81;69.55;6.0;
2021-03-10 04:00:00;0.0;0.0;0.0;12.77;72.1;5.52;
2021-03-10 05:00:00;0.0;0.0;0.0;12.83;72.1;5.17;
2021-03-10 06:00:00;66.0;215.58;41.0;12.92;72.1;5.1;
2021-03-10 07:00:00;207.0;235.72;134.0;13.01;69.55;5.45;
2021-03-10 08:00:00;431.0;588.36;149.0;13.05;69.55;6.14;
2021-03-10 09:00:00;560.0;577.26;206.0;12.76;72.1;6.69;
2021-03-10 10:00:00;713.0;800.11;151.0;12.64;74.7;6.62;
2021-03-10 11:00:00;759.0;816.81;154.0;12.63;77.45;6.48;
2021-03-10 12:00:00;736.0;793.94;160.0;12.37;77.45;6.34;
2021-03-10 13:00:00;637.0;694.68;180.0;12.27;80.3;6.55;
2021-03-10 14:00:00;505.0;641.6;157.0;12.31;80.3;6.83;
2021-03-10 15:00:00;195.0;64.61;170.0;12.53;77.45;6.9;
2021-03-10 16:00:00;124.0;212.71;81.0;12.53;74.7;6.28;
2021-03-10 17:00:00;0.0;0.0;0.0;12.78;69.55;5.66;
2021-03-10 18:00:00;0.0;0.0;0.0;12.81;67.05;5.86;
2021-03-10 19:00:00;0.0;0.0;0.0;12.82;67.05;6.14;
2021-03-10 20:00:00;0.0;0.0;0.0;12.75;64.65;6.34;
2021-03-10 21:00:00;0.0;0.0;0.0;12.82;64.65;6.28;
2021-03-10 22:00:00;0.0;0.0;0.0;12.94;64.65;6.55;
2021-03-10 23:00:00;0.0;0.0;0.0;13.0;64.65;6.9;
2021-03-11 00:00:00;0.0;0.0;0.0;12.85;67.05;7.24;
2021-03-11 01:00:00;0.0;0.0;0.0;13.02;72.1;7.38;
2021-03-11 02:00:00;0.0;0.0;0.0;13.0;72.1;7.59;
2021-03-11 03:00:00;0.0;0.0;0.0;12.97;69.55;7.66;
2021-03-11 04:00:00;0.0;0.0;0.0;13.03;69.55;7.17;
2021-03-11 05:00:00;0.0;0.0;0.0;13.07;67.05;6.41;
2021-03-11 06:00:00;41.0;24.77;38.0;13.03;67.05;6.0;
2021-03-11 07:00:00;155.0;66.7;134.0;12.95;67.05;5.93;
2021-03-11 08:00:00;375.0;346.81;207.0;12.9;69.55;6.0;
2021-03-11 09:00:00;503.0;383.34;266.0;13.04;69.55;6.14;
2021-03-11 10:00:00;591.0;404.39;305.0;13.22;69.55;5.72;
2021-03-11 11:00:00;729.0;699.03;208.0;13.27;69.55;5.66;
2021-03-11 12:00:00;690.0;626.13;233.0;13.27;69.55;5.66;
2021-03-11 13:00:00;557.0;422.96;277.0;13.26;69.55;5.93;
2021-03-11 14:00:00;507.0;640.69;157.0;13.22;69.55;6.28;
2021-03-11 15:00:00;344.0;593.91;112.0;13.2;69.55;6.21;
2021-03-11 16:00:00;141.0;320.95;75.0;13.19;72.1;6.28;
2021-03-11 17:00:00;0.0;0.0;0.0;13.27;72.1;6.41;
2021-03-11 18:00:00;0.0;0.0;0.0;13.44;74.75;6.34;
2021-03-11 19:00:00;0.0;0.0;0.0;13.73;72.2;6.83;
2021-03-11 20:00:00;0.0;0.0;0.0;13.97;74.85;7.38;
2021-03-11 21:00:00;0.0;0.0;0.0;14.08;77.6;7.79;
2021-03-11 22:00:00;0.0;0.0;0.0;13.92;83.35;6.55;
2021-03-11 23:00:00;0.0;0.0;0.0;13.85;83.35;7.66;
2021-03-12 00:00:00;0.0;0.0;0.0;13.77;83.35;7.79;
2021-03-12 01:00:00;0.0;0.0;0.0;13.72;86.3;6.83;
2021-03-12 02:00:00;0.0;0.0;0.0;13.66;86.3;7.24;
2021-03-12 03:00:00;0.0;0.0;0.0;13.68;86.3;7.93;
2021-03-12 04:00:00;0.0;0.0;0.0;13.75;83.35;8.21;
2021-03-12 05:00:00;0.0;0.0;0.0;13.74;83.35;7.79;
2021-03-12 06:00:00;31.0;0.0;31.0;13.65;86.3;7.45;
2021-03-12 07:00:00;163.0;74.99;139.0;13.54;86.3;7.31;
2021-03-12 08:00:00;440.0;582.18;155.0;13.49;86.3;6.97;
2021-03-12 09:00:00;605.0;709.19;163.0;13.52;86.3;6.76;
2021-03-12 10:00:00;705.0;731.68;184.0;13.7;86.3;7.24;
2021-03-12 11:00:00;742.0;718.75;203.0;13.7;86.3;7.45;
2021-03-12 12:00:00;352.0;31.32;329.0;13.74;80.4;7.52;
2021-03-12 13:00:00;527.0;333.28;305.0;13.74;77.6;8.34;
2021-03-12 14:00:00;430.0;341.73;242.0;13.47;83.25;9.24;
2021-03-12 15:00:00;329.0;484.44;138.0;12.93;80.35;9.24;
2021-03-12 16:00:00;142.0;301.29;79.0;12.4;77.45;9.38;
2021-03-12 17:00:00;0.0;0.0;0.0;12.13;71.95;10.0;
2021-03-12 18:00:00;0.0;0.0;0.0;12.13;64.45;10.28;
2021-03-12 19:00:00;0.0;0.0;0.0;12.2;59.85;9.66;
2021-03-12 20:00:00;0.0;0.0;0.0;12.3;57.75;8.69;
2021-03-12 21:00:00;0.0;0.0;0.0;12.41;55.65;7.72;
2021-03-12 22:00:00;0.0;0.0;0.0;12.33;55.65;7.59;
2021-03-12 23:00:00;0.0;0.0;0.0;12.36;57.75;7.59;
2021-03-13 00:00:00;0.0;0.0;0.0;12.43;57.75;7.72;
2021-03-13 01:00:00;0.0;0.0;0.0;12.56;57.75;7.66;
2021-03-13 02:00:00;0.0;0.0;0.0;12.8;53.7;7.52;
2021-03-13 03:00:00;0.0;0.0;0.0;13.06;53.7;7.31;
2021-03-13 04:00:00;0.0;0.0;0.0;13.3;53.7;6.97;
2021-03-13 05:00:00;0.0;0.0;0.0;13.4;51.75;6.34;
2021-03-13 06:00:00;79.0;243.34;47.0;13.48;51.75;5.59;
2021-03-13 07:00:00;289.0;611.87;90.0;13.48;49.85;4.83;
2021-03-13 08:00:00;459.0;632.76;146.0;13.51;49.85;4.48;
2021-03-13 09:00:00;597.0;644.67;192.0;13.57;49.85;4.21;
2021-03-13 10:00:00;747.0;846.75;140.0;13.38;53.7;4.28;
2021-03-13 11:00:00;776.0;804.52;169.0;13.33;53.7;4.48;
2021-03-13 12:00:00;698.0;603.87;252.0;13.26;55.75;4.69;
2021-03-13 13:00:00;693.0;837.09;132.0;13.22;55.75;5.03;
2021-03-13 14:00:00;537.0;714.83;141.0;13.11;57.9;5.59;
2021-03-13 15:00:00;319.0;412.18;155.0;13.1;57.9;6.07;
2021-03-13 16:00:00;163.0;442.28;69.0;13.07;60.05;6.34;
2021-03-13 17:00:00;0.0;0.0;0.0;13.01;62.3;6.34;
2021-03-13 18:00:00;0.0;0.0;0.0;12.94;62.3;6.0;
2021-03-13 19:00:00;0.0;0.0;0.0;12.9;62.3;5.59;
2021-03-13 20:00:00;0.0;0.0;0.0;12.87;62.3;5.38;
2021-03-13 21:00:00;0.0;0.0;0.0;12.88;60.05;5.45;
2021-03-13 22:00:00;0.0;0.0;0.0;12.88;62.3;5.45;
2021-03-13 23:00:00;0.0;0.0;0.0;12.9;62.3;5.52;
2021-03-14 00:00:00;0.0;0.0;0.0;12.96;62.3;5.45;
2021-03-14 01:00:00;0.0;0.0;0.0;13.02;64.65;5.38;
2021-03-14 02:00:00;0.0;0.0;0.0;13.12;67.05;5.38;
2021-03-14 03:00:00;0.0;0.0;0.0;13.29;67.05;5.24;
2021-03-14 04:00:00;0.0;0.0;0.0;13.37;69.55;5.03;
2021-03-14 05:00:00;0.0;0.0;0.0;13.38;72.1;4.21;
2021-03-14 06:00:00;79.0;204.79;51.0;13.34;72.1;3.45;
2021-03-14 07:00:00;221.0;230.0;145.0;13.28;72.1;2.97;
2021-03-14 08:00:00;340.0;206.09;237.0;13.18;72.1;2.9;
2021-03-14 09:00:00;551.0;481.68;246.0;13.15;72.1;3.52;
2021-03-14 10:00:00;572.0;325.65;337.0;13.23;69.55;4.0;
2021-03-14 11:00:00;518.0;175.22;385.0;13.22;69.55;4.28;
2021-03-14 12:00:00;687.0;570.77;263.0;13.19;69.55;4.14;
2021-03-14 13:00:00;646.0;664.48;198.0;13.12;69.55;3.93;
2021-03-14 14:00:00;526.0;663.36;156.0;13.11;69.55;4.0;
2021-03-14 15:00:00;356.0;595.32;117.0;13.14;67.05;4.21;
2021-03-14 16:00:00;163.0;435.29;69.0;13.19;67.05;4.48;
2021-03-14 17:00:00;0.0;0.0;0.0;13.24;67.05;4.83;
2021-03-14 18:00:00;0.0;0.0;0.0;13.36;67.05;5.24;
2021-03-14 19:00:00;0.0;0.0;0.0;13.53;69.55;6.14;
2021-03-14 20:00:00;0.0;0.0;0.0;13.61;69.55;6.9;
2021-03-14 21:00:00;0.0;0.0;0.0;13.65;72.1;7.72;
2021-03-14 22:00:00;0.0;0.0;0.0;13.6;77.5;8.69;
2021-03-14 23:00:00;0.0;0.0;0.0;13.61;77.5;9.1;
2021-03-15 00:00:00;0.0;0.0;0.0;13.64;77.5;9.52;
2021-03-15 01:00:00;0.0;0.0;0.0;13.62;77.5;9.86;
2021-03-15 02:00:00;0.0;0.0;0.0;13.58;80.35;10.28;
2021-03-15 03:00:00;0.0;0.0;0.0;13.53;80.35;10.55;
2021-03-15 04:00:00;0.0;0.0;0.0;13.55;80.35;11.38;
2021-03-15 05:00:00;0.0;0.0;0.0;13.61;80.35;11.93;
2021-03-15 06:00:00;17.0;0.0;17.0;13.73;77.6;12.34;
2021-03-15 07:00:00;118.0;8.94;115.0;13.81;77.6;12.21;
2021-03-15 08:00:00;91.0;0.0;91.0;13.87;77.6;12.28;
2021-03-15 09:00:00;554.0;493.61;239.0;13.81;80.4;12.28;
2021-03-15 10:00:00;587.0;363.44;323.0;14.0;80.4;11.72;
2021-03-15 11:00:00;690.0;539.59;278.0;14.1;80.4;11.17;
2021-03-15 12:00:00;656.0;489.88;290.0;14.26;77.65;10.62;
2021-03-15 13:00:00;442.0;157.77;335.0;14.41;77.65;9.86;
2021-03-15 14:00:00;428.0;318.78;249.0;14.52;77.65;9.24;
2021-03-15 15:00:00;341.0;516.04;132.0;14.73;77.65;9.45;
2021-03-15 16:00:00;159.0;382.97;75.0;14.98;75.0;8.62;
2021-03-15 17:00:00;0.0;0.0;0.0;15.16;75.0;8.21;
2021-03-15 18:00:00;0.0;0.0;0.0;15.22;72.4;7.31;
2021-03-15 19:00:00;0.0;0.0;0.0;15.2;72.4;6.76;
2021-03-15 20:00:00;0.0;0.0;0.0;15.08;72.4;6.48;
2021-03-15 21:00:00;0.0;0.0;0.0;14.79;69.85;6.34;
2021-03-15 22:00:00;0.0;0.0;0.0;14.49;69.75;5.31;
2021-03-15 23:00:00;0.0;0.0;0.0;14.33;69.75;5.72;
2021-03-16 00:00:00;0.0;0.0;0.0;14.23;69.75;4.21;
2021-03-16 01:00:00;0.0;0.0;0.0;14.09;72.2;3.24;
2021-03-16 02:00:00;0.0;0.0;0.0;13.95;72.2;3.93;
2021-03-16 03:00:00;0.0;0.0;0.0;13.98;72.2;5.24;
2021-03-16 04:00:00;0.0;0.0;0.0;14.07;74.85;6.0;
2021-03-16 05:00:00;0.0;0.0;0.0;14.11;74.85;6.69;
2021-03-16 06:00:00;31.0;0.0;31.0;14.04;77.6;7.45;
2021-03-16 07:00:00;70.0;0.0;70.0;14.07;77.6;7.79;
2021-03-16 08:00:00;55.0;0.0;55.0;14.16;80.4;8.28;
2021-03-16 09:00:00;95.0;0.0;95.0;14.5;77.65;11.17;
2021-03-16 10:00:00;433.0;101.22;359.0;14.79;77.75;15.45;
2021-03-16 11:00:00;535.0;201.82;380.0;15.02;77.75;16.83;
2021-03-16 12:00:00;148.0;0.0;148.0;15.0;80.55;17.31;
2021-03-16 13:00:00;424.0;130.47;335.0;14.95;80.55;17.03;
2021-03-16 14:00:00;422.0;300.75;252.0;14.81;83.45;16.55;
2021-03-16 15:00:00;88.0;0.0;88.0;14.62;86.4;15.66;
2021-03-16 16:00:00;43.0;0.0;43.0;14.54;86.4;15.03;
2021-03-16 17:00:00;0.0;0.0;0.0;14.51;89.5;14.48;
2021-03-16 18:00:00;0.0;0.0;0.0;14.4;89.5;14.14;
2021-03-16 19:00:00;0.0;0.0;0.0;14.33;89.5;13.93;
2021-03-16 20:00:00;0.0;0.0;0.0;14.37;86.4;13.93;
2021-03-16 21:00:00;0.0;0.0;0.0;14.47;86.4;13.79;
2021-03-16 22:00:00;0.0;0.0;0.0;14.54;86.4;13.31;
2021-03-16 23:00:00;0.0;0.0;0.0;14.55;86.4;12.69;
2021-03-17 00:00:00;0.0;0.0;0.0;14.51;86.4;12.14;
2021-03-17 01:00:00;0.0;0.0;0.0;14.44;83.4;11.72;
2021-03-17 02:00:00;0.0;0.0;0.0;14.23;83.4;11.31;
2021-03-17 03:00:00;0.0;0.0;0.0;13.82;86.35;10.83;
2021-03-17 04:00:00;0.0;0.0;0.0;13.83;86.35;8.55;
2021-03-17 05:00:00;0.0;0.0;0.0;13.68;89.4;5.59;
2021-03-17 06:00:00;26.0;0.0;26.0;13.45;89.4;3.79;
2021-03-17 07:00:00;75.0;0.0;75.0;13.09;86.3;4.9;
2021-03-17 08:00:00;297.0;104.84;243.0;12.7;86.25;6.97;
2021-03-17 09:00:00;562.0;486.1;247.0;12.51;83.25;7.93;
2021-03-17 10:00:00;488.0;164.45;367.0;13.23;77.5;5.03;
2021-03-17 11:00:00;786.0;814.27;157.0;13.35;77.5;4.14;
2021-03-17 12:00:00;724.0;664.45;222.0;13.42;77.5;5.45;
2021-03-17 13:00:00;427.0;128.26;339.0;13.42;80.35;6.9;
2021-03-17 14:00:00;468.0;420.09;229.0;13.44;80.35;7.17;
2021-03-17 15:00:00;263.0;182.03;188.0;13.41;80.35;7.17;
2021-03-17 16:00:00;140.0;212.35;92.0;13.48;80.35;6.69;
2021-03-17 17:00:00;0.0;0.0;0.0;13.59;77.5;6.14;
2021-03-17 18:00:00;0.0;0.0;0.0;13.65;77.5;5.86;
2021-03-17 19:00:00;0.0;0.0;0.0;13.72;74.85;5.31;
2021-03-17 20:00:00;0.0;0.0;0.0;13.73;74.85;4.83;
2021-03-17 21:00:00;0.0;0.0;0.0;13.73;77.6;4.76;
2021-03-17 22:00:00;0.0;0.0;0.0;13.51;77.5;3.66;
2021-03-17 23:00:00;0.0;0.0;0.0;13.47;77.5;3.72;
2021-03-18 00:00:00;0.0;0.0;0.0;13.47;77.5;3.59;
2021-03-18 01:00:00;0.0;0.0;0.0;13.44;77.5;3.17;
2021-03-18 02:00:00;0.0;0.0;0.0;13.44;77.5;2.83;
2021-03-18 03:00:00;0.0;0.0;0.0;13.44;77.5;2.76;
2021-03-18 04:00:00;0.0;0.0;0.0;13.58;77.5;2.76;
2021-03-18 05:00:00;0.0;0.0;0.0;13.67;77.5;2.69;
2021-03-18 06:00:00;104.0;304.28;56.0;13.68;77.5;2.83;
2021-03-18 07:00:00;316.0;637.69;92.0;13.67;77.5;2.76;
2021-03-18 08:00:00;497.0;717.09;124.0;13.63;77.5;2.55;
2021-03-18 09:00:00;646.0;759.68;150.0;13.63;80.35;2.34;
2021-03-18 10:00:00;759.0;825.15;148.0;13.17;72.1;2.34;
2021-03-18 11:00:00;812.0;863.71;141.0;13.23;72.1;2.0;
2021-03-18 12:00:00;786.0;843.8;145.0;13.37;72.1;2.07;
2021-03-18 13:00:00;701.0;814.52;139.0;13.5;74.75;2.07;
2021-03-18 14:00:00;539.0;665.41;158.0;13.67;74.75;1.38;
2021-03-18 15:00:00;373.0;623.39;114.0;13.75;74.85;1.17;
2021-03-18 16:00:00;29.0;0.0;29.0;13.87;74.85;1.45;
2021-03-18 17:00:00;0.0;0.0;0.0;13.95;77.6;1.79;
2021-03-18 18:00:00;0.0;0.0;0.0;14.07;80.4;1.86;
2021-03-18 19:00:00;0.0;0.0;0.0;14.1;83.35;1.72;
2021-03-18 20:00:00;0.0;0.0;0.0;14.06;83.35;1.93;
2021-03-18 21:00:00;0.0;0.0;0.0;13.97;83.35;2.34;
2021-03-18 22:00:00;0.0;0.0;0.0;13.97;77.6;3.45;
2021-03-18 23:00:00;0.0;0.0;0.0;13.96;77.6;4.0;
2021-03-19 00:00:00;0.0;0.0;0.0;13.93;77.6;4.34;
2021-03-19 01:00:00;0.0;0.0;0.0;13.91;77.6;4.69;
2021-03-19 02:00:00;0.0;0.0;0.0;13.93;77.6;4.9;
2021-03-19 03:00:00;0.0;0.0;0.0;13.92;77.6;5.24;
2021-03-19 04:00:00;0.0;0.0;0.0;13.91;80.4;5.59;
2021-03-19 05:00:00;0.0;0.0;0.0;13.9;80.4;5.79;
2021-03-19 06:00:00;89.0;153.35;64.0;13.89;80.4;5.86;
2021-03-19 07:00:00;279.0;409.57;133.0;13.74;83.35;5.59;
2021-03-19 08:00:00;471.0;580.71;166.0;13.7;86.3;5.24;
2021-03-19 09:00:00;650.0;758.61;151.0;13.8;83.35;5.24;
2021-03-19 10:00:00;762.0;824.04;148.0;14.09;80.4;5.1;
2021-03-19 11:00:00;640.0;367.36;353.0;14.35;77.65;4.41;
2021-03-19 12:00:00;365.0;31.42;341.0;14.47;77.65;3.52;
2021-03-19 13:00:00;627.0;549.14;246.0;14.49;77.65;3.03;
2021-03-19 14:00:00;384.0;183.97;278.0;14.47;80.45;2.76;
2021-03-19 15:00:00;293.0;255.44;186.0;14.41;80.45;2.55;
2021-03-19 16:00:00;147.0;227.82;94.0;14.35;83.4;2.28;
2021-03-19 17:00:00;6.0;0.0;6.0;14.34;83.4;2.48;
2021-03-19 18:00:00;0.0;0.0;0.0;14.39;86.4;2.69;
2021-03-19 19:00:00;0.0;0.0;0.0;14.42;86.4;2.62;
2021-03-19 20:00:00;0.0;0.0;0.0;14.4;86.4;2.69;
2021-03-19 21:00:00;0.0;0.0;0.0;14.39;89.5;3.03;
2021-03-19 22:00:00;0.0;0.0;0.0;14.39;89.5;3.79;
2021-03-19 23:00:00;0.0;0.0;0.0;14.38;89.5;4.0;
2021-03-20 00:00:00;0.0;0.0;0.0;14.36;89.5;4.14;
2021-03-20 01:00:00;0.0;0.0;0.0;14.3;89.5;4.41;
2021-03-20 02:00:00;0.0;0.0;0.0;14.2;92.65;4.55;
2021-03-20 03:00:00;0.0;0.0;0.0;14.1;92.65;4.69;
2021-03-20 04:00:00;0.0;0.0;0.0;14.0;92.65;4.76;
2021-03-20 05:00:00;0.0;0.0;0.0;13.92;89.45;4.55;
2021-03-20 06:00:00;103.0;237.67;63.0;13.85;89.45;4.34;
2021-03-20 07:00:00;307.0;544.7;110.0;13.69;89.4;4.34;
2021-03-20 08:00:00;505.0;714.73;126.0;13.63;89.4;4.41;
2021-03-20 09:00:00;678.0;839.09;122.0;13.83;86.35;4.76;
2021-03-20 10:00:00;773.0;844.33;140.0;14.24;86.4;5.17;
2021-03-20 11:00:00;804.0;822.31;158.0;14.37;86.4;4.76;
2021-03-20 12:00:00;778.0;799.67;164.0;14.42;86.4;4.0;
2021-03-20 13:00:00;690.0;756.86;162.0;14.44;86.4;3.38;
2021-03-20 14:00:00;562.0;741.69;132.0;14.48;86.4;3.31;
2021-03-20 15:00:00;349.0;471.25;150.0;14.42;86.4;3.52;
2021-03-20 16:00:00;165.0;326.39;88.0;14.42;86.4;3.72;
2021-03-20 17:00:00;6.0;0.0;6.0;14.42;86.4;4.62;
2021-03-20 18:00:00;0.0;0.0;0.0;14.52;86.4;5.66;
2021-03-20 19:00:00;0.0;0.0;0.0;14.56;86.4;6.97;
2021-03-20 20:00:00;0.0;0.0;0.0;14.49;83.4;7.93;
2021-03-20 21:00:00;0.0;0.0;0.0;14.27;80.45;8.69;
2021-03-20 22:00:00;0.0;0.0;0.0;14.13;77.6;9.03;
2021-03-20 23:00:00;0.0;0.0;0.0;13.92;74.85;8.97;
2021-03-21 00:00:00;0.0;0.0;0.0;13.71;74.75;9.1;
2021-03-21 01:00:00;0.0;0.0;0.0;13.47;72.1;9.66;
2021-03-21 02:00:00;0.0;0.0;0.0;13.21;69.55;11.1;
2021-03-21 03:00:00;0.0;0.0;0.0;12.97;69.55;11.59;
2021-03-21 04:00:00;0.0;0.0;0.0;12.99;67.05;11.79;
2021-03-21 05:00:00;0.0;0.0;0.0;12.95;69.55;11.24;
2021-03-21 06:00:00;73.0;51.85;64.0;12.96;69.55;11.24;
2021-03-21 07:00:00;284.0;392.53;140.0;13.01;67.05;11.59;
2021-03-21 08:00:00;463.0;511.87;189.0;13.07;67.05;11.38;
2021-03-21 09:00:00;614.0;597.81;215.0;13.28;64.65;11.24;
2021-03-21 10:00:00;697.0;587.32;254.0;13.47;67.05;11.03;
2021-03-21 11:00:00;758.0;662.13;235.0;13.74;67.15;11.03;
2021-03-21 12:00:00;439.0;80.33;377.0;13.87;69.65;10.0;
2021-03-21 13:00:00;639.0;571.73;238.0;14.01;69.65;8.83;
2021-03-21 14:00:00;540.0;637.76;168.0;14.16;72.2;8.41;
2021-03-21 15:00:00;295.0;246.69;190.0;14.26;69.75;8.07;
2021-03-21 16:00:00;101.0;41.81;91.0;14.37;69.75;7.93;
2021-03-21 17:00:00;7.0;0.0;7.0;14.48;69.75;8.07;
2021-03-21 18:00:00;0.0;0.0;0.0;14.52;69.75;9.17;
2021-03-21 19:00:00;0.0;0.0;0.0;14.5;69.75;9.66;
2021-03-21 20:00:00;0.0;0.0;0.0;14.38;69.75;10.48;
2021-03-21 21:00:00;0.0;0.0;0.0;14.13;69.65;11.03;
2021-03-21 22:00:00;0.0;0.0;0.0;13.74;69.65;10.97;
2021-03-21 23:00:00;0.0;0.0;0.0;13.65;74.75;10.83;
2021-03-22 00:00:00;0.0;0.0;0.0;13.67;74.75;11.17;
2021-03-22 01:00:00;0.0;0.0;0.0;13.73;77.6;10.9;
2021-03-22 02:00:00;0.0;0.0;0.0;13.79;80.4;10.9;
2021-03-22 03:00:00;0.0;0.0;0.0;13.86;80.4;11.31;
2021-03-22 04:00:00;0.0;0.0;0.0;13.94;83.35;12.76;
2021-03-22 05:00:00;0.0;0.0;0.0;13.86;86.35;12.07;
2021-03-22 06:00:00;75.0;50.32;66.0;14.03;89.45;12.34;
2021-03-22 07:00:00;177.0;53.76;157.0;14.09;89.45;12.34;
2021-03-22 08:00:00;242.0;27.76;227.0;14.22;89.45;12.34;
2021-03-22 09:00:00;581.0;480.5;258.0;14.4;86.4;12.14;
2021-03-22 10:00:00;658.0;469.16;302.0;14.95;86.45;10.97;
2021-03-22 11:00:00;427.0;60.44;379.0;14.95;89.5;10.07;
2021-03-22 12:00:00;147.0;0.0;147.0;14.96;89.5;8.83;
2021-03-22 13:00:00;128.0;0.0;128.0;14.9;92.7;7.52;
2021-03-22 14:00:00;431.0;276.08;269.0;14.71;96.0;6.34;
2021-03-22 15:00:00;363.0;519.86;140.0;14.54;96.0;5.93;
2021-03-22 16:00:00;174.0;363.08;86.0;14.51;96.0;5.66;
2021-03-22 17:00:00;8.0;0.0;8.0;14.43;92.7;5.52;
2021-03-22 18:00:00;0.0;0.0;0.0;14.36;92.7;5.45;
2021-03-22 19:00:00;0.0;0.0;0.0;14.29;89.5;6.07;
2021-03-22 20:00:00;0.0;0.0;0.0;14.13;92.65;6.69;
2021-03-22 21:00:00;0.0;0.0;0.0;13.9;92.65;6.69;
2021-03-22 22:00:00;0.0;0.0;0.0;13.77;89.45;7.52;
2021-03-22 23:00:00;0.0;0.0;0.0;13.66;92.65;7.66;
2021-03-23 00:00:00;0.0;0.0;0.0;13.68;92.65;7.86;
2021-03-23 01:00:00;0.0;0.0;0.0;13.85;86.35;7.93;
2021-03-23 02:00:00;0.0;0.0;0.0;13.93;86.35;7.93;
2021-03-23 03:00:00;0.0;0.0;0.0;13.97;86.35;7.45;
2021-03-23 04:00:00;0.0;0.0;0.0;13.95;86.35;6.83;
2021-03-23 05:00:00;0.0;0.0;0.0;13.85;89.45;6.28;
2021-03-23 06:00:00;88.0;81.46;73.0;13.83;89.45;5.86;
2021-03-23 07:00:00;173.0;42.42;157.0;13.7;92.65;5.24;
2021-03-23 08:00:00;294.0;73.36;254.0;13.71;92.65;4.76;
2021-03-23 09:00:00;655.0;706.09;177.0;13.74;86.35;4.28;
2021-03-23 10:00:00;696.0;555.5;272.0;13.79;86.35;2.9;
2021-03-23 11:00:00;747.0;602.5;266.0;13.81;86.35;2.41;
2021-03-23 12:00:00;709.0;547.62;282.0;13.8;86.35;2.14;
2021-03-23 13:00:00;660.0;612.33;226.0;13.79;83.35;1.72;
2021-03-23 14:00:00;580.0;767.48;127.0;13.77;83.35;1.03;
2021-03-23 15:00:00;395.0;659.33;110.0;13.72;86.3;0.55;
2021-03-23 16:00:00;196.0;500.88;73.0;13.68;86.3;0.9;
2021-03-23 17:00:00;14.0;93.25;10.0;13.66;89.4;1.72;
2021-03-23 18:00:00;0.0;0.0;0.0;13.72;89.4;2.48;
2021-03-23 19:00:00;0.0;0.0;0.0;13.84;86.35;3.45;
2021-03-23 20:00:00;0.0;0.0;0.0;13.98;89.45;4.41;
2021-03-23 21:00:00;0.0;0.0;0.0;14.13;89.45;5.03;
2021-03-23 22:00:00;0.0;0.0;0.0;14.31;89.5;4.83;
2021-03-23 23:00:00;0.0;0.0;0.0;14.38;89.5;4.9;
2021-03-24 00:00:00;0.0;0.0;0.0;14.38;89.5;5.24;
2021-03-24 01:00:00;0.0;0.0;0.0;14.45;89.5;5.52;
2021-03-24 02:00:00;0.0;0.0;0.0;14.51;89.5;5.79;
2021-03-24 03:00:00;0.0;0.0;0.0;14.59;89.5;6.21;
2021-03-24 04:00:00;0.0;0.0;0.0;14.7;86.4;6.62;
2021-03-24 05:00:00;0.0;0.0;0.0;14.82;83.45;6.9;
2021-03-24 06:00:00;40.0;0.0;40.0;14.97;80.55;7.38;
2021-03-24 07:00:00;77.0;0.0;77.0;15.08;77.75;8.14;
2021-03-24 08:00:00;107.0;0.0;107.0;15.3;72.45;9.38;
2021-03-24 09:00:00;121.0;0.0;121.0;15.74;67.55;10.76;
2021-03-24 10:00:00;130.0;0.0;130.0;15.87;70.0;13.1;
2021-03-24 11:00:00;237.0;0.0;237.0;15.94;70.0;13.17;
2021-03-24 12:00:00;131.0;0.0;131.0;15.72;75.1;12.41;
2021-03-24 13:00:00;101.0;0.0;101.0;15.22;77.75;12.41;
2021-03-24 14:00:00;87.0;0.0;87.0;15.15;77.75;12.0;
2021-03-24 15:00:00;66.0;0.0;66.0;14.9;80.55;12.21;
2021-03-24 16:00:00;50.0;0.0;50.0;14.8;80.55;12.83;
2021-03-24 17:00:00;8.0;0.0;8.0;14.62;86.4;13.17;
2021-03-24 18:00:00;0.0;0.0;0.0;14.53;86.4;12.97;
2021-03-24 19:00:00;0.0;0.0;0.0;14.43;89.5;12.62;
2021-03-24 20:00:00;0.0;0.0;0.0;14.44;89.5;12.41;
2021-03-24 21:00:00;0.0;0.0;0.0;14.53;89.5;11.86;
2021-03-24 22:00:00;0.0;0.0;0.0;14.6;89.5;10.9;
2021-03-24 23:00:00;0.0;0.0;0.0;14.61;92.7;12.48;
2021-03-25 00:00:00;0.0;0.0;0.0;14.69;96.0;14.48;
2021-03-25 01:00:00;0.0;0.0;0.0;14.96;96.0;11.66;
2021-03-25 02:00:00;0.0;0.0;0.0;14.75;96.0;10.83;
2021-03-25 03:00:00;0.0;0.0;0.0;14.58;92.7;10.97;
2021-03-25 04:00:00;0.0;0.0;0.0;14.51;92.7;9.45;
2021-03-25 05:00:00;0.0;0.0;0.0;14.45;89.5;9.59;
2021-03-25 06:00:00;67.0;15.41;64.0;14.46;86.4;10.34;
2021-03-25 07:00:00;153.0;18.07;146.0;14.44;83.4;10.76;
2021-03-25 08:00:00;119.0;0.0;119.0;14.37;83.4;10.9;
2021-03-25 09:00:00;281.0;13.11;272.0;14.34;83.4;10.97;
2021-03-25 10:00:00;474.0;117.86;383.0;14.6;86.4;10.41;
2021-03-25 11:00:00;708.0;488.46;314.0;14.67;86.4;10.76;
2021-03-25 12:00:00;783.0;764.48;181.0;14.73;86.45;10.28;
2021-03-25 13:00:00;680.0;669.01;201.0;14.71;89.5;9.79;
2021-03-25 14:00:00;587.0;778.84;122.0;14.73;92.7;9.45;
2021-03-25 15:00:00;330.0;341.88;180.0;14.7;92.7;8.76;
2021-03-25 16:00:00;101.0;31.76;93.0;14.75;89.5;8.97;
2021-03-25 17:00:00;16.0;60.99;13.0;14.78;89.5;8.69;
2021-03-25 18:00:00;0.0;0.0;0.0;14.86;89.5;8.69;
2021-03-25 19:00:00;0.0;0.0;0.0;14.87;89.5;9.03;
2021-03-25 20:00:00;0.0;0.0;0.0;14.92;92.7;8.55;
2021-03-25 21:00:00;0.0;0.0;0.0;14.86;92.7;8.55;
2021-03-25 22:00:00;0.0;0.0;0.0;15.0;92.7;6.41;
2021-03-25 23:00:00;0.0;0.0;0.0;15.01;92.7;6.48;
2021-03-26 00:00:00;0.0;0.0;0.0;15.01;92.7;6.41;
2021-03-26 01:00:00;0.0;0.0;0.0;15.04;92.7;7.86;
2021-03-26 02:00:00;0.0;0.0;0.0;15.1;89.5;8.83;
2021-03-26 03:00:00;0.0;0.0;0.0;15.23;83.5;8.76;
2021-03-26 04:00:00;0.0;0.0;0.0;15.42;80.6;9.45;
2021-03-26 05:00:00;0.0;0.0;0.0;15.5;80.6;10.28;
2021-03-26 06:00:00;29.0;0.0;29.0;15.37;80.6;10.48;
2021-03-26 07:00:00;140.0;10.19;136.0;15.19;86.45;10.28;
2021-03-26 08:00:00;123.0;0.0;123.0;15.02;86.45;9.93;
2021-03-26 09:00:00;531.0;315.49;313.0;14.86;86.45;9.24;
2021-03-26 10:00:00;589.0;288.48;365.0;15.36;80.6;9.31;
2021-03-26 11:00:00;544.0;172.69;404.0;15.14;86.45;7.17;
2021-03-26 12:00:00;336.0;15.17;324.0;14.88;86.45;6.28;
2021-03-26 13:00:00;116.0;0.0;116.0;14.44;92.7;5.79;
2021-03-26 14:00:00;101.0;0.0;101.0;14.14;95.95;4.55;
2021-03-26 15:00:00;45.0;0.0;45.0;14.11;92.65;3.24;
2021-03-26 16:00:00;77.0;3.92;76.0;14.08;92.65;2.55;
2021-03-26 17:00:00;11.0;19.11;10.0;14.1;92.65;3.1;
2021-03-26 18:00:00;0.0;0.0;0.0;14.25;89.5;3.59;
2021-03-26 19:00:00;0.0;0.0;0.0;14.46;89.5;3.93;
2021-03-26 20:00:00;0.0;0.0;0.0;14.37;89.5;3.45;
2021-03-26 21:00:00;0.0;0.0;0.0;14.31;86.4;2.41;
2021-03-26 22:00:00;0.0;0.0;0.0;14.11;89.45;3.1;
2021-03-26 23:00:00;0.0;0.0;0.0;14.09;92.65;0.97;
2021-03-27 00:00:00;0.0;0.0;0.0;14.18;92.65;1.31;
2021-03-27 01:00:00;0.0;0.0;0.0;14.28;89.5;4.0;
2021-03-27 02:00:00;0.0;0.0;0.0;14.37;86.4;6.69;
2021-03-27 03:00:00;0.0;0.0;0.0;14.22;89.45;8.62;
2021-03-27 04:00:00;0.0;0.0;0.0;14.1;89.45;9.66;
2021-03-27 05:00:00;0.0;0.0;0.0;14.06;86.35;10.83;
2021-03-27 06:00:00;72.0;19.5;68.0;13.89;86.35;11.03;
2021-03-27 07:00:00;120.0;2.52;119.0;13.81;80.4;11.03;
2021-03-27 08:00:00;399.0;240.76;263.0;13.76;77.6;10.83;
2021-03-27 09:00:00;519.0;278.9;325.0;13.74;77.6;10.55;
2021-03-27 10:00:00;502.0;143.44;390.0;13.53;77.5;11.1;
2021-03-27 11:00:00;251.0;0.0;251.0;13.61;77.5;11.79;
2021-03-27 12:00:00;313.0;7.55;307.0;13.91;72.2;10.97;
2021-03-27 13:00:00;489.0;183.95;356.0;14.19;74.85;10.48;
2021-03-27 14:00:00;287.0;38.1;264.0;14.45;74.95;10.69;
2021-03-27 15:00:00;280.0;170.74;204.0;14.55;80.45;10.34;
2021-03-27 16:00:00;156.0;189.84;107.0;14.53;80.45;10.34;
2021-03-27 17:00:00;17.0;36.08;15.0;14.3;80.45;10.14;
2021-03-27 18:00:00;0.0;0.0;0.0;14.02;83.35;9.93;
2021-03-27 19:00:00;0.0;0.0;0.0;13.78;80.4;9.93;
2021-03-27 20:00:00;0.0;0.0;0.0;13.83;80.4;9.52;
2021-03-27 21:00:00;0.0;0.0;0.0;14.17;80.4;10.76;
2021-03-27 22:00:00;0.0;0.0;0.0;13.74;80.4;13.24;
2021-03-27 23:00:00;0.0;0.0;0.0;13.99;80.4;13.59;
2021-03-28 00:00:00;0.0;0.0;0.0;14.16;80.4;13.38;
2021-03-28 01:00:00;0.0;0.0;0.0;13.96;80.4;13.59;
2021-03-28 02:00:00;0.0;0.0;0.0;13.84;83.35;13.79;
2021-03-28 03:00:00;0.0;0.0;0.0;13.79;83.35;13.45;
2021-03-28 04:00:00;0.0;0.0;0.0;13.94;80.4;13.38;
2021-03-28 05:00:00;0.0;0.0;0.0;14.09;83.35;13.17;
2021-03-28 06:00:00;132.0;237.74;82.0;14.11;86.35;11.79;
2021-03-28 07:00:00;332.0;484.31;137.0;14.1;86.35;10.48;
2021-03-28 08:00:00;534.0;677.54;148.0;14.13;86.35;9.79;
2021-03-28 09:00:00;665.0;668.43;197.0;14.13;86.35;9.66;
2021-03-28 10:00:00;550.0;203.8;390.0;13.97;80.4;10.07;
2021-03-28 11:00:00;600.0;243.07;401.0;14.04;80.4;10.07;
2021-03-28 12:00:00;579.0;232.88;393.0;14.14;77.6;9.93;
2021-03-28 13:00:00;442.0;115.63;358.0;13.96;80.4;10.0;
2021-03-28 14:00:00;328.0;72.49;284.0;13.73;80.4;9.86;
2021-03-28 15:00:00;46.0;0.0;46.0;13.79;80.4;9.52;
2021-03-28 16:00:00;172.0;256.52;105.0;14.07;77.6;9.1;
2021-03-28 17:00:00;24.0;119.59;17.0;14.26;74.95;9.38;
2021-03-28 18:00:00;0.0;0.0;0.0;14.39;72.3;9.45;
2021-03-28 19:00:00;0.0;0.0;0.0;14.5;72.3;8.69;
2021-03-28 20:00:00;0.0;0.0;0.0;14.59;74.95;7.93;
2021-03-28 21:00:00;0.0;0.0;0.0;14.68;77.65;8.07;
2021-03-28 22:00:00;0.0;0.0;0.0;14.82;72.4;8.62;
2021-03-28 23:00:00;0.0;0.0;0.0;14.83;72.4;8.9;
2021-03-29 00:00:00;0.0;0.0;0.0;14.81;72.4;8.9;
2021-03-29 01:00:00;0.0;0.0;0.0;14.75;72.4;9.45;
2021-03-29 02:00:00;0.0;0.0;0.0;14.64;74.95;9.59;
2021-03-29 03:00:00;0.0;0.0;0.0;14.56;74.95;9.72;
2021-03-29 04:00:00;0.0;0.0;0.0;14.54;72.3;9.45;
2021-03-29 05:00:00;0.0;0.0;0.0;14.49;74.95;8.97;
2021-03-29 06:00:00;169.0;482.6;65.0;14.43;74.95;8.41;
2021-03-29 07:00:00;379.0;681.97;101.0;14.34;80.45;8.07;
2021-03-29 08:00:00;586.0;833.79;107.0;14.3;83.4;7.93;
2021-03-29 09:00:00;740.0;877.02;122.0;14.25;83.4;7.38;
2021-03-29 10:00:00;841.0;902.07;129.0;14.41;77.65;6.97;
2021-03-29 11:00:00;883.0;914.16;131.0;14.43;77.65;6.76;
2021-03-29 12:00:00;862.0;918.55;125.0;14.44;77.65;6.62;
2021-03-29 13:00:00;775.0;900.13;118.0;14.39;80.45;6.55;
2021-03-29 14:00:00;632.0;863.69;105.0;14.34;80.45;6.9;
2021-03-29 15:00:00;437.0;751.08;98.0;14.35;83.4;6.69;
2021-03-29 16:00:00;213.0;495.74;82.0;14.46;86.4;6.69;
2021-03-29 17:00:00;29.0;194.74;17.0;14.56;89.5;6.48;
2021-03-29 18:00:00;0.0;0.0;0.0;14.66;89.5;6.55;
2021-03-29 19:00:00;0.0;0.0;0.0;14.74;86.45;5.79;
2021-03-29 20:00:00;0.0;0.0;0.0;14.79;86.45;6.07;
2021-03-29 21:00:00;0.0;0.0;0.0;14.86;83.45;7.17;
2021-03-29 22:00:00;0.0;0.0;0.0;14.82;83.45;7.45;
2021-03-29 23:00:00;0.0;0.0;0.0;14.72;83.4;8.41;
2021-03-30 00:00:00;0.0;0.0;0.0;14.65;86.4;9.17;
2021-03-30 01:00:00;0.0;0.0;0.0;14.63;86.4;8.9;
2021-03-30 02:00:00;0.0;0.0;0.0;14.64;86.4;9.31;
2021-03-30 03:00:00;0.0;0.0;0.0;14.64;83.4;10.62;
2021-03-30 04:00:00;0.0;0.0;0.0;14.63;83.4;11.79;
2021-03-30 05:00:00;0.0;0.0;0.0;14.63;86.4;11.03;
2021-03-30 06:00:00;123.0;149.55;90.0;14.62;86.4;11.93;
2021-03-30 07:00:00;352.0;545.29;127.0;14.7;86.4;11.72;
2021-03-30 08:00:00;563.0;759.63;123.0;15.06;80.55;12.21;
2021-03-30 09:00:00;676.0;681.12;193.0;15.28;77.8;11.45;
2021-03-30 10:00:00;667.0;420.94;333.0;15.67;75.1;11.66;
2021-03-30 11:00:00;354.0;15.73;341.0;15.57;77.8;12.69;
2021-03-30 12:00:00;648.0;354.86;362.0;15.49;77.8;12.83;
2021-03-30 13:00:00;734.0;800.53;147.0;15.42;80.6;13.03;
2021-03-30 14:00:00;603.0;776.05;127.0;15.33;80.6;13.45;
2021-03-30 15:00:00;396.0;569.95;137.0;15.45;83.5;13.86;
2021-03-30 16:00:00;205.0;445.22;86.0;15.72;83.5;13.79;
2021-03-30 17:00:00;29.0;154.57;19.0;15.85;77.85;13.31;
2021-03-30 18:00:00;0.0;0.0;0.0;15.89;77.85;12.97;
2021-03-30 19:00:00;0.0;0.0;0.0;15.86;77.85;12.34;
2021-03-30 20:00:00;0.0;0.0;0.0;15.76;77.85;11.79;
2021-03-30 21:00:00;0.0;0.0;0.0;15.6;80.6;10.9;
2021-03-30 22:00:00;0.0;0.0;0.0;15.78;80.65;8.9;
2021-03-30 23:00:00;0.0;0.0;0.0;15.58;83.5;8.76;
2021-03-31 00:00:00;0.0;0.0;0.0;15.42;83.5;9.03;
2021-03-31 01:00:00;0.0;0.0;0.0;15.32;83.5;8.83;
2021-03-31 02:00:00;0.0;0.0;0.0;15.24;83.5;7.93;
2021-03-31 03:00:00;0.0;0.0;0.0;15.19;89.5;7.31;
2021-03-31 04:00:00;0.0;0.0;0.0;15.16;89.5;7.52;
2021-03-31 05:00:00;0.0;0.0;0.0;15.13;89.5;7.45;
2021-03-31 06:00:00;160.0;354.31;80.0;15.1;86.45;7.93;
2021-03-31 07:00:00;324.0;383.18;164.0;15.02;89.5;7.93;
2021-03-31 08:00:00;549.0;674.74;155.0;14.99;89.5;7.66;
2021-03-31 09:00:00;705.0;759.59;163.0;14.97;89.5;8.0;
2021-03-31 10:00:00;791.0;746.01;196.0;15.0;86.45;8.41;
2021-03-31 11:00:00;862.0;859.92;148.0;15.02;86.45;7.86;
2021-03-31 12:00:00;832.0;840.02;152.0;15.1;89.5;7.52;
2021-03-31 13:00:00;740.0;796.92;153.0;15.17;89.5;6.48;
2021-03-31 14:00:00;615.0;798.04;123.0;15.31;86.5;5.86;
2021-03-31 15:00:00;430.0;710.43;105.0;15.44;86.5;5.93;
2021-03-31 16:00:00;227.0;566.04;74.0;16.4;75.77;11.2;
2021-03-31 17:00:00;30.0;132.82;21.0;16.35;76.12;10.9;
2021-03-31 18:00:00;0.0;0.0;0.0;16.3;76.47;10.6;
2021-03-31 19:00:00;0.0;0.0;0.0;16.25;76.82;10.3;
2021-03-31 20:00:00;0.0;0.0;0.0;16.2;77.17;10.01;
2021-03-31 21:00:00;0.0;0.0;0.0;16.15;77.52;9.71;
2021-03-31 22:00:00;0.0;0.0;0.0;16.1;77.87;9.41;
2021-03-31 23:00:00;0.0;0.0;0.0;16.06;78.22;9.11;
2021-04-01 00:00:00;0.0;0.0;0.0;16.01;78.57;8.82;
2021-04-01 01:00:00;0.0;0.0;0.0;15.96;78.92;8.52;
2021-04-01 02:00:00;0.0;0.0;0.0;15.91;79.27;8.22;
2021-04-01 03:00:00;0.0;0.0;0.0;15.86;79.62;7.92;
2021-04-01 04:00:00;0.0;0.0;0.0;15.81;79.97;7.63;
2021-04-01 05:00:00;7.0;0.0;7.0;15.76;80.32;7.33;
2021-04-01 06:00:00;180.0;428.03;79.0;15.71;80.67;7.03;
2021-04-01 07:00:00;389.0;638.85;116.0;15.66;81.02;6.73;
2021-04-01 08:00:00;579.0;740.07;140.0;15.75;83.55;6.14;
2021-04-01 09:00:00;737.0;812.76;150.0;15.78;80.65;6.21;
2021-04-01 10:00:00;839.0;846.51;157.0;16.09;75.25;6.41;
2021-04-01 11:00:00;879.0;858.2;160.0;16.11;75.25;6.21;
2021-04-01 12:00:00;847.0;838.99;162.0;16.15;75.25;5.72;
2021-04-01 13:00:00;758.0;808.79;157.0;16.16;75.25;5.24;
2021-04-01 14:00:00;610.0;741.95;148.0;16.17;75.25;4.76;
2021-04-01 15:00:00;421.0;625.73;131.0;16.2;77.95;4.0;
2021-04-01 16:00:00;208.0;394.55;99.0;16.12;77.95;3.17;
2021-04-01 17:00:00;32.0;121.87;23.0;16.0;77.95;2.69;
2021-04-01 18:00:00;0.0;0.0;0.0;15.92;80.65;2.62;
2021-04-01 19:00:00;0.0;0.0;0.0;15.88;83.55;2.69;
2021-04-01 20:00:00;0.0;0.0;0.0;15.86;83.55;2.9;
2021-04-01 21:00:00;0.0;0.0;0.0;15.92;83.55;3.17;
2021-04-01 22:00:00;0.0;0.0;0.0;15.93;83.55;3.24;
2021-04-01 23:00:00;0.0;0.0;0.0;15.92;83.55;3.24;
2021-04-02 00:00:00;0.0;0.0;0.0;15.88;83.55;3.38;
2021-04-02 01:00:00;0.0;0.0;0.0;15.79;86.5;3.72;
2021-04-02 02:00:00;0.0;0.0;0.0;15.74;83.55;4.28;
2021-04-02 03:00:00;0.0;0.0;0.0;15.78;86.5;4.69;
2021-04-02 04:00:00;0.0;0.0;0.0;15.78;86.5;5.31;
2021-04-02 05:00:00;8.0;0.0;8.0;15.8;86.5;5.72;
2021-04-02 06:00:00;155.0;248.96;95.0;15.74;86.5;5.59;
2021-04-02 07:00:00;339.0;395.69;168.0;15.56;86.5;5.66;
2021-04-02 08:00:00;507.0;471.77;225.0;15.53;86.5;6.07;
2021-04-02 09:00:00;715.0;752.93;168.0;15.66;86.5;6.48;
2021-04-02 10:00:00;778.0;673.15;233.0;15.85;86.5;7.45;
2021-04-02 11:00:00;749.0;507.45;322.0;16.1;80.75;7.52;
2021-04-02 12:00:00;740.0;537.9;299.0;16.38;77.95;7.17;
2021-04-02 13:00:00;742.0;774.52;164.0;16.63;75.3;6.9;
2021-04-02 14:00:00;597.0;706.39;155.0;16.82;72.7;6.34;
2021-04-02 15:00:00;387.0;478.12;164.0;16.83;72.7;5.52;
2021-04-02 16:00:00;209.0;397.54;98.0;16.76;75.3;4.41;
2021-04-02 17:00:00;34.0;130.07;24.0;16.64;75.3;3.38;
2021-04-02 18:00:00;0.0;0.0;0.0;16.52;78.0;3.24;
2021-04-02 19:00:00;0.0;0.0;0.0;16.5;78.0;4.14;
2021-04-02 20:00:00;0.0;0.0;0.0;16.54;78.0;5.17;
2021-04-02 21:00:00;0.0;0.0;0.0;16.75;75.3;6.21;
2021-04-02 22:00:00;0.0;0.0;0.0;16.48;75.3;7.59;
2021-04-02 23:00:00;0.0;0.0;0.0;16.4;75.25;8.28;
2021-04-03 00:00:00;0.0;0.0;0.0;16.31;70.1;7.93;
2021-04-03 01:00:00;0.0;0.0;0.0;16.22;67.65;7.31;
2021-04-03 02:00:00;0.0;0.0;0.0;16.14;67.65;6.41;
2021-04-03 03:00:00;0.0;0.0;0.0;16.02;67.65;6.07;
2021-04-03 04:00:00;0.0;0.0;0.0;15.89;72.55;5.59;
2021-04-03 05:00:00;7.0;0.0;7.0;15.79;75.15;5.38;
2021-04-03 06:00:00;83.0;12.19;80.0;15.74;80.65;4.9;
2021-04-03 07:00:00;117.0;0.0;117.0;15.6;83.55;4.07;
2021-04-03 08:00:00;161.0;0.0;161.0;15.6;83.55;3.52;
2021-04-03 09:00:00;335.0;27.37;315.0;15.75;86.5;2.9;
2021-04-03 10:00:00;496.0;111.86;405.0;15.85;83.55;2.28;
2021-04-03 11:00:00;528.0;123.07;424.0;15.79;86.5;1.38;
2021-04-03 12:00:00;539.0;153.06;413.0;15.74;86.5;1.38;
2021-04-03 13:00:00;712.0;664.52;214.0;15.73;86.5;2.07;
2021-04-03 14:00:00;563.0;569.42;205.0;15.88;86.5;2.48;
2021-04-03 15:00:00;369.0;392.04;185.0;15.96;83.6;3.24;
2021-04-03 16:00:00;178.0;216.2;117.0;15.93;89.6;3.66;
2021-04-03 17:00:00;32.0;87.61;25.0;15.87;89.6;3.66;
2021-04-03 18:00:00;0.0;0.0;0.0;15.88;89.6;3.45;
2021-04-03 19:00:00;0.0;0.0;0.0;15.98;86.55;3.31;
2021-04-03 20:00:00;0.0;0.0;0.0;16.01;86.55;3.45;
2021-04-03 21:00:00;0.0;0.0;0.0;16.0;86.55;3.45;
2021-04-03 22:00:00;0.0;0.0;0.0;15.79;89.6;3.1;
2021-04-03 23:00:00;0.0;0.0;0.0;15.8;89.6;2.9;
2021-04-04 00:00:00;0.0;0.0;0.0;15.83;89.6;3.38;
2021-04-04 01:00:00;0.0;0.0;0.0;15.92;89.6;4.0;
2021-04-04 02:00:00;0.0;0.0;0.0;15.96;86.55;4.62;
2021-04-04 03:00:00;0.0;0.0;0.0;15.89;89.6;4.48;
2021-04-04 04:00:00;0.0;0.0;0.0;15.78;89.6;3.59;
2021-04-04 05:00:00;16.0;84.01;12.0;15.59;86.5;2.76;
2021-04-04 06:00:00;98.0;27.89;91.0;15.3;92.75;3.1;
2021-04-04 07:00:00;273.0;163.02;201.0;14.98;92.75;3.66;
2021-04-04 08:00:00;516.0;481.28;224.0;15.19;92.75;2.83;
2021-04-04 09:00:00;516.0;217.73;356.0;15.64;89.6;1.93;
2021-04-04 10:00:00;778.0;656.98;241.0;15.52;86.5;2.28;
2021-04-04 11:00:00;482.0;80.13;414.0;15.53;86.5;3.93;
2021-04-04 12:00:00;657.0;338.77;377.0;15.66;86.5;4.83;
2021-04-04 13:00:00;486.0;152.82;371.0;15.95;83.6;4.28;
2021-04-04 14:00:00;354.0;88.65;298.0;15.93;86.5;3.17;
2021-04-04 15:00:00;305.0;188.47;216.0;15.84;86.5;2.21;
2021-04-04 16:00:00;176.0;199.96;119.0;15.73;89.6;2.83;
2021-04-04 17:00:00;25.0;24.12;23.0;15.71;89.6;3.59;
2021-04-04 18:00:00;0.0;0.0;0.0;15.74;89.6;1.79;
2021-04-04 19:00:00;0.0;0.0;0.0;15.78;89.6;2.28;
2021-04-04 20:00:00;0.0;0.0;0.0;15.86;89.6;4.0;
2021-04-04 21:00:00;0.0;0.0;0.0;15.9;89.6;4.69;
2021-04-04 22:00:00;0.0;0.0;0.0;16.0;89.65;6.21;
2021-04-04 23:00:00;0.0;0.0;0.0;15.88;92.75;6.62;
2021-04-05 00:00:00;0.0;0.0;0.0;15.69;92.75;4.69;
2021-04-05 01:00:00;0.0;0.0;0.0;15.61;92.75;3.17;
2021-04-05 02:00:00;0.0;0.0;0.0;15.61;92.75;2.83;
2021-04-05 03:00:00;0.0;0.0;0.0;15.53;92.75;2.97;
2021-04-05 04:00:00;0.0;0.0;0.0;15.41;92.75;3.93;
2021-04-05 05:00:00;13.0;18.97;12.0;15.19;92.75;4.0;
2021-04-05 06:00:00;101.0;31.26;93.0;14.99;92.75;3.79;
2021-04-05 07:00:00;348.0;394.31;172.0;14.81;92.7;3.52;
2021-04-05 08:00:00;511.0;458.18;231.0;14.75;92.7;3.17;
2021-04-05 09:00:00;659.0;542.66;258.0;14.73;92.7;2.83;
2021-04-05 10:00:00;769.0;627.16;254.0;15.8;86.5;3.03;
2021-04-05 11:00:00;850.0;773.35;191.0;15.82;86.5;3.1;
2021-04-05 12:00:00;819.0;750.82;196.0;15.82;86.5;3.1;
2021-04-05 13:00:00;732.0;723.97;185.0;15.86;86.5;2.83;
2021-04-05 14:00:00;590.0;658.7;172.0;15.86;86.5;2.34;
2021-04-05 15:00:00;411.0;564.1;143.0;15.87;86.5;2.07;
2021-04-05 16:00:00;216.0;409.8;98.0;15.97;83.6;2.21;
2021-04-05 17:00:00;40.0;139.69;28.0;15.99;83.6;2.41;
2021-04-05 18:00:00;0.0;0.0;0.0;15.97;83.6;2.41;
2021-04-05 19:00:00;0.0;0.0;0.0;15.95;83.6;2.14;
2021-04-05 20:00:00;0.0;0.0;0.0;15.93;86.5;1.93;
2021-04-05 21:00:00;0.0;0.0;0.0;15.95;83.6;2.14;
2021-04-05 22:00:00;0.0;0.0;0.0;15.87;86.5;2.97;
2021-04-05 23:00:00;0.0;0.0;0.0;15.86;86.5;3.31;
2021-04-06 00:00:00;0.0;0.0;0.0;15.87;86.5;3.38;
2021-04-06 01:00:00;0.0;0.0;0.0;15.85;86.5;3.17;
2021-04-06 02:00:00;0.0;0.0;0.0;15.82;86.5;2.97;
2021-04-06 03:00:00;0.0;0.0;0.0;15.8;86.5;2.14;
2021-04-06 04:00:00;0.0;0.0;0.0;15.75;86.5;1.1;
2021-04-06 05:00:00;21.0;69.23;17.0;15.64;83.55;0.21;
2021-04-06 06:00:00;186.0;352.81;94.0;15.48;86.5;0.55;
2021-04-06 07:00:00;399.0;609.78;124.0;15.28;89.55;0.76;
2021-04-06 08:00:00;590.0;729.53;141.0;15.29;89.55;0.62;
2021-04-06 09:00:00;729.0;751.01;171.0;15.4;89.55;0.21;
2021-04-06 10:00:00;789.0;670.39;236.0;15.51;86.5;0.34;
2021-04-06 11:00:00;876.0;833.35;163.0;15.49;86.5;0.9;
2021-04-06 12:00:00;839.0;800.77;172.0;15.57;86.5;1.45;
2021-04-06 13:00:00;750.0;771.2;165.0;15.75;83.55;2.21;
2021-04-06 14:00:00;602.0;690.23;162.0;15.97;77.95;3.45;
2021-04-06 15:00:00;342.0;280.38;208.0;15.98;80.75;4.34;
2021-04-06 16:00:00;200.0;295.72;114.0;15.91;86.5;5.1;
2021-04-06 17:00:00;32.0;56.25;27.0;15.95;83.6;5.93;
2021-04-06 18:00:00;0.0;0.0;0.0;16.14;83.6;6.41;
2021-04-06 19:00:00;0.0;0.0;0.0;16.25;83.6;6.48;
2021-04-06 20:00:00;0.0;0.0;0.0;16.33;83.6;5.93;
2021-04-06 21:00:00;0.0;0.0;0.0;16.29;83.6;4.48;
2021-04-06 22:00:00;0.0;0.0;0.0;16.21;83.6;1.72;
2021-04-06 23:00:00;0.0;0.0;0.0;16.08;83.6;3.45;
2021-04-07 00:00:00;0.0;0.0;0.0;15.98;83.6;6.62;
2021-04-07 01:00:00;0.0;0.0;0.0;15.62;77.85;7.72;
2021-04-07 02:00:00;0.0;0.0;0.0;15.24;80.6;7.17;
2021-04-07 03:00:00;0.0;0.0;0.0;15.08;80.6;6.55;
2021-04-07 04:00:00;0.0;0.0;0.0;15.01;83.5;6.07;
2021-04-07 05:00:00;6.0;0.0;6.0;14.93;86.45;5.45;
2021-04-07 06:00:00;98.0;18.83;93.0;14.8;83.45;5.38;
2021-04-07 07:00:00;300.0;204.14;207.0;14.82;83.45;6.41;
2021-04-07 08:00:00;86.0;0.0;86.0;15.09;80.6;6.97;
2021-04-07 09:00:00;419.0;80.32;359.0;15.46;77.85;8.0;
2021-04-07 10:00:00;715.0;458.62;335.0;15.94;77.85;9.59;
2021-04-07 11:00:00;841.0;712.48;229.0;15.85;80.65;9.31;
2021-04-07 12:00:00;750.0;527.45;309.0;15.79;80.65;9.03;
2021-04-07 13:00:00;543.0;228.49;369.0;15.73;80.65;8.9;
2021-04-07 14:00:00;511.0;374.82;271.0;15.74;77.85;9.31;
2021-04-07 15:00:00;431.0;621.96;132.0;15.74;75.15;10.28;
2021-04-07 16:00:00;223.0;415.43;101.0;15.7;70.0;10.83;
2021-04-07 17:00:00;45.0;163.28;30.0;15.69;67.55;11.03;
2021-04-07 18:00:00;0.0;0.0;0.0;15.73;67.55;11.03;
2021-04-07 19:00:00;0.0;0.0;0.0;15.8;70.0;10.76;
2021-04-07 20:00:00;0.0;0.0;0.0;15.84;72.55;10.62;
2021-04-07 21:00:00;0.0;0.0;0.0;15.83;72.55;9.93;
2021-04-07 22:00:00;0.0;0.0;0.0;15.73;72.55;8.55;
2021-04-07 23:00:00;0.0;0.0;0.0;15.76;72.55;8.55;
2021-04-08 00:00:00;0.0;0.0;0.0;15.72;72.55;9.45;
2021-04-08 01:00:00;0.0;0.0;0.0;15.16;75.1;11.31;
2021-04-08 02:00:00;0.0;0.0;0.0;14.25;80.45;14.28;
2021-04-08 03:00:00;0.0;0.0;0.0;14.52;77.75;14.07;
2021-04-08 04:00:00;0.0;0.0;0.0;14.26;80.45;14.14;
2021-04-08 05:00:00;19.0;14.75;18.0;13.64;83.35;14.21;
2021-04-08 06:00:00;211.0;458.61;87.0;12.97;83.25;13.93;
2021-04-08 07:00:00;379.0;460.78;167.0;13.73;80.4;13.38;
2021-04-08 08:00:00;606.0;738.79;145.0;14.48;69.85;14.14;
2021-04-08 09:00:00;719.0;672.52;214.0;15.05;62.75;14.41;
2021-04-08 10:00:00;775.0;593.62;281.0;15.12;58.35;13.45;
2021-04-08 11:00:00;438.0;42.91;401.0;15.26;62.75;14.21;
2021-04-08 12:00:00;782.0;594.62;283.0;15.41;65.05;14.14;
2021-04-08 13:00:00;558.0;245.94;370.0;15.55;62.85;14.76;
2021-04-08 14:00:00;542.0;449.38;253.0;15.47;65.15;14.76;
2021-04-08 15:00:00;407.0;490.16;170.0;15.51;65.15;15.31;
2021-04-08 16:00:00;183.0;188.87;127.0;15.55;65.15;15.66;
2021-04-08 17:00:00;43.0;116.0;32.0;15.5;65.15;15.93;
2021-04-08 18:00:00;0.0;0.0;0.0;15.37;67.45;16.0;
2021-04-08 19:00:00;0.0;0.0;0.0;15.15;65.05;15.79;
2021-04-08 20:00:00;0.0;0.0;0.0;15.05;65.05;16.07;
2021-04-08 21:00:00;0.0;0.0;0.0;15.05;65.05;16.0;
2021-04-08 22:00:00;0.0;0.0;0.0;15.06;65.05;16.0;
2021-04-08 23:00:00;0.0;0.0;0.0;15.08;62.75;15.72;
2021-04-09 00:00:00;0.0;0.0;0.0;15.0;62.75;15.24;
2021-04-09 01:00:00;0.0;0.0;0.0;14.84;64.95;14.34;
2021-04-09 02:00:00;0.0;0.0;0.0;14.71;64.95;13.31;
2021-04-09 03:00:00;0.0;0.0;0.0;14.79;67.35;12.07;
2021-04-09 04:00:00;0.0;0.0;0.0;14.81;67.35;11.24;
2021-04-09 05:00:00;35.0;178.75;22.0;14.67;67.35;11.38;
2021-04-09 06:00:00;220.0;479.8;88.0;14.36;67.25;11.66;
2021-04-09 07:00:00;423.0;628.54;131.0;14.15;62.55;11.52;
2021-04-09 08:00:00;626.0;778.46;137.0;14.07;58.1;11.24;
2021-04-09 09:00:00;779.0;837.34;147.0;14.07;56.0;10.9;
2021-04-09 10:00:00;884.0;880.65;148.0;13.86;58.0;10.97;
2021-04-09 11:00:00;906.0;856.08;165.0;13.88;55.9;10.69;
2021-04-09 12:00:00;882.0;858.44;159.0;13.88;53.85;10.14;
2021-04-09 13:00:00;798.0;852.34;144.0;13.88;51.9;9.66;
2021-04-09 14:00:00;646.0;786.52;138.0;13.89;51.9;9.03;
2021-04-09 15:00:00;461.0;705.37;118.0;13.92;51.9;8.28;
2021-04-09 16:00:00;250.0;544.57;87.0;14.01;50.1;7.31;
2021-04-09 17:00:00;54.0;235.21;31.0;14.04;50.1;6.14;
2021-04-09 18:00:00;0.0;0.0;0.0;14.07;52.0;4.9;
2021-04-09 19:00:00;0.0;0.0;0.0;14.09;53.95;3.72;
2021-04-09 20:00:00;0.0;0.0;0.0;14.15;56.0;2.9;
2021-04-09 21:00:00;0.0;0.0;0.0;14.29;58.1;2.69;
2021-04-09 22:00:00;0.0;0.0;0.0;14.3;62.55;2.14;
2021-04-09 23:00:00;0.0;0.0;0.0;14.62;64.95;2.76;
2021-04-10 00:00:00;0.0;0.0;0.0;14.89;67.35;3.66;
2021-04-10 01:00:00;0.0;0.0;0.0;15.05;65.05;4.34;
2021-04-10 02:00:00;0.0;0.0;0.0;15.08;65.05;4.55;
2021-04-10 03:00:00;0.0;0.0;0.0;15.03;65.05;4.83;
2021-04-10 04:00:00;0.0;0.0;0.0;14.97;65.05;4.69;
2021-04-10 05:00:00;38.0;167.47;25.0;14.89;67.35;4.41;
2021-04-10 06:00:00;224.0;493.21;86.0;14.82;67.35;3.93;
2021-04-10 07:00:00;420.0;614.1;132.0;14.71;67.35;3.38;
2021-04-10 08:00:00;571.0;578.86;205.0;14.69;67.35;2.9;
2021-04-10 09:00:00;747.0;742.19;184.0;14.72;67.35;2.28;
2021-04-10 10:00:00;862.0;830.51;165.0;14.77;69.85;2.9;
2021-04-10 11:00:00;897.0;841.4;166.0;14.86;69.85;3.93;
2021-04-10 12:00:00;864.0;818.72;172.0;14.95;69.9;4.69;
2021-04-10 13:00:00;756.0;731.05;193.0;15.01;69.9;5.45;
2021-04-10 14:00:00;561.0;491.81;242.0;15.12;72.45;5.93;
2021-04-10 15:00:00;388.0;396.74;194.0;15.19;75.1;6.41;
2021-04-10 16:00:00;158.0;95.99;129.0;15.26;77.8;7.1;
2021-04-10 17:00:00;53.0;198.55;33.0;15.4;77.8;8.07;
2021-04-10 18:00:00;0.0;0.0;0.0;15.48;75.15;8.28;
2021-04-10 19:00:00;0.0;0.0;0.0;15.41;80.6;10.41;
2021-04-10 20:00:00;0.0;0.0;0.0;15.37;80.6;10.55;
2021-04-10 21:00:00;0.0;0.0;0.0;15.37;83.5;10.55;
2021-04-10 22:00:00;0.0;0.0;0.0;15.42;83.5;9.93;
2021-04-10 23:00:00;0.0;0.0;0.0;15.4;83.5;11.45;
2021-04-11 00:00:00;0.0;0.0;0.0;15.19;86.5;13.59;
2021-04-11 01:00:00;0.0;0.0;0.0;15.37;83.5;12.83;
2021-04-11 02:00:00;0.0;0.0;0.0;15.42;86.5;11.24;
2021-04-11 03:00:00;0.0;0.0;0.0;15.48;83.55;11.03;
2021-04-11 04:00:00;0.0;0.0;0.0;15.46;83.55;10.76;
2021-04-11 05:00:00;28.0;48.5;24.0;15.49;83.55;10.55;
2021-04-11 06:00:00;106.0;17.58;101.0;15.49;86.5;11.03;
2021-04-11 07:00:00;169.0;8.45;165.0;15.38;89.55;11.31;
2021-04-11 08:00:00;503.0;364.59;271.0;15.45;86.5;11.1;
2021-04-11 09:00:00;371.0;38.04;342.0;15.49;86.5;10.62;
2021-04-11 10:00:00;340.0;9.49;332.0;15.62;86.5;10.9;
2021-04-11 11:00:00;180.0;0.0;180.0;15.68;86.5;9.45;
2021-04-11 12:00:00;223.0;0.0;223.0;15.8;89.6;7.79;
2021-04-11 13:00:00;584.0;288.52;361.0;15.91;89.6;6.55;
2021-04-11 14:00:00;567.0;517.41;230.0;16.25;86.55;6.62;
2021-04-11 15:00:00;422.0;536.92;158.0;16.39;83.6;7.79;
2021-04-11 16:00:00;235.0;439.49;101.0;16.41;80.75;8.07;
2021-04-11 17:00:00;55.0;202.57;34.0;16.31;75.25;8.55;
2021-04-11 18:00:00;0.0;0.0;0.0;16.19;75.25;8.48;
2021-04-11 19:00:00;0.0;0.0;0.0;16.09;75.25;8.14;
2021-04-11 20:00:00;0.0;0.0;0.0;16.07;75.25;8.34;
2021-04-11 21:00:00;0.0;0.0;0.0;16.02;72.65;8.34;
2021-04-11 22:00:00;0.0;0.0;0.0;15.7;70.0;7.52;
2021-04-11 23:00:00;0.0;0.0;0.0;15.65;67.55;6.83;
2021-04-12 00:00:00;0.0;0.0;0.0;15.55;67.55;6.41;
2021-04-12 01:00:00;0.0;0.0;0.0;15.38;67.45;6.07;
2021-04-12 02:00:00;0.0;0.0;0.0;15.21;67.45;5.66;
2021-04-12 03:00:00;0.0;0.0;0.0;15.13;65.05;5.03;
2021-04-12 04:00:00;0.0;0.0;0.0;15.06;65.05;4.07;
2021-04-12 05:00:00;46.0;217.7;27.0;15.08;65.05;4.28;
2021-04-12 06:00:00;212.0;359.86;108.0;15.05;65.05;4.0;
2021-04-12 07:00:00;416.0;552.73;152.0;14.95;65.05;3.31;
2021-04-12 08:00:00;536.0;438.84;255.0;14.99;65.05;2.69;
2021-04-12 09:00:00;618.0;361.63;341.0;15.06;67.45;2.0;
2021-04-12 10:00:00;780.0;570.89;297.0;15.08;67.45;2.41;
2021-04-12 11:00:00;801.0;554.25;316.0;15.18;69.9;3.52;
2021-04-12 12:00:00;808.0;635.69;267.0;15.26;72.45;4.76;
2021-04-12 13:00:00;436.0;78.64;375.0;15.23;75.1;5.59;
2021-04-12 14:00:00;355.0;73.4;307.0;15.31;77.8;5.66;
2021-04-12 15:00:00;158.0;2.02;157.0;15.37;80.6;6.62;
2021-04-12 16:00:00;83.0;0.0;83.0;15.51;80.65;7.1;
2021-04-12 17:00:00;36.0;37.53;32.0;15.69;80.65;7.66;
2021-04-12 18:00:00;0.0;0.0;0.0;15.74;80.65;8.41;
2021-04-12 19:00:00;0.0;0.0;0.0;15.72;83.55;8.83;
2021-04-12 20:00:00;0.0;0.0;0.0;15.57;83.55;8.62;
2021-04-12 21:00:00;0.0;0.0;0.0;15.5;80.65;8.9;
2021-04-12 22:00:00;0.0;0.0;0.0;15.3;80.6;9.1;
2021-04-12 23:00:00;0.0;0.0;0.0;15.23;80.6;9.31;
2021-04-13 00:00:00;0.0;0.0;0.0;14.84;80.55;10.83;
2021-04-13 01:00:00;0.0;0.0;0.0;14.54;77.75;12.62;
2021-04-13 02:00:00;0.0;0.0;0.0;14.71;77.75;14.9;
2021-04-13 03:00:00;0.0;0.0;0.0;14.74;77.75;16.34;
2021-04-13 04:00:00;0.0;0.0;0.0;14.72;83.45;16.69;
2021-04-13 05:00:00;46.0;173.86;30.0;14.82;83.45;16.9;
2021-04-13 06:00:00;121.0;34.07;111.0;15.05;83.5;16.21;
2021-04-13 07:00:00;100.0;0.0;100.0;15.35;83.5;15.24;
2021-04-13 08:00:00;0.0;0.0;0.0;15.68;83.55;15.1;
2021-04-13 09:00:00;87.0;0.0;87.0;15.83;86.5;15.31;
2021-04-13 10:00:00;312.0;4.71;308.0;15.38;89.55;14.83;
2021-04-13 11:00:00;587.0;170.82;437.0;15.54;86.5;11.72;
2021-04-13 12:00:00;461.0;64.41;406.0;15.86;83.55;11.31;
2021-04-13 13:00:00;599.0;317.35;352.0;15.75;83.55;11.66;
2021-04-13 14:00:00;404.0;137.07;314.0;15.5;83.55;12.62;
2021-04-13 15:00:00;239.0;50.3;214.0;15.45;83.55;13.24;
2021-04-13 16:00:00;114.0;16.11;109.0;15.38;83.5;14.14;
2021-04-13 17:00:00;32.0;18.26;30.0;15.27;83.5;15.31;
2021-04-13 18:00:00;0.0;0.0;0.0;15.18;83.5;14.48;
2021-04-13 19:00:00;0.0;0.0;0.0;14.75;83.45;13.79;
2021-04-13 20:00:00;0.0;0.0;0.0;14.91;80.55;13.72;
2021-04-13 21:00:00;0.0;0.0;0.0;14.99;72.45;13.93;
2021-04-13 22:00:00;0.0;0.0;0.0;14.78;75.0;14.34;
2021-04-13 23:00:00;0.0;0.0;0.0;14.87;75.0;14.69;
2021-04-14 00:00:00;0.0;0.0;0.0;14.91;75.0;15.24;
2021-04-14 01:00:00;0.0;0.0;0.0;14.8;75.0;15.45;
2021-04-14 02:00:00;0.0;0.0;0.0;14.72;75.0;15.59;
2021-04-14 03:00:00;0.0;0.0;0.0;14.58;77.75;15.38;
2021-04-14 04:00:00;0.0;0.0;0.0;14.52;75.0;15.72;
2021-04-14 05:00:00;53.0;237.79;30.0;14.58;75.0;15.59;
2021-04-14 06:00:00;145.0;70.48;124.0;14.7;72.4;15.86;
2021-04-14 07:00:00;412.0;502.02;168.0;14.81;69.85;15.31;
2021-04-14 08:00:00;621.0;708.22;162.0;14.82;72.4;14.9;
2021-04-14 09:00:00;759.0;732.09;193.0;14.87;69.85;14.48;
2021-04-14 10:00:00;800.0;609.9;280.0;14.65;69.85;13.86;
2021-04-14 11:00:00;900.0;813.76;183.0;14.73;67.35;13.24;
2021-04-14 12:00:00;732.0;436.58;358.0;14.82;67.35;12.97;
2021-04-14 13:00:00;754.0;692.72;213.0;14.86;67.35;13.38;
2021-04-14 14:00:00;584.0;538.53;229.0;14.95;67.45;13.24;
2021-04-14 15:00:00;460.0;666.5;127.0;15.1;67.45;12.83;
2021-04-14 16:00:00;227.0;341.71;120.0;15.22;69.9;12.48;
2021-04-14 17:00:00;63.0;231.28;37.0;15.28;69.9;13.03;
2021-04-14 18:00:00;0.0;0.0;0.0;15.29;69.9;12.97;
2021-04-14 19:00:00;0.0;0.0;0.0;15.23;72.45;11.72;
2021-04-14 20:00:00;0.0;0.0;0.0;15.08;75.1;11.52;
2021-04-14 21:00:00;0.0;0.0;0.0;14.91;80.55;11.45;
2021-04-14 22:00:00;0.0;0.0;0.0;14.83;80.55;11.24;
2021-04-14 23:00:00;0.0;0.0;0.0;14.76;80.55;10.69;
2021-04-15 00:00:00;0.0;0.0;0.0;14.58;80.55;10.69;
2021-04-15 01:00:00;0.0;0.0;0.0;14.64;80.55;10.14;
2021-04-15 02:00:00;0.0;0.0;0.0;14.75;77.75;10.41;
2021-04-15 03:00:00;0.0;0.0;0.0;14.73;75.0;9.59;
2021-04-15 04:00:00;0.0;0.0;0.0;14.54;75.0;7.86;
2021-04-15 05:00:00;24.0;9.87;23.0;14.55;77.75;7.1;
2021-04-15 06:00:00;216.0;330.73;116.0;14.6;75.0;7.79;
2021-04-15 07:00:00;333.0;224.43;223.0;14.75;75.0;9.79;
2021-04-15 08:00:00;392.0;119.65;314.0;14.87;75.0;10.48;
2021-04-15 09:00:00;346.0;21.89;329.0;14.8;77.75;9.59;
2021-04-15 10:00:00;253.0;0.0;253.0;14.48;75.0;8.14;
2021-04-15 11:00:00;912.0;848.4;162.0;14.39;77.65;8.0;
2021-04-15 12:00:00;797.0;592.28;288.0;14.57;75.0;8.34;
2021-04-15 13:00:00;795.0;820.59;152.0;14.69;75.0;7.93;
2021-04-15 14:00:00;524.0;362.67;284.0;14.72;75.0;7.72;
2021-04-15 15:00:00;325.0;185.18;232.0;14.75;75.0;7.1;
2021-04-15 16:00:00;184.0;151.98;136.0;14.69;75.0;6.07;
2021-04-15 17:00:00;36.0;26.02;33.0;14.8;75.0;5.66;
2021-04-15 18:00:00;0.0;0.0;0.0;14.86;75.0;5.24;
2021-04-15 19:00:00;0.0;0.0;0.0;14.84;75.0;4.83;
2021-04-15 20:00:00;0.0;0.0;0.0;14.71;75.0;4.76;
2021-04-15 21:00:00;0.0;0.0;0.0;14.29;77.65;5.45;
2021-04-15 22:00:00;0.0;0.0;0.0;13.95;74.95;6.07;
2021-04-15 23:00:00;0.0;0.0;0.0;13.66;77.6;5.93;
2021-04-16 00:00:00;0.0;0.0;0.0;13.41;83.25;6.28;
2021-04-16 01:00:00;0.0;0.0;0.0;13.12;83.25;6.41;
2021-04-16 02:00:00;0.0;0.0;0.0;13.44;80.4;6.21;
2021-04-16 03:00:00;0.0;0.0;0.0;13.71;80.4;5.93;
2021-04-16 04:00:00;0.0;0.0;0.0;13.36;86.3;5.93;
2021-04-16 05:00:00;29.0;9.44;28.0;13.02;86.3;6.21;
2021-04-16 06:00:00;0.0;0.0;0.0;13.2;86.3;5.66;
2021-04-16 07:00:00;387.0;378.41;200.0;13.05;86.3;5.52;
2021-04-16 08:00:00;283.0;21.35;269.0;12.8;89.4;5.86;
2021-04-16 09:00:00;429.0;70.51;374.0;12.58;89.4;5.79;
2021-04-16 10:00:00;288.0;1.16;287.0;12.85;86.25;5.86;
2021-04-16 11:00:00;126.0;0.0;126.0;13.29;80.35;5.86;
2021-04-16 12:00:00;135.0;0.0;135.0;13.63;77.6;5.31;
2021-04-16 13:00:00;394.0;43.25;360.0;13.91;77.6;5.1;
2021-04-16 14:00:00;598.0;572.04;218.0;14.16;69.75;5.72;
2021-04-16 15:00:00;398.0;390.26;201.0;14.46;64.95;6.41;
2021-04-16 16:00:00;251.0;458.36;105.0;14.61;64.95;7.45;
2021-04-16 17:00:00;55.0;118.44;41.0;14.77;64.95;8.0;
2021-04-16 18:00:00;0.0;0.0;0.0;14.89;64.95;8.21;
2021-04-16 19:00:00;0.0;0.0;0.0;14.94;62.75;8.14;
2021-04-16 20:00:00;0.0;0.0;0.0;14.88;67.35;8.0;
2021-04-16 21:00:00;0.0;0.0;0.0;14.79;67.35;8.07;
2021-04-16 22:00:00;0.0;0.0;0.0;14.78;64.95;7.86;
2021-04-16 23:00:00;0.0;0.0;0.0;14.73;67.35;7.72;
2021-04-17 00:00:00;0.0;0.0;0.0;14.69;67.35;7.03;
2021-04-17 01:00:00;0.0;0.0;0.0;14.64;64.95;6.41;
2021-04-17 02:00:00;0.0;0.0;0.0;14.59;64.95;5.93;
2021-04-17 03:00:00;0.0;0.0;0.0;14.56;64.95;5.52;
2021-04-17 04:00:00;0.0;0.0;0.0;14.54;64.95;5.24;
2021-04-17 05:00:00;63.0;235.37;37.0;14.47;64.95;5.17;
2021-04-17 06:00:00;225.0;334.45;121.0;14.44;64.95;4.97;
2021-04-17 07:00:00;391.0;377.4;203.0;14.44;64.95;4.34;
2021-04-17 08:00:00;514.0;333.7;294.0;14.53;64.95;3.66;
2021-04-17 09:00:00;760.0;698.27;213.0;14.58;64.95;3.31;
2021-04-17 10:00:00;860.0;750.61;213.0;14.59;67.35;3.93;
2021-04-17 11:00:00;914.0;820.5;184.0;14.63;67.35;4.48;
2021-04-17 12:00:00;810.0;602.52;289.0;14.59;67.35;5.59;
2021-04-17 13:00:00;787.0;769.65;180.0;14.64;69.85;6.28;
2021-04-17 14:00:00;619.0;628.4;200.0;14.92;67.35;6.9;
2021-04-17 15:00:00;381.0;319.32;219.0;14.98;65.05;7.38;
2021-04-17 16:00:00;239.0;367.37;121.0;14.95;67.45;7.79;
2021-04-17 17:00:00;65.0;189.96;42.0;14.93;69.85;8.21;
2021-04-17 18:00:00;0.0;0.0;0.0;14.99;67.45;8.0;
2021-04-17 19:00:00;0.0;0.0;0.0;15.23;69.9;8.14;
2021-04-17 20:00:00;0.0;0.0;0.0;15.45;70.0;8.55;
2021-04-17 21:00:00;0.0;0.0;0.0;15.46;67.55;9.52;
2021-04-17 22:00:00;0.0;0.0;0.0;15.22;67.45;10.97;
2021-04-17 23:00:00;0.0;0.0;0.0;14.82;69.85;11.86;
2021-04-18 00:00:00;0.0;0.0;0.0;14.21;74.95;12.76;
2021-04-18 01:00:00;0.0;0.0;0.0;13.85;77.6;14.62;
2021-04-18 02:00:00;0.0;0.0;0.0;13.79;74.85;14.55;
2021-04-18 03:00:00;0.0;0.0;0.0;13.67;69.65;14.34;
2021-04-18 04:00:00;0.0;0.0;0.0;13.68;67.15;13.86;
2021-04-18 05:00:00;56.0;130.52;41.0;13.77;64.75;13.24;
2021-04-18 06:00:00;158.0;76.15;134.0;13.89;62.45;12.34;
2021-04-18 07:00:00;177.0;5.98;174.0;14.11;58.1;12.14;
2021-04-18 08:00:00;517.0;333.4;296.0;14.31;58.1;11.66;
2021-04-18 09:00:00;590.0;272.04;376.0;14.53;54.1;11.1;
2021-04-18 10:00:00;574.0;158.39;437.0;14.67;54.1;10.48;
2021-04-18 11:00:00;871.0;690.23;255.0;15.07;52.25;9.79;
2021-04-18 12:00:00;735.0;419.7;371.0;15.22;56.25;9.59;
2021-04-18 13:00:00;629.0;338.75;361.0;15.28;60.5;9.24;
2021-04-18 14:00:00;511.0;309.31;304.0;15.2;65.05;8.76;
2021-04-18 15:00:00;460.0;615.87;146.0;15.27;67.45;8.28;
2021-04-18 16:00:00;272.0;552.7;93.0;15.33;67.45;7.45;
2021-04-18 17:00:00;76.0;298.53;39.0;15.42;69.9;7.45;
2021-04-18 18:00:00;0.0;0.0;0.0;15.59;67.55;7.72;
2021-04-18 19:00:00;0.0;0.0;0.0;15.77;70.0;8.21;
2021-04-18 20:00:00;0.0;0.0;0.0;15.85;72.55;9.24;
2021-04-18 21:00:00;0.0;0.0;0.0;15.92;72.55;9.86;
2021-04-18 22:00:00;0.0;0.0;0.0;15.94;72.55;10.28;
2021-04-18 23:00:00;0.0;0.0;0.0;15.91;77.85;9.93;
2021-04-19 00:00:00;0.0;0.0;0.0;15.98;72.65;10.14;
2021-04-19 01:00:00;0.0;0.0;0.0;15.89;75.15;9.72;
2021-04-19 02:00:00;0.0;0.0;0.0;15.47;80.65;9.38;
2021-04-19 03:00:00;0.0;0.0;0.0;15.46;83.55;8.9;
2021-04-19 04:00:00;0.0;0.0;0.0;15.5;83.55;8.07;
2021-04-19 05:00:00;22.0;0.0;22.0;15.61;83.55;6.97;
2021-04-19 06:00:00;70.0;0.0;70.0;15.68;83.55;6.34;
2021-04-19 07:00:00;148.0;0.0;148.0;15.72;80.65;5.79;
2021-04-19 08:00:00;414.0;139.56;321.0;15.74;80.65;5.17;
2021-04-19 09:00:00;456.0;92.42;383.0;15.68;83.55;4.97;
2021-04-19 10:00:00;591.0;184.36;431.0;15.52;86.5;6.76;
2021-04-19 11:00:00;514.0;84.9;438.0;15.44;83.55;6.34;
2021-04-19 12:00:00;421.0;34.49;391.0;14.7;86.45;6.48;
2021-04-19 13:00:00;217.0;0.0;217.0;14.77;86.45;6.0;
2021-04-19 14:00:00;236.0;4.47;233.0;15.16;80.6;5.72;
2021-04-19 15:00:00;135.0;0.0;135.0;15.53;80.65;6.69;
2021-04-19 16:00:00;51.0;0.0;51.0;15.51;80.65;9.17;
2021-04-19 17:00:00;46.0;39.43;41.0;15.48;83.55;8.34;
2021-04-19 18:00:00;0.0;0.0;0.0;15.43;83.5;7.59;
2021-04-19 19:00:00;0.0;0.0;0.0;15.41;83.5;9.38;
2021-04-19 20:00:00;0.0;0.0;0.0;15.49;77.85;10.28;
2021-04-19 21:00:00;0.0;0.0;0.0;15.34;80.6;10.41;
2021-04-19 22:00:00;0.0;0.0;0.0;15.19;77.8;11.72;
2021-04-19 23:00:00;0.0;0.0;0.0;14.85;83.45;11.86;
2021-04-20 00:00:00;0.0;0.0;0.0;14.54;83.45;11.93;
2021-04-20 01:00:00;0.0;0.0;0.0;14.31;86.4;11.72;
2021-04-20 02:00:00;0.0;0.0;0.0;14.15;86.4;11.03;
2021-04-20 03:00:00;0.0;0.0;0.0;14.19;86.4;10.97;
2021-04-20 04:00:00;0.0;0.0;0.0;14.19;86.4;10.55;
2021-04-20 05:00:00;69.0;210.26;43.0;14.18;86.4;10.34;
2021-04-20 06:00:00;218.0;262.88;133.0;14.44;83.45;10.14;
2021-04-20 07:00:00;402.0;390.48;203.0;14.78;80.55;9.72;
2021-04-20 08:00:00;349.0;59.72;309.0;15.2;77.8;10.28;
2021-04-20 09:00:00;248.0;0.0;248.0;14.89;80.55;10.62;
2021-04-20 10:00:00;123.0;0.0;123.0;15.0;80.6;11.1;
2021-04-20 11:00:00;263.0;0.0;263.0;15.39;83.5;10.48;
2021-04-20 12:00:00;157.0;0.0;157.0;15.4;86.5;10.0;
2021-04-20 13:00:00;514.0;150.76;394.0;15.37;89.55;10.48;
2021-04-20 14:00:00;549.0;402.05;278.0;15.29;89.55;10.28;
2021-04-20 15:00:00;426.0;468.13;185.0;15.38;86.5;9.66;
2021-04-20 16:00:00;270.0;528.67;96.0;15.52;83.55;8.9;
2021-04-20 17:00:00;77.0;262.26;43.0;15.59;80.65;8.62;
2021-04-20 18:00:00;0.0;0.0;0.0;15.61;77.85;8.48;
2021-04-20 19:00:00;0.0;0.0;0.0;15.66;75.15;8.28;
2021-04-20 20:00:00;0.0;0.0;0.0;15.7;72.55;8.14;
2021-04-20 21:00:00;0.0;0.0;0.0;15.7;72.55;8.28;
2021-04-20 22:00:00;0.0;0.0;0.0;15.57;75.15;8.41;
2021-04-20 23:00:00;0.0;0.0;0.0;15.52;72.55;8.76;
2021-04-21 00:00:00;0.0;0.0;0.0;15.42;75.1;8.97;
2021-04-21 01:00:00;0.0;0.0;0.0;15.34;75.1;8.76;
2021-04-21 02:00:00;0.0;0.0;0.0;15.28;75.1;8.83;
2021-04-21 03:00:00;0.0;0.0;0.0;15.25;75.1;8.83;
2021-04-21 04:00:00;0.0;0.0;0.0;15.26;75.1;8.34;
2021-04-21 05:00:00;80.0;297.06;42.0;15.26;75.1;7.66;
2021-04-21 06:00:00;279.0;571.28;92.0;15.25;77.8;7.03;
2021-04-21 07:00:00;477.0;677.94;129.0;15.26;77.8;6.41;
2021-04-21 08:00:00;643.0;693.71;176.0;15.31;80.6;6.0;
2021-04-21 09:00:00;702.0;499.96;304.0;15.36;83.5;5.59;
2021-04-21 10:00:00;857.0;709.75;237.0;15.53;83.55;5.45;
2021-04-21 11:00:00;918.0;805.21;193.0;15.57;83.55;5.66;
2021-04-21 12:00:00;863.0;723.65;230.0;15.62;86.5;5.66;
2021-04-21 13:00:00;787.0;740.29;196.0;15.61;86.5;5.52;
2021-04-21 14:00:00;671.0;783.54;141.0;15.6;86.5;5.45;
2021-04-21 15:00:00;488.0;705.63;123.0;15.6;86.5;5.17;
2021-04-21 16:00:00;281.0;563.7;94.0;15.61;86.5;5.03;
2021-04-21 17:00:00;84.0;317.03;42.0;15.62;86.5;5.31;
2021-04-21 18:00:00;0.0;0.0;0.0;15.64;83.55;5.93;
2021-04-21 19:00:00;0.0;0.0;0.0;15.69;83.55;6.69;
2021-04-21 20:00:00;0.0;0.0;0.0;15.77;83.55;7.52;
2021-04-21 21:00:00;0.0;0.0;0.0;15.81;83.55;8.0;
2021-04-21 22:00:00;0.0;0.0;0.0;15.65;80.65;7.79;
2021-04-21 23:00:00;0.0;0.0;0.0;15.69;83.55;7.66;
2021-04-22 00:00:00;0.0;0.0;0.0;15.75;83.55;7.52;
2021-04-22 01:00:00;0.0;0.0;0.0;15.79;83.55;7.38;
2021-04-22 02:00:00;0.0;0.0;0.0;15.87;83.55;7.79;
2021-04-22 03:00:00;0.0;0.0;0.0;15.93;83.55;7.93;
2021-04-22 04:00:00;0.0;0.0;0.0;15.99;80.75;8.07;
2021-04-22 05:00:00;67.0;143.81;48.0;15.97;80.75;8.07;
2021-04-22 06:00:00;194.0;150.94;144.0;15.91;86.5;8.21;
2021-04-22 07:00:00;429.0;473.95;184.0;15.84;86.5;8.48;
2021-04-22 08:00:00;622.0;628.24;197.0;15.86;86.5;8.9;
2021-04-22 09:00:00;734.0;595.7;258.0;15.93;86.5;9.17;
2021-04-22 10:00:00;838.0;668.73;252.0;16.01;83.6;9.66;
2021-04-22 11:00:00;758.0;415.32;383.0;16.1;83.6;9.31;
2021-04-22 12:00:00;770.0;495.95;335.0;16.22;83.6;9.31;
2021-04-22 13:00:00;151.0;0.0;151.0;16.24;83.6;8.83;
2021-04-22 14:00:00;567.0;447.89;263.0;16.28;83.6;8.34;
2021-04-22 15:00:00;412.0;406.01;201.0;16.28;86.55;7.72;
2021-04-22 16:00:00;254.0;406.78;118.0;16.32;86.55;7.24;
2021-04-22 17:00:00;78.0;229.12;47.0;16.37;86.55;7.1;
2021-04-22 18:00:00;0.0;0.0;0.0;16.42;86.55;7.1;
2021-04-22 19:00:00;0.0;0.0;0.0;16.42;86.55;6.83;
2021-04-22 20:00:00;0.0;0.0;0.0;16.42;86.55;6.34;
2021-04-22 21:00:00;0.0;0.0;0.0;16.31;86.55;6.55;
2021-04-22 22:00:00;0.0;0.0;0.0;16.18;86.55;7.59;
2021-04-22 23:00:00;0.0;0.0;0.0;16.18;86.55;6.97;
2021-04-23 00:00:00;0.0;0.0;0.0;16.15;89.65;6.62;
2021-04-23 01:00:00;0.0;0.0;0.0;16.03;89.65;5.45;
2021-04-23 02:00:00;0.0;0.0;0.0;15.93;89.6;3.72;
2021-04-23 03:00:00;0.0;0.0;0.0;15.68;86.5;3.86;
2021-04-23 04:00:00;0.0;0.0;0.0;15.51;86.5;2.9;
2021-04-23 05:00:00;27.0;0.0;27.0;15.3;89.55;0.83;
2021-04-23 06:00:00;50.0;0.0;50.0;15.3;86.5;3.17;
2021-04-23 07:00:00;210.0;17.29;201.0;15.37;89.55;4.21;
2021-04-23 08:00:00;479.0;239.81;316.0;15.57;86.5;3.93;
2021-04-23 09:00:00;537.0;182.05;391.0;15.94;86.5;3.1;
2021-04-23 10:00:00;286.0;1.14;285.0;15.98;86.55;3.45;
2021-04-23 11:00:00;355.0;7.73;348.0;16.18;86.55;3.72;
2021-04-23 12:00:00;390.0;20.47;372.0;16.5;80.8;3.66;
2021-04-23 13:00:00;781.0;743.53;184.0;16.78;80.8;3.03;
2021-04-23 14:00:00;605.0;571.19;216.0;16.84;80.8;2.34;
2021-04-23 15:00:00;361.0;249.0;231.0;16.78;80.8;2.28;
2021-04-23 16:00:00;244.0;350.25;126.0;16.64;83.65;3.31;
2021-04-23 17:00:00;73.0;173.77;49.0;16.31;86.55;4.28;
2021-04-23 18:00:00;0.0;0.0;0.0;16.09;83.6;4.55;
2021-04-23 19:00:00;0.0;0.0;0.0;15.98;83.6;4.76;
2021-04-23 20:00:00;0.0;0.0;0.0;15.92;86.5;4.48;
2021-04-23 21:00:00;0.0;0.0;0.0;15.88;86.5;4.34;
2021-04-23 22:00:00;0.0;0.0;0.0;15.71;86.5;4.41;
2021-04-23 23:00:00;0.0;0.0;0.0;15.62;86.5;4.21;
2021-04-24 00:00:00;0.0;0.0;0.0;15.54;86.5;3.86;
2021-04-24 01:00:00;0.0;0.0;0.0;15.45;86.5;3.86;
2021-04-24 02:00:00;0.0;0.0;0.0;15.37;89.55;3.66;
2021-04-24 03:00:00;0.0;0.0;0.0;15.28;89.55;3.52;
2021-04-24 04:00:00;0.0;0.0;0.0;15.18;89.55;3.31;
2021-04-24 05:00:00;66.0;99.79;52.0;15.13;89.55;3.38;
2021-04-24 06:00:00;201.0;156.4;148.0;15.0;89.55;3.1;
2021-04-24 07:00:00;413.0;387.45;210.0;15.09;89.55;3.17;
2021-04-24 08:00:00;663.0;745.38;154.0;15.16;89.55;4.28;
2021-04-24 09:00:00;767.0;668.44;229.0;15.17;89.55;5.03;
2021-04-24 10:00:00;908.0;847.35;161.0;15.47;83.55;4.48;
2021-04-24 11:00:00;914.0;783.22;203.0;15.58;86.5;4.21;
2021-04-24 12:00:00;888.0;790.49;191.0;15.7;86.5;4.34;
2021-04-24 13:00:00;819.0;829.65;151.0;15.8;86.5;4.76;
2021-04-24 14:00:00;659.0;728.81;161.0;15.86;86.5;5.03;
2021-04-24 15:00:00;486.0;682.6;128.0;15.99;83.6;5.1;
2021-04-24 16:00:00;283.0;544.97;98.0;16.19;83.6;4.76;
2021-04-24 17:00:00;89.0;305.15;46.0;16.46;80.8;4.48;
2021-04-24 18:00:00;0.0;0.0;0.0;16.65;80.8;5.03;
2021-04-24 19:00:00;0.0;0.0;0.0;16.62;80.8;5.72;
2021-04-24 20:00:00;0.0;0.0;0.0;16.44;83.6;6.34;
2021-04-24 21:00:00;0.0;0.0;0.0;16.27;83.6;6.83;
2021-04-24 22:00:00;0.0;0.0;0.0;16.05;83.6;7.31;
2021-04-24 23:00:00;0.0;0.0;0.0;16.06;83.6;6.34;
2021-04-25 00:00:00;0.0;0.0;0.0;16.03;83.6;5.86;
2021-04-25 01:00:00;0.0;0.0;0.0;15.92;80.65;5.93;
2021-04-25 02:00:00;0.0;0.0;0.0;15.76;75.15;5.59;
2021-04-25 03:00:00;0.0;0.0;0.0;15.52;70.0;5.24;
2021-04-25 04:00:00;0.0;0.0;0.0;15.29;69.9;4.69;
2021-04-25 05:00:00;85.0;235.65;51.0;15.12;67.45;4.07;
2021-04-25 06:00:00;273.0;464.14;114.0;14.98;67.45;3.66;
2021-04-25 07:00:00;484.0;656.15;138.0;14.89;67.35;3.17;
2021-04-25 08:00:00;658.0;707.05;173.0;14.87;67.35;2.55;
2021-04-25 09:00:00;781.0;698.33;217.0;14.88;67.35;2.07;
2021-04-25 10:00:00;884.0;764.61;208.0;15.24;67.45;1.72;
2021-04-25 11:00:00;940.0;848.21;168.0;15.34;69.9;1.59;
2021-04-25 12:00:00;913.0;850.71;161.0;15.38;69.9;1.52;
2021-04-25 13:00:00;824.0;833.58;151.0;15.43;72.45;1.66;
2021-04-25 14:00:00;678.0;780.41;143.0;15.51;70.0;1.59;
2021-04-25 15:00:00;493.0;696.63;126.0;15.6;70.0;1.31;
2021-04-25 16:00:00;290.0;567.24;96.0;15.7;70.0;1.24;
2021-04-25 17:00:00;92.0;320.11;46.0;15.75;72.55;1.38;
2021-04-25 18:00:00;0.0;0.0;0.0;15.81;75.15;2.07;
2021-04-25 19:00:00;0.0;0.0;0.0;15.83;80.65;2.9;
2021-04-25 20:00:00;0.0;0.0;0.0;15.94;83.55;3.52;
2021-04-25 21:00:00;0.0;0.0;0.0;16.09;80.75;3.93;
2021-04-25 22:00:00;0.0;0.0;0.0;16.23;77.95;4.69;
2021-04-25 23:00:00;0.0;0.0;0.0;16.33;75.25;5.1;
2021-04-26 00:00:00;0.0;0.0;0.0;16.43;75.25;5.72;
2021-04-26 01:00:00;0.0;0.0;0.0;16.52;72.7;6.55;
2021-04-26 02:00:00;0.0;0.0;0.0;16.6;72.7;7.31;
2021-04-26 03:00:00;0.0;0.0;0.0;16.67;75.3;7.86;
2021-04-26 04:00:00;0.0;0.0;0.0;16.73;75.3;8.28;
2021-04-26 05:00:00;94.0;296.92;50.0;16.76;78.0;8.62;
2021-04-26 06:00:00;288.0;534.4;103.0;16.75;78.0;9.03;
2021-04-26 07:00:00;499.0;701.05;127.0;16.73;78.0;9.17;
2021-04-26 08:00:00;683.0;785.25;142.0;16.77;80.8;9.1;
2021-04-26 09:00:00;829.0;835.42;152.0;16.82;80.8;9.1;
2021-04-26 10:00:00;926.0;875.26;150.0;16.81;80.8;8.97;
2021-04-26 11:00:00;953.0;872.38;157.0;16.85;80.8;9.31;
2021-04-26 12:00:00;915.0;850.87;161.0;16.92;80.8;9.66;
2021-04-26 13:00:00;827.0;833.83;152.0;16.98;78.1;9.66;
2021-04-26 14:00:00;677.0;772.09;146.0;17.05;78.1;9.79;
2021-04-26 15:00:00;493.0;687.9;129.0;17.09;78.1;9.79;
2021-04-26 16:00:00;289.0;554.37;98.0;17.15;78.1;9.72;
2021-04-26 17:00:00;95.0;327.7;47.0;17.19;78.1;9.52;
2021-04-26 18:00:00;0.0;0.0;0.0;17.17;78.1;9.31;
2021-04-26 19:00:00;0.0;0.0;0.0;17.1;78.1;8.9;
2021-04-26 20:00:00;0.0;0.0;0.0;17.04;78.1;8.55;
2021-04-26 21:00:00;0.0;0.0;0.0;17.0;78.1;8.21;
2021-04-26 22:00:00;0.0;0.0;0.0;16.98;78.1;8.28;
2021-04-26 23:00:00;0.0;0.0;0.0;17.0;75.4;7.72;
2021-04-27 00:00:00;0.0;0.0;0.0;16.99;75.4;7.03;
2021-04-27 01:00:00;0.0;0.0;0.0;16.91;78.0;6.28;
2021-04-27 02:00:00;0.0;0.0;0.0;16.78;80.8;5.45;
2021-04-27 03:00:00;0.0;0.0;0.0;16.65;80.8;4.69;
2021-04-27 04:00:00;0.0;0.0;0.0;16.53;80.8;4.14;
2021-04-27 05:00:00;106.0;388.11;47.0;16.48;80.8;3.93;
2021-04-27 06:00:00;303.0;591.89;96.0;16.45;80.8;3.59;
2021-04-27 07:00:00;510.0;723.03;124.0;16.23;83.6;2.97;
2021-04-27 08:00:00;696.0;806.49;138.0;16.16;83.6;2.21;
2021-04-27 09:00:00;843.0;857.3;146.0;16.18;83.6;1.66;
2021-04-27 10:00:00;936.0;885.25;149.0;16.57;80.8;1.31;
2021-04-27 11:00:00;968.0;894.29;150.0;16.54;80.8;1.17;
2021-04-27 12:00:00;935.0;884.84;149.0;16.48;83.65;1.24;
2021-04-27 13:00:00;840.0;855.07;146.0;16.53;83.65;1.17;
2021-04-27 14:00:00;692.0;802.99;138.0;16.72;80.8;1.31;
2021-04-27 15:00:00;505.0;718.78;123.0;17.01;75.4;1.59;
2021-04-27 16:00:00;298.0;584.95;95.0;17.03;78.1;1.59;
2021-04-27 17:00:00;99.0;348.43;47.0;16.94;83.65;1.59;
2021-04-27 18:00:00;0.0;0.0;0.0;17.02;80.85;1.38;
2021-04-27 19:00:00;0.0;0.0;0.0;17.17;78.1;1.1;
2021-04-27 20:00:00;0.0;0.0;0.0;17.2;78.1;0.34;
2021-04-27 21:00:00;0.0;0.0;0.0;16.89;80.8;0.83;
2021-04-27 22:00:00;0.0;0.0;0.0;16.25;89.65;0.83;
2021-04-27 23:00:00;0.0;0.0;0.0;16.2;89.65;1.1;
2021-04-28 00:00:00;0.0;0.0;0.0;16.25;89.65;1.72;
2021-04-28 01:00:00;0.0;0.0;0.0;16.28;89.65;2.21;
2021-04-28 02:00:00;0.0;0.0;0.0;16.31;86.55;2.41;
2021-04-28 03:00:00;0.0;0.0;0.0;16.38;86.55;2.62;
2021-04-28 04:00:00;0.0;0.0;0.0;16.48;80.8;2.76;
2021-04-28 05:00:00;110.0;398.01;48.0;16.59;80.8;2.9;
2021-04-28 06:00:00;309.0;605.91;95.0;16.61;80.8;2.9;
2021-04-28 07:00:00;515.0;729.95;123.0;16.52;80.8;2.9;
2021-04-28 08:00:00;701.0;810.37;138.0;16.54;80.8;3.1;
2021-04-28 09:00:00;848.0;861.94;145.0;16.65;80.8;3.03;
2021-04-28 10:00:00;932.0;864.96;161.0;16.73;80.8;3.59;
2021-04-28 11:00:00;973.0;897.61;150.0;16.74;80.8;3.86;
2021-04-28 12:00:00;930.0;864.79;160.0;16.77;83.65;3.93;
2021-04-28 13:00:00;840.0;847.97;150.0;16.77;83.65;3.79;
2021-04-28 14:00:00;596.0;476.83;266.0;16.76;83.65;3.66;
2021-04-28 15:00:00;474.0;575.18;167.0;16.82;83.65;3.79;
2021-04-28 16:00:00;268.0;397.67;129.0;16.91;83.65;3.93;
2021-04-28 17:00:00;96.0;296.07;51.0;16.97;80.85;4.34;
2021-04-28 18:00:00;0.0;0.0;0.0;17.11;80.85;4.62;
2021-04-28 19:00:00;0.0;0.0;0.0;17.29;80.85;4.76;
2021-04-28 20:00:00;0.0;0.0;0.0;17.41;80.85;4.83;
2021-04-28 21:00:00;0.0;0.0;0.0;17.5;78.1;5.17;
2021-04-28 22:00:00;0.0;0.0;0.0;17.66;75.4;6.34;
2021-04-28 23:00:00;0.0;0.0;0.0;17.69;72.8;7.17;
2021-04-29 00:00:00;0.0;0.0;0.0;17.67;72.8;7.59;
2021-04-29 01:00:00;0.0;0.0;0.0;17.58;72.8;7.86;
2021-04-29 02:00:00;0.0;0.0;0.0;17.55;72.8;8.34;
2021-04-29 03:00:00;0.0;0.0;0.0;17.44;78.1;7.52;
2021-04-29 04:00:00;0.0;0.0;0.0;17.33;78.1;6.76;
2021-04-29 05:00:00;20.0;0.0;20.0;17.22;80.85;7.17;
2021-04-29 06:00:00;151.0;33.65;139.0;17.16;80.85;7.72;
2021-04-29 07:00:00;324.0;137.01;250.0;17.19;78.1;7.72;
2021-04-29 08:00:00;162.0;0.0;162.0;17.17;78.1;7.1;
2021-04-29 09:00:00;404.0;42.78;369.0;17.01;78.1;6.14;
2021-04-29 10:00:00;281.0;0.0;281.0;16.69;83.65;6.21;
2021-04-29 11:00:00;478.0;53.32;429.0;16.57;83.65;6.0;
2021-04-29 12:00:00;529.0;103.09;437.0;16.46;86.6;5.52;
2021-04-29 13:00:00;166.0;0.0;166.0;16.4;89.65;5.45;
2021-04-29 14:00:00;211.0;0.0;211.0;16.37;89.65;5.79;
2021-04-29 15:00:00;450.0;509.32;177.0;16.35;89.65;4.14;
2021-04-29 16:00:00;77.0;0.0;77.0;16.22;89.65;1.79;
2021-04-29 17:00:00;40.0;6.46;39.0;16.19;92.8;1.45;
2021-04-29 18:00:00;0.0;0.0;0.0;16.43;89.65;1.52;
2021-04-29 19:00:00;0.0;0.0;0.0;16.8;83.65;1.52;
2021-04-29 20:00:00;0.0;0.0;0.0;17.2;78.1;2.83;
2021-04-29 21:00:00;0.0;0.0;0.0;17.27;78.1;4.21;
2021-04-29 22:00:00;0.0;0.0;0.0;16.99;78.1;4.21;
2021-04-29 23:00:00;0.0;0.0;0.0;17.16;78.1;4.14;
2021-04-30 00:00:00;0.0;0.0;0.0;17.25;75.4;4.55;
2021-04-30 01:00:00;0.0;0.0;0.0;17.29;75.4;5.1;
2021-04-30 02:00:00;0.0;0.0;0.0;17.19;75.4;5.17;
2021-04-30 03:00:00;0.0;0.0;0.0;17.14;75.4;4.76;
2021-04-30 04:00:00;0.0;0.0;0.0;17.12;75.4;4.28;
2021-04-30 05:00:00;45.0;6.13;44.0;17.13;75.4;4.0;
2021-04-30 06:00:00;125.0;11.11;121.0;17.13;78.1;3.93;
2021-04-30 07:00:00;190.0;5.52;187.0;17.13;78.1;3.66;
2021-04-30 08:00:00;670.0;724.05;163.0;17.26;78.1;3.45;
2021-04-30 09:00:00;823.0;809.2;159.0;17.44;78.1;3.17;
2021-04-30 10:00:00;903.0;811.48;176.0;17.38;78.1;1.93;
2021-04-30 11:00:00;948.0;856.59;159.0;17.36;78.1;2.0;
2021-04-30 12:00:00;911.0;835.16;164.0;17.3;78.1;2.21;
2021-04-30 13:00:00;823.0;818.09;154.0;17.27;78.1;1.93;
2021-04-30 14:00:00;675.0;756.9;148.0;17.21;78.1;1.52;
2021-04-30 15:00:00;464.0;549.94;168.0;17.16;78.1;0.97;
2021-04-30 16:00:00;288.0;516.28;105.0;17.08;87.94;0.63;
2021-04-30 17:00:00;101.0;311.22;52.0;16.96;86.95;1.05;
2021-04-30 18:00:00;0.0;0.0;0.0;16.84;85.96;1.47;
2021-04-30 19:00:00;0.0;0.0;0.0;16.72;84.98;1.89;
2021-04-30 20:00:00;0.0;0.0;0.0;16.61;83.99;2.31;
2021-04-30 21:00:00;0.0;0.0;0.0;16.49;83.0;2.73;
2021-04-30 22:00:00;0.0;0.0;0.0;16.37;82.01;3.15;
2021-04-30 23:00:00;0.0;0.0;0.0;16.25;81.02;3.57;
2021-05-01 00:00:00;0.0;0.0;0.0;16.14;80.03;4.0;
2021-05-01 01:00:00;0.0;0.0;0.0;16.02;79.05;4.42;
2021-05-01 02:00:00;0.0;0.0;0.0;15.9;78.06;4.84;
2021-05-01 03:00:00;0.0;0.0;0.0;15.79;77.07;5.26;
2021-05-01 04:00:00;0.0;0.0;0.0;15.67;76.08;5.68;
2021-05-01 05:00:00;109.0;337.32;54.0;15.55;75.09;6.1;
2021-05-01 06:00:00;310.0;583.53;100.0;15.43;74.1;6.52;
2021-05-01 07:00:00;431.0;388.51;220.0;15.32;73.12;6.94;
2021-05-01 08:00:00;559.0;364.17;304.0;15.39;72.45;4.97;
2021-05-01 09:00:00;711.0;469.19;326.0;15.41;75.1;4.97;
2021-05-01 10:00:00;823.0;567.03;315.0;15.51;72.55;4.48;
2021-05-01 11:00:00;824.0;512.44;352.0;15.63;72.55;4.62;
2021-05-01 12:00:00;806.0;529.94;332.0;15.71;75.15;4.55;
2021-05-01 13:00:00;648.0;339.95;370.0;15.77;75.15;4.34;
2021-05-01 14:00:00;643.0;620.45;211.0;15.79;75.15;4.07;
2021-05-01 15:00:00;452.0;481.2;193.0;15.84;77.85;4.34;
2021-05-01 16:00:00;247.0;284.94;146.0;15.82;77.85;4.97;
2021-05-01 17:00:00;89.0;203.24;57.0;15.81;77.85;5.38;
2021-05-01 18:00:00;0.0;0.0;0.0;15.84;77.85;5.38;
2021-05-01 19:00:00;0.0;0.0;0.0;15.87;77.85;4.76;
2021-05-01 20:00:00;0.0;0.0;0.0;15.88;77.85;4.28;
2021-05-01 21:00:00;0.0;0.0;0.0;15.88;80.65;4.14;
2021-05-01 22:00:00;0.0;0.0;0.0;15.73;75.15;3.86;
2021-05-01 23:00:00;0.0;0.0;0.0;15.72;75.15;4.21;
2021-05-02 00:00:00;0.0;0.0;0.0;15.72;75.15;4.28;
2021-05-02 01:00:00;0.0;0.0;0.0;15.65;77.85;3.86;
2021-05-02 02:00:00;0.0;0.0;0.0;15.61;77.85;3.59;
2021-05-02 03:00:00;0.0;0.0;0.0;15.6;77.85;3.45;
2021-05-02 04:00:00;0.0;0.0;0.0;15.56;77.85;3.38;
2021-05-02 05:00:00;96.0;198.12;63.0;15.48;83.5;3.66;
2021-05-02 06:00:00;284.0;429.64;128.0;15.4;83.5;4.07;
2021-05-02 07:00:00;464.0;501.82;190.0;15.37;86.5;3.93;
2021-05-02 08:00:00;670.0;695.73;181.0;15.42;86.5;4.07;
2021-05-02 09:00:00;826.0;798.36;169.0;15.47;86.5;4.21;
2021-05-02 10:00:00;916.0;825.11;175.0;15.79;86.5;4.07;
2021-05-02 11:00:00;941.0;816.8;187.0;15.85;86.5;4.21;
2021-05-02 12:00:00;913.0;823.29;175.0;15.92;86.5;4.55;
2021-05-02 13:00:00;817.0;780.75;177.0;15.98;86.5;4.9;
2021-05-02 14:00:00;671.0;718.87;169.0;16.04;83.6;5.17;
2021-05-02 15:00:00;483.0;606.89;155.0;16.13;83.6;5.38;
2021-05-02 16:00:00;281.0;448.3;121.0;16.17;83.6;5.52;
2021-05-02 17:00:00;96.0;243.52;57.0;16.15;86.55;5.38;
2021-05-02 18:00:00;0.0;0.0;0.0;16.18;86.55;4.9;
2021-05-02 19:00:00;0.0;0.0;0.0;16.23;86.55;4.55;
2021-05-02 20:00:00;0.0;0.0;0.0;16.26;86.55;4.48;
2021-05-02 21:00:00;0.0;0.0;0.0;16.28;86.55;4.34;
2021-05-02 22:00:00;0.0;0.0;0.0;16.1;86.55;3.79;
2021-05-02 23:00:00;0.0;0.0;0.0;16.07;86.55;3.17;
2021-05-03 00:00:00;0.0;0.0;0.0;16.0;89.65;2.76;
2021-05-03 01:00:00;0.0;0.0;0.0;15.92;92.75;2.28;
2021-05-03 02:00:00;0.0;0.0;0.0;15.87;92.75;2.69;
2021-05-03 03:00:00;0.0;0.0;0.0;15.85;92.75;3.31;
2021-05-03 04:00:00;0.0;0.0;0.0;15.87;92.75;4.0;
2021-05-03 05:00:00;89.0;135.29;66.0;15.92;92.75;4.28;
2021-05-03 06:00:00;269.0;344.04;143.0;15.91;92.75;3.86;
2021-05-03 07:00:00;471.0;522.9;184.0;15.89;92.75;2.97;
2021-05-03 08:00:00;634.0;569.88;232.0;15.86;92.75;3.03;
2021-05-03 09:00:00;593.0;233.87;400.0;15.87;92.75;3.79;
2021-05-03 10:00:00;816.0;549.9;321.0;16.02;89.65;4.69;
2021-05-03 11:00:00;874.0;631.29;290.0;16.11;89.65;5.17;
2021-05-03 12:00:00;874.0;704.66;241.0;16.24;89.65;6.0;
2021-05-03 13:00:00;786.0;681.55;226.0;16.23;89.65;6.21;
2021-05-03 14:00:00;671.0;718.21;168.0;16.37;89.65;6.34;
2021-05-03 15:00:00;487.0;617.34;152.0;16.43;89.65;7.03;
2021-05-03 16:00:00;290.0;492.6;113.0;16.45;86.55;6.97;
2021-05-03 17:00:00;92.0;196.51;60.0;16.39;80.75;6.62;
2021-05-03 18:00:00;0.0;0.0;0.0;16.33;77.95;6.21;
2021-05-03 19:00:00;0.0;0.0;0.0;16.3;75.25;6.0;
2021-05-03 20:00:00;0.0;0.0;0.0;16.29;75.25;6.0;
2021-05-03 21:00:00;0.0;0.0;0.0;16.35;75.25;5.93;
2021-05-03 22:00:00;0.0;0.0;0.0;16.26;77.95;6.0;
2021-05-03 23:00:00;0.0;0.0;0.0;16.34;75.25;6.28;
2021-05-04 00:00:00;0.0;0.0;0.0;16.38;77.95;6.97;
2021-05-04 01:00:00;0.0;0.0;0.0;16.37;77.95;7.45;
2021-05-04 02:00:00;0.0;0.0;0.0;16.37;77.95;7.93;
2021-05-04 03:00:00;0.0;0.0;0.0;16.34;77.95;8.34;
2021-05-04 04:00:00;0.0;0.0;0.0;16.26;75.25;8.48;
2021-05-04 05:00:00;105.0;236.5;64.0;16.01;72.65;8.34;
2021-05-04 06:00:00;290.0;430.55;131.0;15.74;75.15;7.86;
2021-05-04 07:00:00;501.0;621.81;158.0;15.63;75.15;7.17;
2021-05-04 08:00:00;687.0;731.75;169.0;15.63;72.55;6.48;
2021-05-04 09:00:00;817.0;746.85;199.0;15.7;72.55;6.21;
2021-05-04 10:00:00;875.0;686.09;256.0;15.89;75.15;5.38;
2021-05-04 11:00:00;955.0;840.34;176.0;15.96;75.15;5.24;
2021-05-04 12:00:00;933.0;856.5;162.0;16.06;72.65;5.24;
2021-05-04 13:00:00;839.0;828.12;157.0;16.12;75.25;5.17;
2021-05-04 14:00:00;690.0;768.85;150.0;16.17;75.25;4.83;
2021-05-04 15:00:00;508.0;690.13;132.0;16.27;75.25;4.55;
2021-05-04 16:00:00;306.0;563.97;102.0;16.23;77.95;4.34;
2021-05-04 17:00:00;109.0;326.25;55.0;16.17;80.75;4.21;
2021-05-04 18:00:00;0.0;0.0;0.0;16.18;83.6;4.41;
2021-05-04 19:00:00;0.0;0.0;0.0;16.21;83.6;4.55;
2021-05-04 20:00:00;0.0;0.0;0.0;16.26;83.6;4.34;
2021-05-04 21:00:00;0.0;0.0;0.0;16.23;86.55;3.66;
2021-05-04 22:00:00;0.0;0.0;0.0;16.08;86.55;2.48;
2021-05-04 23:00:00;0.0;0.0;0.0;16.02;86.55;1.45;
2021-05-05 00:00:00;0.0;0.0;0.0;15.95;86.5;1.79;
2021-05-05 01:00:00;0.0;0.0;0.0;15.93;89.6;3.03;
2021-05-05 02:00:00;0.0;0.0;0.0;16.06;86.55;4.28;
2021-05-05 03:00:00;0.0;0.0;0.0;16.15;86.55;4.62;
2021-05-05 04:00:00;0.0;0.0;0.0;16.18;86.55;4.97;
2021-05-05 05:00:00;49.0;5.66;48.0;16.16;86.55;5.17;
2021-05-05 06:00:00;127.0;8.06;124.0;16.09;86.55;5.24;
2021-05-05 07:00:00;241.0;27.06;226.0;16.07;86.55;4.21;
2021-05-05 08:00:00;377.0;66.17;330.0;16.07;86.55;3.38;
2021-05-05 09:00:00;601.0;245.89;397.0;16.09;86.55;3.59;
2021-05-05 10:00:00;626.0;197.97;447.0;15.96;89.6;3.93;
2021-05-05 11:00:00;763.0;386.49;404.0;15.96;89.6;4.07;
2021-05-05 12:00:00;624.0;197.34;446.0;15.97;89.6;4.41;
2021-05-05 13:00:00;650.0;342.86;367.0;16.0;86.55;4.97;
2021-05-05 14:00:00;530.0;305.26;315.0;15.99;86.55;5.52;
2021-05-05 15:00:00;317.0;117.01;253.0;16.25;86.55;5.1;
2021-05-05 16:00:00;183.0;79.65;154.0;16.25;86.55;3.79;
2021-05-05 17:00:00;71.0;65.41;60.0;16.32;86.55;2.76;
2021-05-05 18:00:00;0.0;0.0;0.0;16.23;86.55;2.0;
2021-05-05 19:00:00;0.0;0.0;0.0;16.15;86.55;1.38;
2021-05-05 20:00:00;0.0;0.0;0.0;16.11;86.55;1.93;
2021-05-05 21:00:00;0.0;0.0;0.0;16.02;86.55;2.41;
2021-05-05 22:00:00;0.0;0.0;0.0;15.91;86.5;3.17;
2021-05-05 23:00:00;0.0;0.0;0.0;15.83;83.55;3.1;
2021-05-06 00:00:00;0.0;0.0;0.0;15.77;83.55;3.52;
2021-05-06 01:00:00;0.0;0.0;0.0;15.74;83.55;4.07;
2021-05-06 02:00:00;0.0;0.0;0.0;15.77;83.55;4.76;
2021-05-06 03:00:00;0.0;0.0;0.0;15.83;83.55;5.24;
2021-05-06 04:00:00;0.0;0.0;0.0;15.88;80.65;5.59;
2021-05-06 05:00:00;107.0;216.89;68.0;15.89;80.65;5.93;
2021-05-06 06:00:00;284.0;378.5;142.0;15.88;80.65;6.07;
2021-05-06 07:00:00;453.0;427.37;215.0;15.87;80.65;5.72;
2021-05-06 08:00:00;590.0;422.38;289.0;15.9;83.55;5.52;
2021-05-06 09:00:00;801.0;688.92;228.0;16.01;80.75;5.72;
2021-05-06 10:00:00;885.0;710.73;241.0;16.21;83.6;5.66;
2021-05-06 11:00:00;960.0;849.91;169.0;16.24;83.6;5.45;
2021-05-06 12:00:00;902.0;765.67;210.0;16.21;83.6;5.31;
2021-05-06 13:00:00;835.0;813.55;162.0;16.19;83.6;5.24;
2021-05-06 14:00:00;684.0;737.69;163.0;16.25;86.55;5.1;
2021-05-06 15:00:00;493.0;611.91;157.0;16.27;86.55;4.9;
2021-05-06 16:00:00;311.0;570.31;102.0;16.33;86.55;4.97;
2021-05-06 17:00:00;105.0;257.6;61.0;16.34;86.55;4.76;
2021-05-06 18:00:00;0.0;0.0;0.0;16.35;86.55;4.14;
2021-05-06 19:00:00;0.0;0.0;0.0;16.32;89.65;3.72;
2021-05-06 20:00:00;0.0;0.0;0.0;16.29;89.65;3.45;
2021-05-06 21:00:00;0.0;0.0;0.0;16.24;89.65;3.17;
2021-05-06 22:00:00;0.0;0.0;0.0;16.16;86.55;3.1;
2021-05-06 23:00:00;0.0;0.0;0.0;16.11;86.55;3.45;
2021-05-07 00:00:00;0.0;0.0;0.0;16.06;86.55;3.17;
2021-05-07 01:00:00;0.0;0.0;0.0;16.01;86.55;2.55;
2021-05-07 02:00:00;0.0;0.0;0.0;15.96;89.6;1.93;
2021-05-07 03:00:00;0.0;0.0;0.0;15.9;89.6;1.52;
2021-05-07 04:00:00;0.0;0.0;0.0;15.86;89.6;1.38;
2021-05-07 05:00:00;110.0;229.61;68.0;15.86;89.6;1.38;
2021-05-07 06:00:00;293.0;412.72;137.0;15.82;89.6;1.45;
2021-05-07 07:00:00;449.0;412.93;218.0;15.83;89.6;1.52;
2021-05-07 08:00:00;629.0;534.35;247.0;15.88;89.6;1.52;
2021-05-07 09:00:00;833.0;795.18;170.0;15.92;92.75;1.72;
2021-05-07 10:00:00;906.0;774.25;203.0;16.27;83.6;2.21;
2021-05-07 11:00:00;955.0;841.87;170.0;16.4;83.6;2.62;
2021-05-07 12:00:00;937.0;866.9;152.0;16.54;80.8;2.9;
2021-05-07 13:00:00;831.0;805.77;163.0;16.7;80.8;2.97;
2021-05-07 14:00:00;695.0;776.65;145.0;16.86;83.65;2.97;
2021-05-07 15:00:00;516.0;705.73;127.0;16.96;83.65;2.9;
2021-05-07 16:00:00;312.0;569.39;102.0;16.98;83.65;2.83;
2021-05-07 17:00:00;117.0;351.73;56.0;16.97;83.65;2.76;
2021-05-07 18:00:00;0.0;0.0;0.0;16.91;86.6;2.83;
2021-05-07 19:00:00;0.0;0.0;0.0;16.87;86.6;2.9;
2021-05-07 20:00:00;0.0;0.0;0.0;16.85;86.6;3.03;
2021-05-07 21:00:00;0.0;0.0;0.0;16.82;86.6;3.1;
2021-05-07 22:00:00;0.0;0.0;0.0;16.57;80.8;3.66;
2021-05-07 23:00:00;0.0;0.0;0.0;16.54;80.8;3.24;
2021-05-08 00:00:00;0.0;0.0;0.0;16.51;80.8;2.9;
2021-05-08 01:00:00;0.0;0.0;0.0;16.49;83.6;2.9;
2021-05-08 02:00:00;0.0;0.0;0.0;16.46;83.6;2.9;
2021-05-08 03:00:00;0.0;0.0;0.0;16.44;83.6;2.69;
2021-05-08 04:00:00;0.0;0.0;0.0;16.41;86.55;2.14;
2021-05-08 05:00:00;127.0;349.58;62.0;16.4;83.6;1.38;
2021-05-08 06:00:00;332.0;601.51;103.0;16.27;86.55;0.76;
2021-05-08 07:00:00;537.0;735.05;124.0;16.18;86.55;0.34;
2021-05-08 08:00:00;713.0;792.12;145.0;16.15;86.55;0.55;
2021-05-08 09:00:00;859.0;850.75;148.0;16.18;86.55;0.62;
2021-05-08 10:00:00;944.0;865.04;157.0;16.37;89.65;0.14;
2021-05-08 11:00:00;974.0;873.51;158.0;16.46;86.55;0.28;
2021-05-08 12:00:00;940.0;864.18;156.0;16.59;83.65;0.41;
2021-05-08 13:00:00;843.0;824.53;158.0;16.77;80.8;0.62;
2021-05-08 14:00:00;702.0;785.85;144.0;16.92;78.0;0.97;
2021-05-08 15:00:00;522.0;715.73;126.0;17.08;75.4;1.03;
2021-05-08 16:00:00;317.0;579.3;102.0;17.25;75.4;0.83;
2021-05-08 17:00:00;120.0;357.89;57.0;17.38;75.4;0.83;
2021-05-08 18:00:00;0.0;0.0;0.0;17.41;78.1;1.59;
2021-05-08 19:00:00;0.0;0.0;0.0;17.38;80.85;2.41;
2021-05-08 20:00:00;0.0;0.0;0.0;17.29;86.65;2.97;
2021-05-08 21:00:00;0.0;0.0;0.0;17.17;86.65;3.17;
2021-05-08 22:00:00;0.0;0.0;0.0;17.2;86.65;4.07;
2021-05-08 23:00:00;0.0;0.0;0.0;17.13;86.65;4.55;
2021-05-09 00:00:00;0.0;0.0;0.0;17.04;83.7;4.69;
2021-05-09 01:00:00;0.0;0.0;0.0;16.97;86.6;4.48;
2021-05-09 02:00:00;0.0;0.0;0.0;16.91;86.6;4.28;
2021-05-09 03:00:00;0.0;0.0;0.0;16.88;86.6;4.34;
2021-05-09 04:00:00;0.0;0.0;0.0;16.88;83.65;4.55;
2021-05-09 05:00:00;83.0;63.54;71.0;16.92;83.65;4.83;
2021-05-09 06:00:00;225.0;140.86;171.0;16.83;83.65;4.9;
2021-05-09 07:00:00;483.0;503.35;199.0;16.82;83.65;4.83;
2021-05-09 08:00:00;680.0;668.83;199.0;16.89;83.65;4.69;
2021-05-09 09:00:00;806.0;681.69;235.0;16.97;83.65;4.9;
2021-05-09 10:00:00;910.0;758.07;219.0;17.15;83.7;5.66;
2021-05-09 11:00:00;976.0;867.69;164.0;17.06;83.7;6.0;
2021-05-09 12:00:00;952.0;882.42;150.0;17.04;80.85;6.21;
2021-05-09 13:00:00;854.0;843.25;152.0;17.1;80.85;6.14;
2021-05-09 14:00:00;712.0;804.87;139.0;17.19;80.85;6.0;
2021-05-09 15:00:00;531.0;734.69;123.0;17.31;80.85;5.72;
2021-05-09 16:00:00;324.0;597.15;101.0;17.43;80.85;5.45;
2021-05-09 17:00:00;126.0;391.91;56.0;17.62;78.15;4.97;
2021-05-09 18:00:00;0.0;0.0;0.0;17.74;78.15;4.41;
2021-05-09 19:00:00;0.0;0.0;0.0;17.82;78.15;4.14;
2021-05-09 20:00:00;0.0;0.0;0.0;17.88;78.15;4.07;
2021-05-09 21:00:00;0.0;0.0;0.0;17.85;75.45;4.14;
2021-05-09 22:00:00;0.0;0.0;0.0;17.9;72.9;4.83;
2021-05-09 23:00:00;0.0;0.0;0.0;17.9;70.35;5.1;
2021-05-10 00:00:00;0.0;0.0;0.0;17.86;70.35;5.17;
2021-05-10 01:00:00;0.0;0.0;0.0;17.76;70.35;5.1;
2021-05-10 02:00:00;0.0;0.0;0.0;17.65;70.35;5.1;
2021-05-10 03:00:00;0.0;0.0;0.0;17.5;75.4;5.24;
2021-05-10 04:00:00;0.0;0.0;0.0;17.42;75.4;5.24;
2021-05-10 05:00:00;134.0;359.91;65.0;17.35;78.1;5.38;
2021-05-10 06:00:00;337.0;596.0;107.0;17.19;78.1;5.45;
2021-05-10 07:00:00;529.0;674.31;147.0;17.13;78.1;5.52;
2021-05-10 08:00:00;726.0;806.99;144.0;17.21;78.1;5.59;
2021-05-10 09:00:00;775.0;582.52;286.0;17.37;78.1;5.66;
2021-05-10 10:00:00;650.0;211.34;457.0;17.54;78.15;5.79;
2021-05-10 11:00:00;765.0;360.56;427.0;17.54;80.9;5.86;
2021-05-10 12:00:00;780.0;436.03;383.0;17.51;80.9;5.79;
2021-05-10 13:00:00;736.0;497.49;321.0;17.5;80.85;5.59;
2021-05-10 14:00:00;700.0;752.37;163.0;17.52;78.15;5.38;
2021-05-10 15:00:00;517.0;665.62;146.0;17.56;78.15;4.9;
2021-05-10 16:00:00;327.0;601.51;101.0;17.57;78.15;4.34;
2021-05-10 17:00:00;129.0;402.93;56.0;17.58;80.9;3.93;
2021-05-10 18:00:00;0.0;0.0;0.0;17.71;78.15;3.72;
2021-05-10 19:00:00;0.0;0.0;0.0;17.84;78.15;3.52;
2021-05-10 20:00:00;0.0;0.0;0.0;17.91;78.15;2.97;
2021-05-10 21:00:00;0.0;0.0;0.0;17.9;80.9;2.69;
2021-05-10 22:00:00;0.0;0.0;0.0;17.72;80.9;2.69;
2021-05-10 23:00:00;0.0;0.0;0.0;17.66;78.15;2.76;
2021-05-11 00:00:00;0.0;0.0;0.0;17.56;78.15;2.83;
2021-05-11 01:00:00;0.0;0.0;0.0;17.51;78.15;2.9;
2021-05-11 02:00:00;0.0;0.0;0.0;17.45;80.85;3.03;
2021-05-11 03:00:00;0.0;0.0;0.0;17.39;80.85;2.97;
2021-05-11 04:00:00;0.0;0.0;0.0;17.34;78.1;3.03;
2021-05-11 05:00:00;140.0;401.08;62.0;17.3;78.1;3.38;
2021-05-11 06:00:00;343.0;617.95;103.0;17.15;80.85;3.72;
2021-05-11 07:00:00;549.0;747.31;124.0;17.0;86.6;3.79;
2021-05-11 08:00:00;725.0;802.04;145.0;17.02;83.7;3.66;
2021-05-11 09:00:00;867.0;848.77;153.0;17.11;83.7;3.52;
2021-05-11 10:00:00;956.0;874.47;156.0;17.54;80.9;4.14;
2021-05-11 11:00:00;986.0;882.86;157.0;17.51;80.9;4.28;
2021-05-11 12:00:00;952.0;872.76;156.0;17.48;80.85;4.07;
2021-05-11 13:00:00;854.0;833.9;157.0;17.47;80.85;3.59;
2021-05-11 14:00:00;714.0;796.59;144.0;17.53;78.15;3.03;
2021-05-11 15:00:00;528.0;709.71;131.0;17.56;78.15;2.34;
2021-05-11 16:00:00;322.0;571.46;106.0;17.55;78.15;1.52;
2021-05-11 17:00:00;124.0;342.93;61.0;17.51;78.15;1.03;
2021-05-11 18:00:00;0.0;0.0;0.0;17.41;83.7;1.45;
2021-05-11 19:00:00;0.0;0.0;0.0;17.42;83.7;2.14;
2021-05-11 20:00:00;0.0;0.0;0.0;17.52;83.75;2.83;
2021-05-11 21:00:00;0.0;0.0;0.0;17.62;83.75;3.1;
2021-05-11 22:00:00;0.0;0.0;0.0;17.64;80.9;2.83;
2021-05-11 23:00:00;0.0;0.0;0.0;17.65;83.75;2.76;
2021-05-12 00:00:00;0.0;0.0;0.0;17.6;83.75;2.83;
2021-05-12 01:00:00;0.0;0.0;0.0;17.55;80.9;3.1;
2021-05-12 02:00:00;0.0;0.0;0.0;17.5;83.7;3.45;
2021-05-12 03:00:00;0.0;0.0;0.0;17.45;80.85;3.72;
2021-05-12 04:00:00;0.0;0.0;0.0;17.4;78.1;3.93;
2021-05-12 05:00:00;115.0;187.68;78.0;17.36;78.1;4.14;
2021-05-12 06:00:00;320.0;478.54;133.0;17.19;80.85;4.34;
2021-05-12 07:00:00;537.0;690.23;143.0;17.12;80.85;4.34;
2021-05-12 08:00:00;727.0;798.57;148.0;17.2;80.85;4.28;
2021-05-12 09:00:00;878.0;867.23;147.0;17.35;80.85;4.21;
2021-05-12 10:00:00;963.0;880.61;156.0;17.65;78.15;5.17;
2021-05-12 11:00:00;992.0;888.88;156.0;17.66;78.15;5.03;
2021-05-12 12:00:00;958.0;878.96;155.0;17.64;78.15;4.97;
2021-05-12 13:00:00;865.0;852.58;151.0;17.65;78.15;4.69;
2021-05-12 14:00:00;723.0;814.14;139.0;17.7;75.45;4.34;
2021-05-12 15:00:00;539.0;735.7;126.0;17.77;75.45;3.38;
2021-05-12 16:00:00;334.0;612.8;101.0;17.83;75.45;2.28;
2021-05-12 17:00:00;133.0;402.74;58.0;17.84;78.15;2.07;
2021-05-12 18:00:00;0.0;0.0;0.0;17.87;78.15;2.55;
2021-05-12 19:00:00;0.0;0.0;0.0;18.0;80.9;2.76;
2021-05-12 20:00:00;0.0;0.0;0.0;18.11;78.25;2.9;
2021-05-12 21:00:00;0.0;0.0;0.0;18.16;81.0;2.9;
2021-05-12 22:00:00;0.0;0.0;0.0;18.18;81.0;3.31;
2021-05-12 23:00:00;0.0;0.0;0.0;18.19;78.25;3.66;
2021-05-13 00:00:00;0.0;0.0;0.0;18.23;75.55;4.14;
2021-05-13 01:00:00;0.0;0.0;0.0;18.27;70.45;4.48;
2021-05-13 02:00:00;0.0;0.0;0.0;18.31;68.05;4.69;
2021-05-13 03:00:00;0.0;0.0;0.0;18.34;68.05;4.69;
2021-05-13 04:00:00;0.0;0.0;0.0;18.34;68.05;4.83;
2021-05-13 05:00:00;154.0;470.63;60.0;18.35;68.05;5.17;
2021-05-13 06:00:00;359.0;661.45;99.0;18.27;68.05;5.24;
2021-05-13 07:00:00;565.0;771.55;123.0;18.26;68.05;5.31;
2021-05-13 08:00:00;742.0;824.09;143.0;18.52;68.05;5.31;
2021-05-13 09:00:00;890.0;882.13;145.0;18.87;65.65;5.38;
2021-05-13 10:00:00;976.0;895.5;154.0;18.96;68.05;5.17;
2021-05-13 11:00:00;1005.0;902.36;155.0;18.92;68.05;5.52;
2021-05-13 12:00:00;977.0;905.94;148.0;18.87;68.05;5.72;
2021-05-13 13:00:00;882.0;878.38;145.0;18.83;68.05;5.79;
2021-05-13 14:00:00;711.0;753.75;169.0;18.86;68.05;5.72;
2021-05-13 15:00:00;480.0;484.62;207.0;18.93;68.05;5.59;
2021-05-13 16:00:00;316.0;491.59;128.0;19.04;68.1;5.17;
2021-05-13 17:00:00;129.0;339.13;65.0;19.11;68.1;4.76;
2021-05-13 18:00:00;0.0;0.0;0.0;19.14;68.1;4.76;
2021-05-13 19:00:00;0.0;0.0;0.0;19.11;70.55;4.83;
2021-05-13 20:00:00;0.0;0.0;0.0;19.07;70.55;5.1;
2021-05-13 21:00:00;0.0;0.0;0.0;19.0;70.45;5.52;
2021-05-13 22:00:00;0.0;0.0;0.0;19.07;65.75;6.28;
2021-05-13 23:00:00;0.0;0.0;0.0;18.95;68.05;7.03;
2021-05-14 00:00:00;0.0;0.0;0.0;18.87;70.45;7.38;
2021-05-14 01:00:00;0.0;0.0;0.0;18.82;68.05;7.45;
2021-05-14 02:00:00;0.0;0.0;0.0;18.85;68.05;7.45;
2021-05-14 03:00:00;0.0;0.0;0.0;18.9;65.65;7.59;
2021-05-14 04:00:00;0.0;0.0;0.0;18.97;63.4;7.79;
2021-05-14 05:00:00;142.0;370.87;67.0;19.06;61.3;7.72;
2021-05-14 06:00:00;338.0;566.66;114.0;19.02;61.3;7.79;
2021-05-14 07:00:00;508.0;568.86;181.0;19.08;61.3;7.86;
2021-05-14 08:00:00;667.0;602.53;228.0;19.44;59.15;8.07;
2021-05-14 09:00:00;773.0;574.39;287.0;19.9;57.2;8.0;
2021-05-14 10:00:00;934.0;814.68;185.0;19.8;61.4;7.66;
2021-05-14 11:00:00;967.0;837.4;177.0;20.01;61.4;7.66;
2021-05-14 12:00:00;914.0;767.03;211.0;20.1;59.35;7.17;
2021-05-14 13:00:00;345.0;11.9;335.0;20.03;61.4;6.83;
2021-05-14 14:00:00;204.0;0.0;204.0;19.86;63.6;6.76;
2021-05-14 15:00:00;85.0;0.0;85.0;19.7;63.6;7.86;
2021-05-14 16:00:00;29.0;0.0;29.0;19.68;65.85;8.83;
2021-05-14 17:00:00;54.0;5.23;53.0;20.03;63.6;10.0;
2021-05-14 18:00:00;0.0;0.0;0.0;20.54;55.45;12.34;
2021-05-14 19:00:00;0.0;0.0;0.0;20.88;55.45;11.59;
2021-05-14 20:00:00;0.0;0.0;0.0;20.74;55.45;9.72;
2021-05-14 21:00:00;0.0;0.0;0.0;20.47;59.35;7.86;
2021-05-14 22:00:00;0.0;0.0;0.0;19.45;68.1;8.07;
2021-05-14 23:00:00;0.0;0.0;0.0;19.33;70.55;6.48;
2021-05-15 00:00:00;0.0;0.0;0.0;19.39;68.1;5.31;
2021-05-15 01:00:00;0.0;0.0;0.0;19.14;70.55;6.48;
2021-05-15 02:00:00;0.0;0.0;0.0;19.02;70.45;8.07;
2021-05-15 03:00:00;0.0;0.0;0.0;18.74;75.55;8.41;
2021-05-15 04:00:00;0.0;0.0;0.0;18.5;81.0;7.86;
2021-05-15 05:00:00;124.0;229.68;77.0;18.46;83.8;6.62;
2021-05-15 06:00:00;58.0;0.0;58.0;18.49;83.8;4.41;
2021-05-15 07:00:00;48.0;0.0;48.0;18.67;81.0;4.55;
2021-05-15 08:00:00;529.0;265.66;335.0;19.01;78.25;6.34;
2021-05-15 09:00:00;290.0;2.36;288.0;19.47;73.05;6.48;
2021-05-15 10:00:00;647.0;216.12;448.0;19.19;75.65;7.52;
2021-05-15 11:00:00;924.0;740.93;224.0;19.67;73.15;7.66;
2021-05-15 12:00:00;863.0;651.46;265.0;20.14;70.7;6.97;
2021-05-15 13:00:00;792.0;669.74;228.0;20.15;73.2;3.52;
2021-05-15 14:00:00;592.0;427.69;283.0;19.78;78.35;2.07;
2021-05-15 15:00:00;419.0;317.36;239.0;19.71;78.35;4.0;
2021-05-15 16:00:00;131.0;7.76;128.0;19.36;83.85;2.48;
2021-05-15 17:00:00;102.0;144.61;74.0;19.06;83.85;0.76;
2021-05-15 18:00:00;0.0;0.0;0.0;18.85;86.75;0.28;
2021-05-15 19:00:00;0.0;0.0;0.0;18.71;86.75;0.76;
2021-05-15 20:00:00;0.0;0.0;0.0;18.66;86.75;1.79;
2021-05-15 21:00:00;0.0;0.0;0.0;18.74;83.8;3.03;
2021-05-15 22:00:00;0.0;0.0;0.0;18.77;83.8;3.17;
2021-05-15 23:00:00;0.0;0.0;0.0;18.61;83.8;3.24;
2021-05-16 00:00:00;0.0;0.0;0.0;18.4;86.75;3.38;
2021-05-16 01:00:00;0.0;0.0;0.0;18.37;86.75;3.31;
2021-05-16 02:00:00;0.0;0.0;0.0;18.29;86.75;3.17;
2021-05-16 03:00:00;0.0;0.0;0.0;18.32;83.8;2.28;
2021-05-16 04:00:00;0.0;0.0;0.0;18.38;83.8;1.1;
2021-05-16 05:00:00;60.0;4.83;59.0;18.45;83.8;0.76;
2021-05-16 06:00:00;285.0;315.41;159.0;18.44;83.8;0.48;
2021-05-16 07:00:00;413.0;274.84;254.0;18.4;83.8;0.55;
2021-05-16 08:00:00;605.0;439.97;283.0;18.49;83.8;1.17;
2021-05-16 09:00:00;804.0;683.11;224.0;18.52;83.8;2.21;
2021-05-16 10:00:00;890.0;716.82;229.0;18.59;83.8;3.59;
2021-05-16 11:00:00;903.0;683.87;256.0;18.64;83.8;4.41;
2021-05-16 12:00:00;594.0;153.38;453.0;18.68;86.75;4.55;
2021-05-16 13:00:00;91.0;0.0;91.0;18.52;86.75;2.0;
2021-05-16 14:00:00;129.0;0.0;129.0;18.23;89.75;0.76;
2021-05-16 15:00:00;98.0;0.0;98.0;18.01;86.75;1.93;
2021-05-16 16:00:00;99.0;0.0;99.0;17.88;89.75;1.93;
2021-05-16 17:00:00;38.0;0.0;38.0;17.84;89.75;2.0;
2021-05-16 18:00:00;0.0;0.0;0.0;17.82;89.75;2.34;
2021-05-16 19:00:00;0.0;0.0;0.0;17.73;89.75;1.79;
2021-05-16 20:00:00;0.0;0.0;0.0;17.61;89.75;2.76;
2021-05-16 21:00:00;0.0;0.0;0.0;17.57;89.75;3.72;
2021-05-16 22:00:00;0.0;0.0;0.0;18.33;89.75;3.72;
2021-05-16 23:00:00;0.0;0.0;0.0;18.42;89.75;4.9;
2021-05-17 00:00:00;0.0;0.0;0.0;18.52;89.75;5.86;
2021-05-17 01:00:00;0.0;0.0;0.0;18.66;89.75;6.83;
2021-05-17 02:00:00;0.0;0.0;0.0;18.8;86.75;7.93;
2021-05-17 03:00:00;0.0;0.0;0.0;18.96;83.8;8.55;
2021-05-17 04:00:00;0.0;0.0;0.0;19.06;83.85;8.41;
2021-05-17 05:00:00;125.0;210.34;81.0;19.0;86.75;7.72;
2021-05-17 06:00:00;296.0;346.24;157.0;18.87;86.75;7.03;
2021-05-17 07:00:00;468.0;423.96;222.0;18.8;86.75;6.21;
2021-05-17 08:00:00;644.0;533.14;253.0;18.76;86.75;5.72;
2021-05-17 09:00:00;817.0;705.52;217.0;18.76;86.75;5.66;
2021-05-17 10:00:00;911.0;756.96;212.0;18.73;92.85;5.17;
2021-05-17 11:00:00;933.0;748.39;224.0;18.68;92.85;5.38;
2021-05-17 12:00:00;912.0;770.12;203.0;18.7;92.85;5.38;
2021-05-17 13:00:00;819.0;731.31;201.0;18.7;92.85;5.31;
2021-05-17 14:00:00;687.0;701.31;178.0;18.78;92.85;5.24;
2021-05-17 15:00:00;505.0;595.52;165.0;18.81;92.85;5.1;
2021-05-17 16:00:00;308.0;447.5;133.0;18.83;92.85;4.83;
2021-05-17 17:00:00;123.0;257.02;72.0;18.83;92.85;4.48;
2021-05-17 18:00:00;0.0;0.0;0.0;18.81;92.85;4.0;
2021-05-17 19:00:00;0.0;0.0;0.0;18.73;92.85;3.66;
2021-05-17 20:00:00;0.0;0.0;0.0;18.66;92.85;3.45;
2021-05-17 21:00:00;0.0;0.0;0.0;18.61;92.85;2.97;
2021-05-17 22:00:00;0.0;0.0;0.0;18.39;92.85;2.83;
2021-05-17 23:00:00;0.0;0.0;0.0;18.33;92.85;2.48;
2021-05-18 00:00:00;0.0;0.0;0.0;18.25;92.85;2.07;
2021-05-18 01:00:00;0.0;0.0;0.0;18.27;92.85;3.03;
2021-05-18 02:00:00;0.0;0.0;0.0;18.32;92.85;3.86;
2021-05-18 03:00:00;0.0;0.0;0.0;18.4;92.85;3.59;
2021-05-18 04:00:00;0.0;0.0;0.0;18.44;92.85;3.31;
2021-05-18 05:00:00;139.0;293.38;77.0;18.44;92.85;3.17;
2021-05-18 06:00:00;159.0;19.83;151.0;18.38;92.85;2.97;
2021-05-18 07:00:00;528.0;634.13;159.0;18.36;92.85;2.55;
2021-05-18 08:00:00;497.0;195.96;353.0;18.33;92.85;2.14;
2021-05-18 09:00:00;841.0;769.0;186.0;18.33;92.85;2.0;
2021-05-18 10:00:00;901.0;719.18;236.0;18.88;96.1;2.34;
2021-05-18 11:00:00;944.0;768.5;215.0;19.1;92.9;2.48;
2021-05-18 12:00:00;933.0;821.1;176.0;19.26;92.9;2.62;
2021-05-18 13:00:00;834.0;765.52;186.0;19.46;89.8;2.69;
2021-05-18 14:00:00;700.0;735.51;165.0;19.62;86.85;2.76;
2021-05-18 15:00:00;518.0;639.01;152.0;19.61;86.85;2.55;
2021-05-18 16:00:00;319.0;490.91;126.0;19.51;92.9;2.55;
2021-05-18 17:00:00;129.0;288.86;71.0;19.34;92.9;2.69;
2021-05-18 18:00:00;0.0;0.0;0.0;19.2;92.9;2.83;
2021-05-18 19:00:00;0.0;0.0;0.0;19.13;92.9;3.03;
2021-05-18 20:00:00;0.0;0.0;0.0;19.18;92.9;3.1;
2021-05-18 21:00:00;0.0;0.0;0.0;19.18;92.9;3.1;
2021-05-18 22:00:00;0.0;0.0;0.0;19.17;89.8;3.38;
2021-05-18 23:00:00;0.0;0.0;0.0;19.17;89.8;3.38;
2021-05-19 00:00:00;0.0;0.0;0.0;19.12;89.8;3.24;
2021-05-19 01:00:00;0.0;0.0;0.0;19.07;89.8;2.97;
2021-05-19 02:00:00;0.0;0.0;0.0;19.02;89.8;2.9;
2021-05-19 03:00:00;0.0;0.0;0.0;19.0;92.85;2.83;
2021-05-19 04:00:00;0.0;0.0;0.0;18.99;92.85;2.69;
2021-05-19 05:00:00;141.0;290.55;79.0;18.97;92.85;2.55;
2021-05-19 06:00:00;341.0;528.22;127.0;18.87;92.85;2.62;
2021-05-19 07:00:00;544.0;675.27;150.0;18.83;92.85;2.9;
2021-05-19 08:00:00;722.0;756.55;165.0;18.93;92.85;3.45;
2021-05-19 09:00:00;864.0;813.59;170.0;19.1;89.8;4.21;
2021-05-19 10:00:00;951.0;838.14;175.0;19.73;89.85;5.24;
2021-05-19 11:00:00;985.0;859.13;169.0;19.86;89.85;5.24;
2021-05-19 12:00:00;957.0;862.22;161.0;19.86;89.85;5.1;
2021-05-19 13:00:00;856.0;810.26;169.0;19.86;89.85;5.1;
2021-05-19 14:00:00;719.0;777.81;152.0;19.82;89.85;5.17;
2021-05-19 15:00:00;540.0;704.87;135.0;19.8;89.85;5.03;
2021-05-19 16:00:00;339.0;581.96;109.0;19.78;89.85;5.1;
2021-05-19 17:00:00;142.0;374.17;66.0;19.81;89.85;5.1;
2021-05-19 18:00:00;0.0;0.0;0.0;19.89;89.85;5.24;
2021-05-19 19:00:00;0.0;0.0;0.0;19.98;89.85;5.38;
2021-05-19 20:00:00;0.0;0.0;0.0;20.0;89.85;5.24;
2021-05-19 21:00:00;0.0;0.0;0.0;19.92;89.85;4.9;
2021-05-19 22:00:00;0.0;0.0;0.0;19.64;89.85;4.9;
2021-05-19 23:00:00;0.0;0.0;0.0;19.56;89.85;4.62;
2021-05-20 00:00:00;0.0;0.0;0.0;19.51;92.9;4.62;
2021-05-20 01:00:00;0.0;0.0;0.0;19.49;92.9;4.55;
2021-05-20 02:00:00;0.0;0.0;0.0;19.47;89.8;4.48;
2021-05-20 03:00:00;0.0;0.0;0.0;19.49;89.8;4.48;
2021-05-20 04:00:00;0.0;0.0;0.0;19.47;89.8;4.41;
2021-05-20 05:00:00;160.0;422.56;69.0;19.46;89.8;4.55;
2021-05-20 06:00:00;362.0;626.76;107.0;19.44;89.8;4.69;
2021-05-20 07:00:00;562.0;738.5;130.0;19.47;92.9;4.83;
2021-05-20 08:00:00;738.0;798.59;149.0;19.53;89.85;5.03;
2021-05-20 09:00:00;882.0;854.59;152.0;19.6;89.85;5.38;
2021-05-20 10:00:00;971.0;879.19;156.0;19.96;89.85;5.38;
2021-05-20 11:00:00;1000.0;886.49;157.0;20.01;89.85;5.38;
2021-05-20 12:00:00;967.0;877.31;156.0;20.05;86.85;5.24;
2021-05-20 13:00:00;870.0;839.57;157.0;20.1;86.85;5.17;
2021-05-20 14:00:00;731.0;803.53;144.0;20.14;86.85;5.1;
2021-05-20 15:00:00;550.0;728.71;130.0;20.15;86.85;5.17;
2021-05-20 16:00:00;349.0;614.22;105.0;20.15;89.85;5.38;
2021-05-20 17:00:00;150.0;423.53;63.0;20.13;89.85;5.17;
2021-05-20 18:00:00;0.0;0.0;0.0;20.14;89.85;4.9;
2021-05-20 19:00:00;0.0;0.0;0.0;20.14;86.85;4.48;
2021-05-20 20:00:00;0.0;0.0;0.0;20.13;86.85;4.14;
2021-05-20 21:00:00;0.0;0.0;0.0;20.1;86.85;3.93;
2021-05-20 22:00:00;0.0;0.0;0.0;19.92;89.85;3.79;
2021-05-20 23:00:00;0.0;0.0;0.0;19.9;89.85;3.72;
2021-05-21 00:00:00;0.0;0.0;0.0;19.9;89.85;3.79;
2021-05-21 01:00:00;0.0;0.0;0.0;19.91;89.85;3.93;
2021-05-21 02:00:00;0.0;0.0;0.0;19.96;89.85;4.14;
2021-05-21 03:00:00;0.0;0.0;0.0;19.97;89.85;4.41;
2021-05-21 04:00:00;0.0;0.0;0.0;19.97;89.85;4.55;
2021-05-21 05:00:00;165.0;455.74;66.0;19.97;89.85;4.76;
2021-05-21 06:00:00;368.0;646.29;104.0;19.91;89.85;4.76;
2021-05-21 07:00:00;574.0;770.82;122.0;19.91;89.85;4.55;
2021-05-21 08:00:00;748.0;822.96;140.0;19.98;89.85;4.34;
2021-05-21 09:00:00;894.0;880.35;141.0;20.04;86.85;4.14;
2021-05-21 10:00:00;973.0;881.39;155.0;20.29;86.85;3.79;
2021-05-21 11:00:00;1008.0;901.22;150.0;20.38;86.85;3.93;
2021-05-21 12:00:00;980.0;904.27;143.0;20.39;86.85;4.07;
2021-05-21 13:00:00;877.0;853.54;151.0;20.44;86.85;4.07;
2021-05-21 14:00:00;734.0;805.96;144.0;20.47;86.85;4.41;
2021-05-21 15:00:00;553.0;731.69;130.0;20.49;86.85;4.83;
2021-05-21 16:00:00;353.0;626.15;103.0;20.46;89.85;4.97;
2021-05-21 17:00:00;153.0;428.54;64.0;20.42;89.85;4.9;
2021-05-21 18:00:00;0.0;0.0;0.0;20.4;89.85;4.76;
2021-05-21 19:00:00;0.0;0.0;0.0;20.39;89.85;4.76;
2021-05-21 20:00:00;0.0;0.0;0.0;20.35;89.85;4.69;
2021-05-21 21:00:00;0.0;0.0;0.0;20.29;89.85;4.48;
2021-05-21 22:00:00;0.0;0.0;0.0;20.17;89.85;3.66;
2021-05-21 23:00:00;0.0;0.0;0.0;20.06;89.85;3.24;
2021-05-22 00:00:00;0.0;0.0;0.0;19.99;92.9;3.03;
2021-05-22 01:00:00;0.0;0.0;0.0;19.93;92.9;3.03;
2021-05-22 02:00:00;0.0;0.0;0.0;19.89;92.9;3.03;
2021-05-22 03:00:00;0.0;0.0;0.0;19.89;92.9;2.97;
2021-05-22 04:00:00;3.0;0.0;3.0;19.9;89.85;2.97;
2021-05-22 05:00:00;134.0;214.59;87.0;19.9;89.85;2.9;
2021-05-22 06:00:00;314.0;385.33;156.0;19.76;89.85;2.62;
2021-05-22 07:00:00;560.0;728.23;132.0;19.54;89.85;2.07;
2021-05-22 08:00:00;729.0;778.4;153.0;19.58;89.85;1.45;
2021-05-22 09:00:00;876.0;844.21;153.0;19.65;89.85;0.9;
2021-05-22 10:00:00;964.0;869.64;156.0;20.17;89.85;0.83;
2021-05-22 11:00:00;988.0;864.54;164.0;20.31;86.85;0.69;
2021-05-22 12:00:00;960.0;867.54;156.0;20.49;86.85;0.97;
2021-05-22 13:00:00;860.0;818.2;163.0;20.64;84.05;1.31;
2021-05-22 14:00:00;720.0;772.96;153.0;20.8;84.05;1.59;
2021-05-22 15:00:00;539.0;688.12;140.0;21.0;81.2;1.52;
2021-05-22 16:00:00;339.0;555.77;116.0;21.16;78.55;1.31;
2021-05-22 17:00:00;146.0;357.29;71.0;21.09;78.55;0.9;
2021-05-22 18:00:00;0.0;0.0;0.0;21.01;81.2;0.62;
2021-05-22 19:00:00;0.0;0.0;0.0;20.99;84.05;1.17;
2021-05-22 20:00:00;0.0;0.0;0.0;20.94;84.05;1.93;
2021-05-22 21:00:00;0.0;0.0;0.0;20.71;86.9;2.48;
2021-05-22 22:00:00;0.0;0.0;0.0;20.45;86.85;3.03;
2021-05-22 23:00:00;0.0;0.0;0.0;20.38;86.85;3.31;
2021-05-23 00:00:00;0.0;0.0;0.0;20.36;86.85;3.59;
2021-05-23 01:00:00;0.0;0.0;0.0;20.36;86.85;3.93;
2021-05-23 02:00:00;0.0;0.0;0.0;20.38;86.85;4.0;
2021-05-23 03:00:00;0.0;0.0;0.0;20.37;86.85;3.93;
2021-05-23 04:00:00;4.0;0.0;4.0;20.38;86.85;3.79;
2021-05-23 05:00:00;144.0;276.37;83.0;20.38;86.85;3.72;
2021-05-23 06:00:00;340.0;507.89;131.0;20.24;86.85;3.86;
2021-05-23 07:00:00;544.0;674.03;147.0;20.12;86.85;3.86;
2021-05-23 08:00:00;717.0;742.14;167.0;20.11;86.85;3.86;
2021-05-23 09:00:00;861.0;812.88;164.0;20.16;86.85;3.93;
2021-05-23 10:00:00;948.0;837.54;169.0;20.43;86.85;4.21;
2021-05-23 11:00:00;976.0;844.75;170.0;20.44;86.85;4.14;
2021-05-23 12:00:00;949.0;847.1;163.0;20.47;86.85;4.0;
2021-05-23 13:00:00;855.0;809.95;164.0;20.53;83.95;3.86;
2021-05-23 14:00:00;715.0;764.61;153.0;20.58;81.2;3.59;
2021-05-23 15:00:00;539.0;691.26;137.0;20.7;81.2;3.03;
2021-05-23 16:00:00;338.0;548.12;117.0;20.82;81.2;2.0;
2021-05-23 17:00:00;146.0;353.58;71.0;20.82;81.2;0.9;
2021-05-23 18:00:00;0.0;0.0;0.0;20.72;84.05;1.03;
2021-05-23 19:00:00;0.0;0.0;0.0;20.62;84.05;1.66;
2021-05-23 20:00:00;0.0;0.0;0.0;20.65;84.05;2.07;
2021-05-23 21:00:00;0.0;0.0;0.0;20.66;84.05;2.0;
2021-05-23 22:00:00;0.0;0.0;0.0;20.63;86.9;2.41;
2021-05-23 23:00:00;0.0;0.0;0.0;20.64;86.9;2.41;
2021-05-24 00:00:00;0.0;0.0;0.0;20.63;84.05;2.55;
2021-05-24 01:00:00;0.0;0.0;0.0;20.61;84.05;2.55;
2021-05-24 02:00:00;0.0;0.0;0.0;20.58;84.05;2.34;
2021-05-24 03:00:00;0.0;0.0;0.0;20.52;86.85;1.72;
2021-05-24 04:00:00;5.0;0.0;5.0;20.42;86.85;0.97;
2021-05-24 05:00:00;145.0;274.36;84.0;20.41;86.85;0.21;
2021-05-24 06:00:00;344.0;520.72;129.0;20.4;86.85;1.24;
2021-05-24 07:00:00;550.0;691.3;142.0;20.26;86.85;1.31;
2021-05-24 08:00:00;720.0;745.13;167.0;20.04;86.85;0.76;
2021-05-24 09:00:00;855.0;787.51;179.0;20.02;92.9;0.28;
2021-05-24 10:00:00;946.0;825.96;177.0;21.02;86.9;0.55;
2021-05-24 11:00:00;974.0;833.42;178.0;21.33;84.05;1.66;
2021-05-24 12:00:00;937.0;809.51;185.0;21.73;78.65;2.83;
2021-05-24 13:00:00;816.0;685.88;230.0;21.93;81.35;3.31;
2021-05-24 14:00:00;711.0;740.03;166.0;22.17;78.7;3.1;
2021-05-24 15:00:00;537.0;670.42;146.0;22.33;81.4;2.97;
2021-05-24 16:00:00;341.0;552.93;117.0;22.26;81.4;2.97;
2021-05-24 17:00:00;150.0;373.34;70.0;21.93;84.1;2.97;
2021-05-24 18:00:00;0.0;0.0;0.0;21.75;84.1;2.83;
2021-05-24 19:00:00;0.0;0.0;0.0;21.67;84.1;2.55;
2021-05-24 20:00:00;0.0;0.0;0.0;21.65;81.35;2.41;
2021-05-24 21:00:00;0.0;0.0;0.0;21.67;81.35;2.48;
2021-05-24 22:00:00;0.0;0.0;0.0;21.37;84.05;2.55;
2021-05-24 23:00:00;0.0;0.0;0.0;21.4;84.05;2.55;
2021-05-25 00:00:00;0.0;0.0;0.0;21.39;84.05;2.62;
2021-05-25 01:00:00;0.0;0.0;0.0;21.34;84.05;2.55;
2021-05-25 02:00:00;0.0;0.0;0.0;21.26;86.95;2.07;
2021-05-25 03:00:00;0.0;0.0;0.0;21.19;86.95;1.52;
2021-05-25 04:00:00;6.0;0.0;6.0;21.16;86.95;0.83;
2021-05-25 05:00:00;157.0;348.43;79.0;21.12;86.95;0.48;
2021-05-25 06:00:00;354.0;567.36;119.0;20.97;89.9;0.34;
2021-05-25 07:00:00;556.0;706.9;138.0;20.77;89.9;0.28;
2021-05-25 08:00:00;731.0;776.44;154.0;20.65;92.95;0.62;
2021-05-25 09:00:00;877.0;842.54;153.0;20.81;89.9;0.62;
2021-05-25 10:00:00;959.0;855.21;162.0;21.13;84.05;0.48;
2021-05-25 11:00:00;988.0;861.89;164.0;21.39;84.05;0.97;
2021-05-25 12:00:00;961.0;865.59;156.0;21.73;78.65;1.72;
2021-05-25 13:00:00;866.0;827.5;158.0;22.26;76.1;1.86;
2021-05-25 14:00:00;726.0;781.98;149.0;22.82;71.15;1.31;
2021-05-25 15:00:00;549.0;709.57;134.0;22.93;73.6;0.83;
2021-05-25 16:00:00;350.0;589.67;110.0;22.92;73.6;0.83;
2021-05-25 17:00:00;154.0;392.77;69.0;22.77;76.15;1.17;
2021-05-25 18:00:00;0.0;0.0;0.0;22.62;78.75;1.72;
2021-05-25 19:00:00;0.0;0.0;0.0;22.38;84.15;2.41;
2021-05-25 20:00:00;0.0;0.0;0.0;22.22;84.15;2.83;
2021-05-25 21:00:00;0.0;0.0;0.0;22.1;81.4;2.83;
2021-05-25 22:00:00;0.0;0.0;0.0;21.88;84.1;2.34;
2021-05-25 23:00:00;0.0;0.0;0.0;21.8;84.1;2.07;
2021-05-26 00:00:00;0.0;0.0;0.0;21.75;84.1;1.38;
2021-05-26 01:00:00;0.0;0.0;0.0;21.47;89.95;1.03;
2021-05-26 02:00:00;0.0;0.0;0.0;21.43;89.95;1.03;
2021-05-26 03:00:00;0.0;0.0;0.0;21.53;86.95;0.83;
2021-05-26 04:00:00;6.0;0.0;6.0;21.67;81.35;0.9;
2021-05-26 05:00:00;157.0;350.65;78.0;21.6;84.1;1.59;
2021-05-26 06:00:00;355.0;565.69;120.0;21.57;84.1;2.07;
2021-05-26 07:00:00;556.0;703.96;139.0;21.59;78.65;2.0;
2021-05-26 08:00:00;734.0;783.55;151.0;21.42;84.05;1.66;
2021-05-26 09:00:00;876.0;839.38;154.0;21.34;84.05;1.38;
2021-05-26 10:00:00;963.0;864.09;157.0;21.49;81.3;1.52;
2021-05-26 11:00:00;992.0;871.53;158.0;21.61;78.65;2.0;
2021-05-26 12:00:00;955.0;850.69;163.0;21.69;81.35;2.83;
2021-05-26 13:00:00;866.0;825.2;159.0;21.7;81.35;3.45;
2021-05-26 14:00:00;722.0;768.35;154.0;21.79;81.35;2.76;
2021-05-26 15:00:00;552.0;716.14;132.0;21.85;81.35;2.14;
2021-05-26 16:00:00;347.0;567.43;115.0;21.83;84.1;2.55;
2021-05-26 17:00:00;155.0;384.43;71.0;21.56;87.0;3.52;
2021-05-26 18:00:00;4.0;0.0;4.0;21.32;89.95;4.0;
2021-05-26 19:00:00;0.0;0.0;0.0;21.16;89.95;4.21;
2021-05-26 20:00:00;0.0;0.0;0.0;21.06;89.95;4.07;
2021-05-26 21:00:00;0.0;0.0;0.0;20.95;92.95;4.28;
2021-05-26 22:00:00;0.0;0.0;0.0;20.77;89.9;5.31;
2021-05-26 23:00:00;0.0;0.0;0.0;20.69;89.9;6.0;
2021-05-27 00:00:00;0.0;0.0;0.0;20.6;89.9;6.55;
2021-05-27 01:00:00;0.0;0.0;0.0;20.59;86.9;6.9;
2021-05-27 02:00:00;0.0;0.0;0.0;20.62;86.9;6.55;
2021-05-27 03:00:00;0.0;0.0;0.0;20.68;86.9;6.48;
2021-05-27 04:00:00;2.0;0.0;2.0;20.72;86.9;6.41;
2021-05-27 05:00:00;108.0;83.83;89.0;20.76;86.9;6.34;
2021-05-27 06:00:00;245.0;146.43;184.0;20.92;86.9;6.21;
2021-05-27 07:00:00;387.0;192.13;273.0;21.09;84.05;5.59;
2021-05-27 08:00:00;339.0;29.53;317.0;21.31;86.95;4.21;
2021-05-27 09:00:00;595.0;210.23;414.0;21.44;86.95;2.97;
2021-05-27 10:00:00;821.0;516.3;339.0;21.24;93.0;4.9;
2021-05-27 11:00:00;914.0;685.95;257.0;21.32;93.0;5.52;
2021-05-27 12:00:00;919.0;776.83;195.0;21.43;93.0;6.0;
2021-05-27 13:00:00;824.0;723.85;203.0;21.45;89.95;6.07;
2021-05-27 14:00:00;706.0;737.24;160.0;21.35;89.95;5.72;
2021-05-27 15:00:00;534.0;666.6;142.0;21.2;89.95;4.55;
2021-05-27 16:00:00;304.0;362.81;155.0;21.06;89.95;4.0;
2021-05-27 17:00:00;136.0;244.84;82.0;20.89;89.9;3.93;
2021-05-27 18:00:00;4.0;0.0;4.0;20.74;89.9;3.66;
2021-05-27 19:00:00;0.0;0.0;0.0;20.69;86.9;3.52;
2021-05-27 20:00:00;0.0;0.0;0.0;20.73;86.9;3.52;
2021-05-27 21:00:00;0.0;0.0;0.0;20.74;84.05;3.52;
2021-05-27 22:00:00;0.0;0.0;0.0;20.83;84.05;4.0;
2021-05-27 23:00:00;0.0;0.0;0.0;20.78;84.05;4.9;
2021-05-28 00:00:00;0.0;0.0;0.0;20.69;81.2;5.93;
2021-05-28 01:00:00;0.0;0.0;0.0;20.41;81.15;7.17;
2021-05-28 02:00:00;0.0;0.0;0.0;20.05;81.15;7.93;
2021-05-28 03:00:00;0.0;0.0;0.0;19.76;81.1;8.21;
2021-05-28 04:00:00;5.0;0.0;5.0;19.64;81.1;8.34;
2021-05-28 05:00:00;140.0;223.77;89.0;19.61;81.1;8.07;
2021-05-28 06:00:00;341.0;488.47;137.0;19.69;81.1;7.17;
2021-05-28 07:00:00;509.0;521.67;199.0;19.82;83.9;6.34;
2021-05-28 08:00:00;680.0;610.16;225.0;20.01;83.9;5.72;
2021-05-28 09:00:00;830.0;709.06;219.0;20.26;83.95;4.76;
2021-05-28 10:00:00;749.0;357.48;415.0;20.05;83.95;4.14;
2021-05-28 11:00:00;756.0;332.77;437.0;20.15;83.95;3.72;
2021-05-28 12:00:00;941.0;819.99;176.0;20.18;86.85;3.66;
2021-05-28 13:00:00;858.0;807.89;164.0;20.26;86.85;4.0;
2021-05-28 14:00:00;728.0;784.44;146.0;20.39;89.85;4.34;
2021-05-28 15:00:00;555.0;720.81;130.0;20.66;86.9;4.62;
2021-05-28 16:00:00;358.0;606.1;108.0;20.73;89.9;4.97;
2021-05-28 17:00:00;164.0;431.33;68.0;20.73;89.9;5.31;
2021-05-28 18:00:00;6.0;0.0;6.0;20.69;89.9;5.24;
2021-05-28 19:00:00;0.0;0.0;0.0;20.56;89.9;4.97;
2021-05-28 20:00:00;0.0;0.0;0.0;20.52;92.95;5.24;
2021-05-28 21:00:00;0.0;0.0;0.0;20.47;92.95;5.17;
2021-05-28 22:00:00;0.0;0.0;0.0;20.34;92.95;5.52;
2021-05-28 23:00:00;0.0;0.0;0.0;20.33;92.95;6.41;
2021-05-29 00:00:00;0.0;0.0;0.0;20.34;92.95;6.0;
2021-05-29 01:00:00;0.0;0.0;0.0;20.35;92.95;5.59;
2021-05-29 02:00:00;0.0;0.0;0.0;20.32;92.95;5.52;
2021-05-29 03:00:00;0.0;0.0;0.0;20.28;89.85;5.24;
2021-05-29 04:00:00;6.0;0.0;6.0;19.99;92.9;4.69;
2021-05-29 05:00:00;138.0;209.52;90.0;19.93;89.85;4.28;
2021-05-29 06:00:00;292.0;284.27;173.0;19.99;89.85;4.07;
2021-05-29 07:00:00;459.0;361.3;244.0;20.08;86.85;4.07;
2021-05-29 08:00:00;680.0;616.26;220.0;20.12;89.85;3.66;
2021-05-29 09:00:00;784.0;587.9;277.0;20.16;89.85;3.1;
2021-05-29 10:00:00;883.0;657.74;268.0;20.28;89.85;2.83;
2021-05-29 11:00:00;962.0;805.71;189.0;20.36;89.85;3.52;
2021-05-29 12:00:00;942.0;826.69;170.0;20.44;89.85;3.79;
2021-05-29 13:00:00;840.0;758.04;188.0;20.52;89.85;4.21;
2021-05-29 14:00:00;717.0;756.17;155.0;20.61;89.9;3.93;
2021-05-29 15:00:00;550.0;703.73;134.0;20.55;89.9;3.59;
2021-05-29 16:00:00;322.0;429.72;144.0;20.54;89.9;3.45;
2021-05-29 17:00:00;165.0;427.53;69.0;20.49;92.95;3.24;
2021-05-29 18:00:00;6.0;0.0;6.0;20.38;92.95;3.03;
2021-05-29 19:00:00;0.0;0.0;0.0;20.27;92.95;3.03;
2021-05-29 20:00:00;0.0;0.0;0.0;20.18;92.95;3.17;
2021-05-29 21:00:00;0.0;0.0;0.0;20.07;92.95;3.24;
2021-05-29 22:00:00;0.0;0.0;0.0;19.85;92.9;2.83;
2021-05-29 23:00:00;0.0;0.0;0.0;19.79;92.9;2.55;
2021-05-30 00:00:00;0.0;0.0;0.0;19.78;89.85;2.21;
2021-05-30 01:00:00;0.0;0.0;0.0;19.76;89.85;1.45;
2021-05-30 02:00:00;0.0;0.0;0.0;19.73;89.85;1.31;
2021-05-30 03:00:00;0.0;0.0;0.0;19.59;89.85;1.66;
2021-05-30 04:00:00;10.0;24.56;9.0;19.43;92.9;2.0;
2021-05-30 05:00:00;178.0;473.54;69.0;19.24;92.9;2.28;
2021-05-30 06:00:00;370.0;619.75;110.0;18.99;96.1;3.24;
2021-05-30 07:00:00;527.0;573.98;185.0;18.93;96.1;4.28;
2021-05-30 08:00:00;639.0;477.84;282.0;18.91;96.1;4.14;
2021-05-30 09:00:00;837.0;717.25;218.0;18.93;96.1;3.24;
2021-05-30 10:00:00;973.0;878.5;151.0;19.52;92.9;3.79;
2021-05-30 11:00:00;938.0;717.6;249.0;19.58;89.85;3.93;
2021-05-30 12:00:00;929.0;767.07;212.0;19.62;86.85;4.34;
2021-05-30 13:00:00;824.0;689.76;230.0;19.62;86.85;4.76;
2021-05-30 14:00:00;559.0;296.85;338.0;19.54;86.85;4.9;
2021-05-30 15:00:00;470.0;394.85;236.0;19.46;89.8;5.03;
2021-05-30 16:00:00;252.0;161.08;185.0;19.38;92.9;5.1;
2021-05-30 17:00:00;77.0;17.66;73.0;19.31;92.9;4.97;
2021-05-30 18:00:00;4.0;0.0;4.0;19.32;92.9;4.83;
2021-05-30 19:00:00;0.0;0.0;0.0;19.38;92.9;5.03;
2021-05-30 20:00:00;0.0;0.0;0.0;19.57;89.85;5.45;
2021-05-30 21:00:00;0.0;0.0;0.0;19.71;89.85;5.86;
2021-05-30 22:00:00;0.0;0.0;0.0;19.8;89.85;6.83;
2021-05-30 23:00:00;0.0;0.0;0.0;19.9;89.85;8.9;
2021-05-31 00:00:00;0.0;0.0;0.0;20.12;86.85;9.24;
2021-05-31 01:00:00;0.0;0.0;0.0;20.09;86.85;10.28;
2021-05-31 02:00:00;0.0;0.0;0.0;19.96;89.85;10.55;
2021-05-31 03:00:00;0.0;0.0;0.0;19.94;89.85;10.55;
2021-05-31 04:00:00;7.0;0.0;7.0;19.98;89.85;10.28;
2021-05-31 05:00:00;139.0;211.95;90.0;20.03;89.85;10.0;
2021-05-31 06:00:00;309.0;354.46;160.0;20.07;86.85;9.03;
2021-05-31 07:00:00;309.0;72.08;266.0;20.12;89.85;8.41;
2021-05-31 08:00:00;440.0;115.02;354.0;20.25;89.85;10.0;
2021-05-31 09:00:00;202.0;0.0;202.0;20.35;89.85;9.93;
2021-05-31 10:00:00;575.0;126.03;457.0;20.27;89.85;9.52;
2021-05-31 11:00:00;706.0;266.43;450.0;20.39;89.85;9.24;
2021-05-31 12:00:00;898.0;722.55;222.0;20.55;86.9;8.76;
2021-05-31 13:00:00;553.0;157.74;417.0;20.63;86.9;8.07;
2021-05-31 14:00:00;700.0;713.4;168.0;20.68;86.9;7.86;
2021-05-31 15:00:00;511.0;563.89;176.0;20.76;84.05;7.66;
2021-05-31 16:00:00;308.0;366.36;155.0;21.06;81.68;8.24;
2021-05-31 17:00:00;16.0;0.0;16.0;21.06;81.33;8.4;
2021-05-31 18:00:00;8.0;0.0;8.0;21.05;80.98;8.56;
2021-05-31 19:00:00;0.0;0.0;0.0;21.04;80.63;8.72;
2021-05-31 20:00:00;0.0;0.0;0.0;21.03;80.29;8.88;
2021-05-31 21:00:00;0.0;0.0;0.0;21.02;79.94;9.03;
2021-05-31 22:00:00;0.0;0.0;0.0;21.01;79.59;9.19;
2021-05-31 23:00:00;0.0;0.0;0.0;21.01;79.24;9.35;
2021-06-01 00:00:00;0.0;0.0;0.0;21.0;78.89;9.51;
2021-06-01 01:00:00;0.0;0.0;0.0;20.99;78.55;9.67;
2021-06-01 02:00:00;0.0;0.0;0.0;20.98;78.2;9.83;
2021-06-01 03:00:00;0.0;0.0;0.0;20.97;77.85;9.99;
2021-06-01 04:00:00;10.0;23.23;9.0;20.96;77.5;10.14;
2021-06-01 05:00:00;15.0;0.0;15.0;20.96;77.16;10.3;
2021-06-01 06:00:00;41.0;0.0;41.0;20.95;76.81;10.46;
2021-06-01 07:00:00;240.0;16.75;230.0;20.94;76.46;10.62;
2021-06-01 08:00:00;479.0;165.72;355.0;20.78;78.5;7.59;
2021-06-01 09:00:00;428.0;45.13;389.0;20.33;83.95;6.76;
2021-06-01 10:00:00;530.0;86.46;449.0;20.43;92.95;7.59;
2021-06-01 11:00:00;552.0;91.52;464.0;20.53;89.85;7.86;
2021-06-01 12:00:00;764.0;403.68;386.0;20.71;86.9;8.48;
2021-06-01 13:00:00;771.0;573.45;276.0;20.59;84.05;9.1;
2021-06-01 14:00:00;613.0;444.49;281.0;20.96;84.05;9.31;
2021-06-01 15:00:00;295.0;58.77;260.0;21.07;81.3;8.55;
2021-06-01 16:00:00;262.0;197.96;179.0;21.06;81.3;8.0;
2021-06-01 17:00:00;119.0;121.63;91.0;21.06;81.3;8.14;
2021-06-01 18:00:00;8.0;0.0;8.0;21.0;84.05;9.24;
2021-06-01 19:00:00;0.0;0.0;0.0;20.9;84.05;10.28;
2021-06-01 20:00:00;0.0;0.0;0.0;20.85;84.05;10.41;
2021-06-01 21:00:00;0.0;0.0;0.0;20.85;84.05;10.55;
2021-06-01 22:00:00;0.0;0.0;0.0;20.86;84.05;10.62;
2021-06-01 23:00:00;0.0;0.0;0.0;20.85;81.2;10.21;
2021-06-02 00:00:00;0.0;0.0;0.0;20.77;81.2;9.93;
2021-06-02 01:00:00;0.0;0.0;0.0;20.63;78.5;10.14;
2021-06-02 02:00:00;0.0;0.0;0.0;20.46;81.15;10.0;
2021-06-02 03:00:00;0.0;0.0;0.0;20.31;78.45;9.79;
2021-06-02 04:00:00;15.0;90.75;11.0;20.23;78.45;9.59;
2021-06-02 05:00:00;158.0;321.96;83.0;20.18;78.45;9.52;
2021-06-02 06:00:00;312.0;350.89;164.0;20.13;78.45;9.86;
2021-06-02 07:00:00;520.0;560.46;185.0;20.29;78.45;10.0;
2021-06-02 08:00:00;653.0;532.88;254.0;20.47;78.45;9.79;
2021-06-02 09:00:00;766.0;538.96;300.0;20.61;78.5;9.79;
2021-06-02 10:00:00;847.0;567.52;315.0;19.86;89.85;8.83;
2021-06-02 11:00:00;805.0;425.09;396.0;19.95;89.85;8.97;
2021-06-02 12:00:00;704.0;284.9;437.0;20.07;83.95;8.97;
2021-06-02 13:00:00;515.0;111.09;419.0;20.17;83.95;9.17;
2021-06-02 14:00:00;429.0;100.25;354.0;20.25;83.95;9.59;
2021-06-02 15:00:00;386.0;185.96;275.0;20.34;86.85;9.52;
2021-06-02 16:00:00;307.0;339.77;164.0;20.26;86.85;8.69;
2021-06-02 17:00:00;131.0;168.1;92.0;20.05;83.95;7.66;
2021-06-02 18:00:00;9.0;23.17;8.0;19.98;83.9;7.1;
2021-06-02 19:00:00;0.0;0.0;0.0;19.87;81.1;6.76;
2021-06-02 20:00:00;0.0;0.0;0.0;19.9;78.35;6.41;
2021-06-02 21:00:00;0.0;0.0;0.0;19.92;78.35;6.34;
2021-06-02 22:00:00;0.0;0.0;0.0;19.91;78.35;7.17;
2021-06-02 23:00:00;0.0;0.0;0.0;19.99;75.7;7.52;
2021-06-03 00:00:00;0.0;0.0;0.0;20.05;73.2;7.86;
2021-06-03 01:00:00;0.0;0.0;0.0;20.01;78.35;8.0;
2021-06-03 02:00:00;0.0;0.0;0.0;19.98;81.1;8.0;
2021-06-03 03:00:00;0.0;0.0;0.0;19.97;81.1;8.21;
2021-06-03 04:00:00;17.0;111.06;12.0;20.03;81.15;8.14;
2021-06-03 05:00:00;178.0;453.57;72.0;20.27;78.45;8.34;
2021-06-03 06:00:00;371.0;617.92;110.0;20.38;78.45;7.79;
2021-06-03 07:00:00;564.0;715.46;136.0;20.42;78.45;7.1;
2021-06-03 08:00:00;737.0;783.5;150.0;20.42;78.45;6.69;
2021-06-03 09:00:00;869.0;816.13;163.0;20.42;81.15;6.41;
2021-06-03 10:00:00;940.0;795.4;194.0;20.53;83.95;6.69;
2021-06-03 11:00:00;980.0;833.03;178.0;20.57;81.2;6.21;
2021-06-03 12:00:00;893.0;666.37;268.0;20.59;81.2;5.93;
2021-06-03 13:00:00;853.0;771.02;186.0;20.6;81.2;5.72;
2021-06-03 14:00:00;715.0;715.39;179.0;20.6;81.2;5.59;
2021-06-03 15:00:00;561.0;712.06;135.0;20.55;81.2;5.38;
2021-06-03 16:00:00;366.0;603.64;111.0;20.52;83.95;5.24;
2021-06-03 17:00:00;172.0;423.52;73.0;20.42;83.95;4.9;
2021-06-03 18:00:00;16.0;88.74;12.0;20.31;86.85;4.41;
2021-06-03 19:00:00;0.0;0.0;0.0;20.22;86.85;4.0;
2021-06-03 20:00:00;0.0;0.0;0.0;20.17;86.85;3.72;
2021-06-03 21:00:00;0.0;0.0;0.0;20.11;86.85;3.79;
2021-06-03 22:00:00;0.0;0.0;0.0;19.98;86.85;3.38;
2021-06-03 23:00:00;0.0;0.0;0.0;19.98;86.85;3.1;
2021-06-04 00:00:00;0.0;0.0;0.0;19.95;86.85;2.97;
2021-06-04 01:00:00;0.0;0.0;0.0;19.92;86.85;3.03;
2021-06-04 02:00:00;0.0;0.0;0.0;19.88;89.85;3.45;
2021-06-04 03:00:00;0.0;0.0;0.0;19.85;89.85;4.21;
2021-06-04 04:00:00;15.0;65.4;12.0;19.81;89.85;5.1;
2021-06-04 05:00:00;143.0;213.34;93.0;19.8;89.85;5.79;
2021-06-04 06:00:00;307.0;316.85;173.0;19.75;89.85;6.28;
2021-06-04 07:00:00;529.0;574.64;185.0;19.77;89.85;6.28;
2021-06-04 08:00:00;704.0;668.37;203.0;19.83;89.85;5.93;
2021-06-04 09:00:00;843.0;731.41;210.0;19.88;89.85;5.38;
2021-06-04 10:00:00;937.0;782.23;203.0;20.1;86.85;4.9;
2021-06-04 11:00:00;950.0;743.27;234.0;20.19;86.85;4.69;
2021-06-04 12:00:00;963.0;853.37;162.0;20.27;86.85;4.34;
2021-06-04 13:00:00;876.0;829.11;158.0;20.36;86.85;4.0;
2021-06-04 14:00:00;738.0;784.97;149.0;20.42;86.85;3.79;
2021-06-04 15:00:00;564.0;715.5;135.0;20.43;83.95;3.45;
2021-06-04 16:00:00;367.0;599.11;113.0;20.43;83.95;3.45;
2021-06-04 17:00:00;171.0;407.71;75.0;20.36;86.85;3.59;
2021-06-04 18:00:00;17.0;106.56;12.0;20.29;86.85;3.79;
2021-06-04 19:00:00;0.0;0.0;0.0;20.33;86.85;4.0;
2021-06-04 20:00:00;0.0;0.0;0.0;20.4;86.85;4.21;
2021-06-04 21:00:00;0.0;0.0;0.0;20.49;86.85;4.69;
2021-06-04 22:00:00;0.0;0.0;0.0;20.36;86.85;5.52;
2021-06-04 23:00:00;0.0;0.0;0.0;20.43;86.85;6.28;
2021-06-05 00:00:00;0.0;0.0;0.0;20.48;86.85;6.48;
2021-06-05 01:00:00;0.0;0.0;0.0;20.62;84.05;6.34;
2021-06-05 02:00:00;0.0;0.0;0.0;20.78;81.2;5.93;
2021-06-05 03:00:00;0.0;0.0;0.0;20.84;81.2;5.72;
2021-06-05 04:00:00;17.0;85.78;13.0;20.78;81.2;6.0;
2021-06-05 05:00:00;176.0;438.37;73.0;20.58;84.05;6.62;
2021-06-05 06:00:00;360.0;569.25;119.0;20.28;86.85;7.17;
2021-06-05 07:00:00;556.0;696.16;139.0;20.18;86.85;7.52;
2021-06-05 08:00:00;732.0;774.77;151.0;20.18;86.85;7.79;
2021-06-05 09:00:00;868.0;817.75;160.0;20.22;86.85;8.34;
2021-06-05 10:00:00;954.0;842.6;163.0;20.54;84.05;9.72;
2021-06-05 11:00:00;978.0;838.32;170.0;20.59;84.05;10.07;
2021-06-05 12:00:00;944.0;816.55;177.0;20.66;84.05;10.28;
2021-06-05 13:00:00;858.0;792.51;171.0;20.74;84.05;10.28;
2021-06-05 14:00:00;720.0;735.93;167.0;20.81;84.05;10.21;
2021-06-05 15:00:00;544.0;644.07;157.0;20.9;81.2;10.28;
2021-06-05 16:00:00;360.0;566.46;119.0;21.06;78.55;10.34;
2021-06-05 17:00:00;134.0;168.69;94.0;21.2;78.55;10.34;
2021-06-05 18:00:00;10.0;0.0;10.0;21.28;75.95;10.83;
2021-06-05 19:00:00;0.0;0.0;0.0;21.26;78.55;11.17;
2021-06-05 20:00:00;0.0;0.0;0.0;21.3;78.55;11.38;
2021-06-05 21:00:00;0.0;0.0;0.0;21.3;78.55;11.93;
2021-06-05 22:00:00;0.0;0.0;0.0;21.01;84.05;12.76;
2021-06-05 23:00:00;0.0;0.0;0.0;20.9;84.05;12.62;
2021-06-06 00:00:00;0.0;0.0;0.0;20.84;81.2;11.93;
2021-06-06 01:00:00;0.0;0.0;0.0;20.79;84.05;12.48;
2021-06-06 02:00:00;0.0;0.0;0.0;20.67;84.05;12.9;
2021-06-06 03:00:00;0.0;0.0;0.0;20.66;84.05;12.69;
2021-06-06 04:00:00;16.0;84.57;12.0;20.72;81.2;12.34;
2021-06-06 05:00:00;166.0;365.23;80.0;20.77;81.2;12.41;
2021-06-06 06:00:00;355.0;545.14;124.0;20.88;81.2;11.86;
2021-06-06 07:00:00;510.0;517.27;200.0;20.85;84.05;10.62;
2021-06-06 08:00:00;675.0;591.86;231.0;20.81;84.05;10.41;
2021-06-06 09:00:00;796.0;613.11;265.0;20.88;84.05;10.69;
2021-06-06 10:00:00;921.0;753.89;213.0;20.86;84.05;10.62;
2021-06-06 11:00:00;971.0;822.34;178.0;20.98;84.05;10.55;
2021-06-06 12:00:00;916.0;739.39;221.0;21.06;81.3;9.66;
2021-06-06 13:00:00;842.0;745.64;195.0;21.1;81.3;9.17;
2021-06-06 14:00:00;644.0;499.68;268.0;21.1;81.3;8.69;
2021-06-06 15:00:00;334.0;94.67;277.0;21.22;81.3;8.55;
2021-06-06 16:00:00;262.0;173.35;188.0;21.24;81.3;8.69;
2021-06-06 17:00:00;153.0;268.09;89.0;21.24;81.3;8.76;
2021-06-06 18:00:00;14.0;39.65;12.0;21.33;81.3;8.48;
2021-06-06 19:00:00;0.0;0.0;0.0;21.33;81.3;7.86;
2021-06-06 20:00:00;0.0;0.0;0.0;21.29;81.3;7.59;
2021-06-06 21:00:00;0.0;0.0;0.0;21.23;81.3;7.38;
2021-06-06 22:00:00;0.0;0.0;0.0;20.93;84.05;7.31;
2021-06-06 23:00:00;0.0;0.0;0.0;20.95;84.05;7.93;
2021-06-07 00:00:00;0.0;0.0;0.0;20.92;84.05;7.72;
2021-06-07 01:00:00;0.0;0.0;0.0;20.85;84.05;6.69;
2021-06-07 02:00:00;0.0;0.0;0.0;20.72;84.05;5.1;
2021-06-07 03:00:00;0.0;0.0;0.0;20.59;84.05;4.14;
2021-06-07 04:00:00;17.0;62.65;14.0;20.51;86.85;3.31;
2021-06-07 05:00:00;159.0;313.7;85.0;20.46;89.85;2.76;
2021-06-07 06:00:00;350.0;521.16;129.0;20.29;86.85;2.14;
2021-06-07 07:00:00;547.0;663.85;149.0;20.06;89.85;2.34;
2021-06-07 08:00:00;715.0;730.29;167.0;20.03;92.9;3.03;
2021-06-07 09:00:00;858.0;799.93;165.0;20.08;89.85;3.17;
2021-06-07 10:00:00;944.0;823.88;170.0;20.41;89.85;4.28;
2021-06-07 11:00:00;968.0;817.8;179.0;20.59;89.9;4.34;
2021-06-07 12:00:00;883.0;653.84;268.0;20.77;89.9;4.69;
2021-06-07 13:00:00;420.0;39.15;386.0;20.82;89.9;4.62;
2021-06-07 14:00:00;713.0;715.34;174.0;20.76;89.9;4.62;
2021-06-07 15:00:00;300.0;58.01;265.0;20.76;89.9;5.17;
2021-06-07 16:00:00;123.0;2.33;122.0;20.7;89.9;4.97;
2021-06-07 17:00:00;90.0;24.97;84.0;20.63;89.9;5.72;
2021-06-07 18:00:00;16.0;57.56;13.0;20.56;89.9;4.83;
2021-06-07 19:00:00;0.0;0.0;0.0;20.52;92.95;4.28;
2021-06-07 20:00:00;0.0;0.0;0.0;20.51;92.95;3.79;
2021-06-07 21:00:00;0.0;0.0;0.0;20.47;89.85;3.59;
2021-06-07 22:00:00;0.0;0.0;0.0;20.42;86.85;4.21;
2021-06-07 23:00:00;0.0;0.0;0.0;20.36;86.85;3.59;
2021-06-08 00:00:00;0.0;0.0;0.0;20.27;86.85;2.9;
2021-06-08 01:00:00;0.0;0.0;0.0;20.19;86.85;2.83;
2021-06-08 02:00:00;0.0;0.0;0.0;20.11;86.85;3.1;
2021-06-08 03:00:00;0.0;0.0;0.0;20.07;86.85;3.17;
2021-06-08 04:00:00;14.0;41.34;12.0;20.03;86.85;2.9;
2021-06-08 05:00:00;172.0;397.91;78.0;19.92;89.85;2.55;
2021-06-08 06:00:00;362.0;565.66;122.0;19.54;89.85;2.48;
2021-06-08 07:00:00;563.0;712.01;136.0;19.57;92.9;2.55;
2021-06-08 08:00:00;736.0;780.76;150.0;19.69;92.9;2.07;
2021-06-08 09:00:00;873.0;823.97;159.0;19.81;92.9;1.86;
2021-06-08 10:00:00;960.0;848.1;163.0;19.81;89.85;2.62;
2021-06-08 11:00:00;990.0;855.77;164.0;19.99;89.85;3.38;
2021-06-08 12:00:00;956.0;836.18;169.0;20.17;86.85;4.48;
2021-06-08 13:00:00;875.0;823.65;159.0;20.3;86.85;5.31;
2021-06-08 14:00:00;739.0;779.36;151.0;20.34;86.85;5.38;
2021-06-08 15:00:00;566.0;711.32;136.0;20.44;89.85;5.17;
2021-06-08 16:00:00;375.0;614.47;111.0;20.6;86.9;5.1;
2021-06-08 17:00:00;180.0;434.28;75.0;20.85;86.9;5.17;
2021-06-08 18:00:00;21.0;111.67;15.0;21.17;84.05;5.17;
2021-06-08 19:00:00;0.0;0.0;0.0;21.44;84.05;5.1;
2021-06-08 20:00:00;0.0;0.0;0.0;21.61;81.35;4.9;
2021-06-08 21:00:00;0.0;0.0;0.0;21.63;81.35;4.62;
2021-06-08 22:00:00;0.0;0.0;0.0;21.33;84.05;4.07;
2021-06-08 23:00:00;0.0;0.0;0.0;21.3;86.95;3.66;
2021-06-09 00:00:00;0.0;0.0;0.0;21.24;86.95;3.24;
2021-06-09 01:00:00;0.0;0.0;0.0;21.19;86.95;2.9;
2021-06-09 02:00:00;0.0;0.0;0.0;21.12;86.95;2.34;
2021-06-09 03:00:00;0.0;0.0;0.0;21.08;86.95;1.86;
2021-06-09 04:00:00;19.0;102.5;14.0;21.09;86.95;1.79;
2021-06-09 05:00:00;173.0;414.37;75.0;21.08;86.95;1.79;
2021-06-09 06:00:00;342.0;478.26;139.0;20.92;89.9;1.24;
2021-06-09 07:00:00;510.0;518.49;199.0;20.72;89.9;1.66;
2021-06-09 08:00:00;727.0;762.0;155.0;20.73;89.9;2.34;
2021-06-09 09:00:00;866.0;815.75;159.0;21.01;92.95;2.34;
2021-06-09 10:00:00;958.0;851.06;158.0;21.66;84.1;2.14;
2021-06-09 11:00:00;983.0;847.14;165.0;21.66;87.0;1.52;
2021-06-09 12:00:00;954.0;839.93;163.0;21.59;87.0;1.59;
2021-06-09 13:00:00;864.0;804.55;164.0;21.67;87.0;3.59;
2021-06-09 14:00:00;726.0;747.93;161.0;21.66;89.95;4.62;
2021-06-09 15:00:00;547.0;643.94;157.0;21.56;87.0;3.93;
2021-06-09 16:00:00;358.0;536.03;127.0;21.47;89.95;4.28;
2021-06-09 17:00:00;179.0;427.59;75.0;21.37;89.95;4.34;
2021-06-09 18:00:00;15.0;36.18;13.0;21.22;89.95;3.66;
2021-06-09 19:00:00;0.0;0.0;0.0;21.12;89.95;2.76;
2021-06-09 20:00:00;0.0;0.0;0.0;21.07;89.95;1.79;
2021-06-09 21:00:00;0.0;0.0;0.0;21.05;93.0;1.1;
2021-06-09 22:00:00;0.0;0.0;0.0;21.01;92.95;1.24;
2021-06-09 23:00:00;0.0;0.0;0.0;20.99;92.95;2.0;
2021-06-10 00:00:00;0.0;0.0;0.0;21.04;92.95;3.03;
2021-06-10 01:00:00;0.0;0.0;0.0;20.99;92.95;3.79;
2021-06-10 02:00:00;0.0;0.0;0.0;20.89;92.95;3.03;
2021-06-10 03:00:00;0.0;0.0;0.0;20.81;92.95;2.41;
2021-06-10 04:00:00;18.0;81.46;14.0;20.81;92.95;2.28;
2021-06-10 05:00:00;157.0;295.75;87.0;20.84;92.95;2.28;
2021-06-10 06:00:00;349.0;511.13;132.0;20.79;92.95;2.48;
2021-06-10 07:00:00;547.0;665.14;148.0;20.67;92.95;2.97;
2021-06-10 08:00:00;716.0;731.3;167.0;20.6;92.95;3.24;
2021-06-10 09:00:00;142.0;0.0;142.0;20.59;92.95;2.97;
2021-06-10 10:00:00;945.0;824.28;170.0;20.86;92.95;3.72;
2021-06-10 11:00:00;969.0;818.88;178.0;21.03;92.95;3.79;
2021-06-10 12:00:00;941.0;810.81;177.0;21.22;89.95;3.72;
2021-06-10 13:00:00;862.0;800.44;165.0;21.47;89.95;4.07;
2021-06-10 14:00:00;720.0;731.17;167.0;21.63;87.0;3.93;
2021-06-10 15:00:00;540.0;614.76;167.0;21.6;89.95;3.93;
2021-06-10 16:00:00;358.0;532.15;128.0;21.49;93.0;4.28;
2021-06-10 17:00:00;176.0;396.53;79.0;21.45;93.0;4.48;
2021-06-10 18:00:00;12.0;0.0;12.0;21.41;93.0;4.62;
2021-06-10 19:00:00;0.0;0.0;0.0;21.37;93.0;4.76;
2021-06-10 20:00:00;0.0;0.0;0.0;21.36;93.0;4.62;
2021-06-10 21:00:00;0.0;0.0;0.0;21.33;93.0;4.07;
2021-06-10 22:00:00;0.0;0.0;0.0;21.16;86.95;4.21;
2021-06-10 23:00:00;0.0;0.0;0.0;21.09;86.95;4.9;
2021-06-11 00:00:00;0.0;0.0;0.0;21.04;89.9;5.38;
2021-06-11 01:00:00;0.0;0.0;0.0;20.99;89.9;5.72;
2021-06-11 02:00:00;0.0;0.0;0.0;20.96;86.9;6.07;
2021-06-11 03:00:00;0.0;0.0;0.0;20.99;86.9;5.93;
2021-06-11 04:00:00;19.0;101.35;14.0;21.03;86.9;5.72;
2021-06-11 05:00:00;179.0;443.42;74.0;21.09;81.3;5.45;
2021-06-11 06:00:00;368.0;602.96;112.0;21.11;81.3;5.1;
2021-06-11 07:00:00;564.0;718.49;133.0;21.19;81.3;5.17;
2021-06-11 08:00:00;738.0;787.24;147.0;21.27;81.3;5.38;
2021-06-11 09:00:00;875.0;831.72;154.0;21.37;81.3;5.31;
2021-06-11 10:00:00;962.0;856.02;157.0;21.53;81.3;5.93;
2021-06-11 11:00:00;988.0;852.75;164.0;21.54;81.3;5.79;
2021-06-11 12:00:00;964.0;855.99;157.0;21.56;78.65;5.72;
2021-06-11 13:00:00;879.0;831.94;154.0;21.57;78.65;5.38;
2021-06-11 14:00:00;743.0;787.11;147.0;21.57;78.65;5.03;
2021-06-11 15:00:00;571.0;718.99;134.0;21.66;81.35;4.69;
2021-06-11 16:00:00;379.0;620.64;110.0;21.71;81.35;4.55;
2021-06-11 17:00:00;185.0;447.23;75.0;21.72;81.35;4.48;
2021-06-11 18:00:00;24.0;120.31;17.0;21.69;81.35;4.0;
2021-06-11 19:00:00;0.0;0.0;0.0;21.65;81.35;3.24;
2021-06-11 20:00:00;0.0;0.0;0.0;21.62;81.35;2.62;
2021-06-11 21:00:00;0.0;0.0;0.0;21.59;84.1;2.41;
2021-06-11 22:00:00;0.0;0.0;0.0;21.49;81.3;2.0;
2021-06-11 23:00:00;0.0;0.0;0.0;21.54;81.3;1.59;
2021-06-12 00:00:00;0.0;0.0;0.0;21.56;78.65;1.1;
2021-06-12 01:00:00;0.0;0.0;0.0;21.55;78.65;0.55;
2021-06-12 02:00:00;0.0;0.0;0.0;21.58;78.65;0.69;
2021-06-12 03:00:00;0.0;0.0;0.0;21.64;78.65;1.72;
2021-06-12 04:00:00;19.0;101.05;14.0;21.76;81.35;2.28;
2021-06-12 05:00:00;179.0;451.8;72.0;21.89;81.35;2.41;
2021-06-12 06:00:00;370.0;612.44;110.0;21.86;84.1;2.28;
2021-06-12 07:00:00;567.0;731.91;128.0;21.81;87.0;2.28;
2021-06-12 08:00:00;738.0;792.61;143.0;21.76;87.0;2.48;
2021-06-12 09:00:00;871.0;827.08;154.0;21.82;87.0;2.9;
2021-06-12 10:00:00;958.0;851.64;157.0;21.97;87.0;3.38;
2021-06-12 11:00:00;984.0;847.32;165.0;22.16;84.15;3.31;
2021-06-12 12:00:00;966.0;862.99;152.0;22.41;84.15;3.38;
2021-06-12 13:00:00;876.0;826.73;155.0;22.68;78.75;3.31;
2021-06-12 14:00:00;741.0;783.6;147.0;22.78;81.45;3.24;
2021-06-12 15:00:00;569.0;714.51;134.0;22.7;84.25;3.17;
2021-06-12 16:00:00;379.0;616.68;111.0;22.54;90.0;3.17;
2021-06-12 17:00:00;186.0;448.96;75.0;22.33;90.0;3.03;
2021-06-12 18:00:00;25.0;117.58;18.0;22.09;90.0;2.83;
2021-06-12 19:00:00;0.0;0.0;0.0;21.94;93.0;2.48;
2021-06-12 20:00:00;0.0;0.0;0.0;21.87;93.0;1.79;
2021-06-12 21:00:00;0.0;0.0;0.0;21.82;93.0;1.31;
2021-06-12 22:00:00;0.0;0.0;0.0;21.7;89.95;0.62;
2021-06-12 23:00:00;0.0;0.0;0.0;21.64;89.95;0.97;
2021-06-13 00:00:00;0.0;0.0;0.0;21.65;89.95;1.38;
2021-06-13 01:00:00;0.0;0.0;0.0;21.65;89.95;1.59;
2021-06-13 02:00:00;0.0;0.0;0.0;21.62;89.95;1.45;
2021-06-13 03:00:00;0.0;0.0;0.0;21.6;89.95;1.17;
2021-06-13 04:00:00;20.0;121.11;14.0;21.56;89.95;0.69;
2021-06-13 05:00:00;184.0;481.45;70.0;21.51;93.0;0.28;
2021-06-13 06:00:00;378.0;640.87;106.0;21.36;89.95;0.76;
2021-06-13 07:00:00;575.0;752.07;124.0;21.31;89.95;1.1;
2021-06-13 08:00:00;744.0;802.03;142.0;21.41;89.95;1.45;
2021-06-13 09:00:00;877.0;835.17;153.0;21.54;86.95;2.07;
2021-06-13 10:00:00;965.0;860.04;156.0;21.9;81.35;2.14;
2021-06-13 11:00:00;997.0;867.78;158.0;22.08;78.7;2.97;
2021-06-13 12:00:00;968.0;860.47;156.0;22.17;81.4;3.86;
2021-06-13 13:00:00;883.0;835.31;154.0;22.16;81.4;4.48;
2021-06-13 14:00:00;744.0;781.45;151.0;22.16;84.15;4.83;
2021-06-13 15:00:00;578.0;733.04;131.0;22.15;87.05;4.9;
2021-06-13 16:00:00;383.0;626.58;110.0;22.14;87.05;4.83;
2021-06-13 17:00:00;190.0;462.85;75.0;22.12;87.05;4.62;
2021-06-13 18:00:00;26.0;147.98;17.0;22.11;87.05;4.48;
2021-06-13 19:00:00;0.0;0.0;0.0;22.08;87.05;4.07;
2021-06-13 20:00:00;0.0;0.0;0.0;22.05;89.95;3.72;
2021-06-13 21:00:00;0.0;0.0;0.0;21.99;89.95;3.59;
2021-06-13 22:00:00;0.0;0.0;0.0;21.79;87.0;3.1;
2021-06-13 23:00:00;0.0;0.0;0.0;21.73;87.0;3.52;
2021-06-14 00:00:00;0.0;0.0;0.0;21.66;87.0;4.0;
2021-06-14 01:00:00;0.0;0.0;0.0;21.62;87.0;4.48;
2021-06-14 02:00:00;0.0;0.0;0.0;21.59;87.0;4.69;
2021-06-14 03:00:00;0.0;0.0;0.0;21.61;84.1;4.62;
2021-06-14 04:00:00;14.0;20.19;13.0;21.58;87.0;4.41;
2021-06-14 05:00:00;168.0;363.38;82.0;21.5;89.95;4.34;
2021-06-14 06:00:00;378.0;638.77;107.0;21.46;89.95;4.14;
2021-06-14 07:00:00;575.0;748.96;126.0;21.5;89.95;4.0;
2021-06-14 08:00:00;744.0;798.18;145.0;21.62;87.0;3.79;
2021-06-14 09:00:00;882.0;842.14;152.0;21.71;87.0;3.66;
2021-06-14 10:00:00;976.0;878.05;150.0;22.0;89.95;4.14;
2021-06-14 11:00:00;997.0;862.4;163.0;21.98;89.95;4.76;
2021-06-14 12:00:00;974.0;866.45;156.0;21.98;89.95;5.45;
2021-06-14 13:00:00;888.0;842.76;152.0;22.01;89.95;6.0;
2021-06-14 14:00:00;749.0;788.56;150.0;22.03;89.95;6.28;
2021-06-14 15:00:00;580.0;731.93;133.0;22.11;87.05;6.55;
2021-06-14 16:00:00;387.0;636.49;109.0;22.22;87.05;6.62;
2021-06-14 17:00:00;191.0;460.7;76.0;22.35;87.05;6.76;
2021-06-14 18:00:00;28.0;161.2;18.0;22.49;87.05;6.83;
2021-06-14 19:00:00;0.0;0.0;0.0;22.56;84.25;6.76;
2021-06-14 20:00:00;0.0;0.0;0.0;22.54;87.05;6.48;
2021-06-14 21:00:00;0.0;0.0;0.0;22.56;87.05;5.86;
2021-06-14 22:00:00;0.0;0.0;0.0;22.68;84.25;4.83;
2021-06-14 23:00:00;0.0;0.0;0.0;22.64;81.45;4.21;
2021-06-15 00:00:00;0.0;0.0;0.0;22.51;84.15;4.34;
2021-06-15 01:00:00;0.0;0.0;0.0;22.34;81.4;4.34;
2021-06-15 02:00:00;0.0;0.0;0.0;22.19;81.4;4.14;
2021-06-15 03:00:00;0.0;0.0;0.0;22.03;84.1;3.79;
2021-06-15 04:00:00;18.0;80.94;14.0;21.96;84.1;3.86;
2021-06-15 05:00:00;146.0;219.9;94.0;21.91;84.1;4.21;
2021-06-15 06:00:00;318.0;360.84;165.0;21.81;84.1;4.55;
2021-06-15 07:00:00;541.0;627.44;165.0;21.78;87.0;4.9;
2021-06-15 08:00:00;732.0;770.39;154.0;21.81;87.0;4.97;
2021-06-15 09:00:00;873.0;823.77;159.0;21.83;87.0;4.55;
2021-06-15 10:00:00;961.0;848.25;163.0;22.11;81.4;4.97;
2021-06-15 11:00:00;992.0;857.05;163.0;21.97;84.1;4.83;
2021-06-15 12:00:00;964.0;849.17;162.0;21.93;84.1;4.62;
2021-06-15 13:00:00;880.0;825.06;159.0;21.92;84.1;4.34;
2021-06-15 14:00:00;746.0;782.54;151.0;21.97;84.1;3.86;
2021-06-15 15:00:00;574.0;716.15;136.0;22.05;84.1;3.24;
2021-06-15 16:00:00;382.0;612.18;114.0;22.11;81.4;2.76;
2021-06-15 17:00:00;187.0;434.74;78.0;22.14;84.15;2.69;
2021-06-15 18:00:00;27.0;126.62;19.0;22.23;84.15;2.76;
2021-06-15 19:00:00;0.0;0.0;0.0;22.43;84.15;2.97;
2021-06-15 20:00:00;0.0;0.0;0.0;22.67;81.45;3.24;
2021-06-15 21:00:00;0.0;0.0;0.0;22.8;81.45;3.45;
2021-06-15 22:00:00;0.0;0.0;0.0;22.47;81.4;3.45;
2021-06-15 23:00:00;0.0;0.0;0.0;22.3;78.7;3.66;
2021-06-16 00:00:00;0.0;0.0;0.0;22.29;76.1;3.93;
2021-06-16 01:00:00;0.0;0.0;0.0;22.41;76.1;4.07;
2021-06-16 02:00:00;0.0;0.0;0.0;22.51;76.1;4.14;
2021-06-16 03:00:00;0.0;0.0;0.0;22.56;73.6;3.79;
2021-06-16 04:00:00;21.0;142.19;14.0;22.53;76.1;3.38;
2021-06-16 05:00:00;183.0;474.16;71.0;22.48;76.1;3.38;
2021-06-16 06:00:00;376.0;632.5;108.0;22.34;78.7;3.72;
2021-06-16 07:00:00;573.0;741.27;129.0;22.26;78.7;3.72;
2021-06-16 08:00:00;0.0;0.0;0.0;22.29;78.7;3.24;
2021-06-16 09:00:00;878.0;831.97;157.0;22.2;81.4;2.34;
2021-06-16 10:00:00;0.0;0.0;0.0;22.57;73.6;1.66;
2021-06-16 11:00:00;999.0;864.14;163.0;22.42;76.1;1.24;
2021-06-16 12:00:00;976.0;868.97;155.0;22.44;76.1;1.17;
2021-06-16 13:00:00;886.0;833.71;157.0;22.56;71.15;1.31;
2021-06-16 14:00:00;752.0;791.02;150.0;22.76;68.75;1.38;
2021-06-16 15:00:00;580.0;724.96;136.0;22.87;68.75;1.03;
2021-06-16 16:00:00;386.0;622.23;113.0;22.81;71.15;0.21;
2021-06-16 17:00:00;191.0;452.8;77.0;22.75;71.15;0.69;
2021-06-16 18:00:00;28.0;140.06;19.0;22.64;71.15;1.38;
2021-06-16 19:00:00;0.0;0.0;0.0;22.51;76.1;1.72;
2021-06-16 20:00:00;0.0;0.0;0.0;22.48;76.1;1.86;
2021-06-16 21:00:00;0.0;0.0;0.0;22.45;78.7;1.45;
2021-06-16 22:00:00;0.0;0.0;0.0;22.5;81.4;1.24;
2021-06-16 23:00:00;0.0;0.0;0.0;22.38;84.15;0.97;
2021-06-17 00:00:00;0.0;0.0;0.0;22.3;87.05;0.97;
2021-06-17 01:00:00;0.0;0.0;0.0;22.24;87.05;1.38;
2021-06-17 02:00:00;0.0;0.0;0.0;22.18;90.0;1.59;
2021-06-17 03:00:00;0.0;0.0;0.0;22.11;90.0;1.24;
2021-06-17 04:00:00;20.0;122.55;14.0;22.05;93.0;0.48;
2021-06-17 05:00:00;154.0;271.34;90.0;22.03;93.0;0.34;
2021-06-17 06:00:00;277.0;214.95;186.0;22.0;89.95;1.03;
2021-06-17 07:00:00;553.0;671.53;151.0;21.92;93.0;1.45;
2021-06-17 08:00:00;719.0;721.56;178.0;21.84;93.0;1.31;
2021-06-17 09:00:00;872.0;819.44;162.0;21.77;93.0;1.1;
2021-06-17 10:00:00;923.0;737.72;229.0;22.34;90.0;2.41;
2021-06-17 11:00:00;836.0;466.12;385.0;22.55;90.0;3.17;
2021-06-17 12:00:00;970.0;855.99;161.0;22.84;87.1;4.07;
2021-06-17 13:00:00;886.0;832.1;158.0;23.06;90.05;4.62;
2021-06-17 14:00:00;752.0;790.34;150.0;23.18;87.1;4.9;
2021-06-17 15:00:00;583.0;733.8;133.0;23.13;90.05;5.1;
2021-06-17 16:00:00;387.0;620.95;114.0;23.15;90.05;5.45;
2021-06-17 17:00:00;192.0;455.0;77.0;23.2;90.05;5.59;
2021-06-17 18:00:00;30.0;168.55;19.0;23.24;87.1;5.66;
2021-06-17 19:00:00;0.0;0.0;0.0;23.37;87.1;5.79;
2021-06-17 20:00:00;0.0;0.0;0.0;23.53;84.25;6.21;
2021-06-17 21:00:00;0.0;0.0;0.0;23.59;81.55;6.14;
2021-06-17 22:00:00;0.0;0.0;0.0;23.46;81.5;6.0;
2021-06-17 23:00:00;0.0;0.0;0.0;23.36;81.5;5.66;
2021-06-18 00:00:00;0.0;0.0;0.0;23.26;81.5;5.52;
2021-06-18 01:00:00;0.0;0.0;0.0;23.18;84.25;5.38;
2021-06-18 02:00:00;0.0;0.0;0.0;23.12;84.25;5.38;
2021-06-18 03:00:00;0.0;0.0;0.0;23.07;84.25;5.45;
2021-06-18 04:00:00;21.0;144.01;14.0;23.08;84.25;5.79;
2021-06-18 05:00:00;179.0;454.44;72.0;23.09;84.25;6.28;
2021-06-18 06:00:00;371.0;617.14;110.0;23.06;90.05;6.55;
2021-06-18 07:00:00;557.0;693.71;142.0;23.06;90.05;6.41;
2021-06-18 08:00:00;720.0;731.21;172.0;23.14;87.1;5.79;
2021-06-18 09:00:00;869.0;815.01;163.0;23.17;87.1;5.45;
2021-06-18 10:00:00;957.0;839.82;167.0;23.66;84.35;5.38;
2021-06-18 11:00:00;989.0;847.39;169.0;23.65;84.35;5.86;
2021-06-18 12:00:00;957.0;826.11;176.0;23.65;84.35;6.28;
2021-06-18 13:00:00;859.0;758.56;195.0;23.72;84.35;6.69;
2021-06-18 14:00:00;733.0;733.29;174.0;23.87;81.55;6.69;
2021-06-18 15:00:00;569.0;684.04;149.0;23.98;81.55;6.48;
2021-06-18 16:00:00;375.0;565.26;126.0;24.05;84.35;6.07;
2021-06-18 17:00:00;188.0;417.88;82.0;24.03;84.35;5.59;
2021-06-18 18:00:00;27.0;120.86;19.0;24.01;84.35;5.1;
2021-06-18 19:00:00;0.0;0.0;0.0;23.97;87.15;4.55;
2021-06-18 20:00:00;0.0;0.0;0.0;23.92;87.15;4.07;
2021-06-18 21:00:00;0.0;0.0;0.0;23.85;87.15;3.79;
2021-06-18 22:00:00;0.0;0.0;0.0;23.76;84.35;3.52;
2021-06-18 23:00:00;0.0;0.0;0.0;23.69;84.35;3.45;
2021-06-19 00:00:00;0.0;0.0;0.0;23.63;84.35;3.38;
2021-06-19 01:00:00;0.0;0.0;0.0;23.56;90.05;3.24;
2021-06-19 02:00:00;0.0;0.0;0.0;23.51;90.05;2.9;
2021-06-19 03:00:00;0.0;0.0;0.0;23.43;90.05;2.48;
2021-06-19 04:00:00;15.0;41.51;13.0;23.33;90.05;2.0;
2021-06-19 05:00:00;137.0;187.25;93.0;23.24;87.1;1.45;
2021-06-19 06:00:00;290.0;272.23;175.0;23.07;87.1;1.03;
2021-06-19 07:00:00;502.0;508.54;198.0;23.02;90.05;0.69;
2021-06-19 08:00:00;708.0;722.22;167.0;23.02;90.05;0.48;
2021-06-19 09:00:00;787.0;603.93;264.0;23.06;90.05;0.9;
2021-06-19 10:00:00;938.0;816.51;170.0;23.06;90.05;1.93;
2021-06-19 11:00:00;970.0;824.6;172.0;23.19;87.1;2.28;
2021-06-19 12:00:00;948.0;829.07;164.0;23.35;84.25;2.62;
2021-06-19 13:00:00;861.0;794.73;165.0;23.61;81.55;2.69;
2021-06-19 14:00:00;730.0;752.4;156.0;23.92;81.55;2.55;
2021-06-19 15:00:00;563.0;684.88;142.0;24.21;81.65;2.41;
2021-06-19 16:00:00;373.0;573.3;120.0;24.43;81.65;2.07;
2021-06-19 17:00:00;184.0;404.7;81.0;24.49;81.65;1.45;
2021-06-19 18:00:00;28.0;119.31;20.0;24.4;81.65;0.55;
2021-06-19 19:00:00;0.0;0.0;0.0;24.25;81.65;0.9;
2021-06-19 20:00:00;0.0;0.0;0.0;24.12;84.35;1.79;
2021-06-19 21:00:00;0.0;0.0;0.0;23.97;87.15;2.21;
2021-06-19 22:00:00;0.0;0.0;0.0;23.29;87.1;2.07;
2021-06-19 23:00:00;0.0;0.0;0.0;23.28;87.1;2.69;
2021-06-20 00:00:00;0.0;0.0;0.0;23.35;87.1;3.52;
2021-06-20 01:00:00;0.0;0.0;0.0;23.39;90.05;4.41;
2021-06-20 02:00:00;0.0;0.0;0.0;23.45;90.05;5.17;
2021-06-20 03:00:00;0.0;0.0;0.0;23.5;90.05;5.59;
2021-06-20 04:00:00;7.0;0.0;7.0;23.62;87.15;5.66;
2021-06-20 05:00:00;124.0;132.24;93.0;23.72;84.35;5.17;
2021-06-20 06:00:00;302.0;329.47;163.0;23.71;84.35;5.17;
2021-06-20 07:00:00;264.0;31.81;245.0;23.65;84.35;5.52;
2021-06-20 08:00:00;172.0;0.0;172.0;23.6;84.35;5.66;
2021-06-20 09:00:00;682.0;369.64;362.0;23.55;87.1;6.0;
2021-06-20 10:00:00;424.0;25.52;400.0;23.62;87.15;6.55;
2021-06-20 11:00:00;866.0;569.34;315.0;23.68;87.15;6.48;
2021-06-20 12:00:00;802.0;473.64;354.0;23.76;90.1;6.0;
2021-06-20 13:00:00;572.0;174.63;419.0;23.89;90.1;6.0;
2021-06-20 14:00:00;672.0;575.04;233.0;23.96;90.1;6.21;
2021-06-20 15:00:00;550.0;648.4;151.0;24.13;87.2;6.21;
2021-06-20 16:00:00;364.0;538.4;126.0;24.33;87.2;6.21;
2021-06-20 17:00:00;178.0;360.37;86.0;24.61;79.05;6.34;
2021-06-20 18:00:00;26.0;73.71;21.0;24.86;76.45;7.31;
2021-06-20 19:00:00;0.0;0.0;0.0;25.04;71.5;8.41;
2021-06-20 20:00:00;0.0;0.0;0.0;25.12;69.25;8.55;
2021-06-20 21:00:00;0.0;0.0;0.0;25.09;66.95;8.62;
2021-06-20 22:00:00;0.0;0.0;0.0;25.07;64.6;9.24;
2021-06-20 23:00:00;0.0;0.0;0.0;24.67;64.6;8.97;
2021-06-21 00:00:00;0.0;0.0;0.0;24.09;66.75;9.45;
2021-06-21 01:00:00;0.0;0.0;0.0;23.39;71.25;11.45;
2021-06-21 02:00:00;0.0;0.0;0.0;22.88;71.15;11.31;
2021-06-21 03:00:00;0.0;0.0;0.0;22.72;71.15;10.97;
2021-06-21 04:00:00;12.0;21.24;11.0;22.89;71.15;10.62;
2021-06-21 05:00:00;72.0;8.55;70.0;22.96;68.75;11.59;
2021-06-21 06:00:00;267.0;199.39;183.0;23.01;66.45;11.1;
2021-06-21 07:00:00;513.0;544.63;188.0;22.99;64.2;10.34;
2021-06-21 08:00:00;707.0;713.69;173.0;22.9;64.2;10.41;
2021-06-21 09:00:00;845.0;769.59;179.0;22.78;64.2;10.9;
2021-06-21 10:00:00;850.0;576.41;308.0;22.42;66.35;11.24;
2021-06-21 11:00:00;932.0;713.99;241.0;22.37;66.35;11.66;
2021-06-21 12:00:00;713.0;291.74;437.0;22.36;66.35;12.41;
2021-06-21 13:00:00;679.0;333.14;387.0;22.32;66.35;13.17;
2021-06-21 14:00:00;604.0;377.0;316.0;22.7;62.05;13.86;
2021-06-21 15:00:00;491.0;415.6;235.0;22.77;64.2;13.52;
2021-06-21 16:00:00;305.0;273.3;184.0;22.73;68.75;13.59;
2021-06-21 17:00:00;164.0;257.8;98.0;22.73;68.75;13.79;
2021-06-21 18:00:00;22.0;43.77;19.0;22.73;68.75;13.72;
2021-06-21 19:00:00;0.0;0.0;0.0;22.74;68.75;12.83;
2021-06-21 20:00:00;0.0;0.0;0.0;22.62;68.75;12.0;
2021-06-21 21:00:00;0.0;0.0;0.0;22.34;71.05;11.79;
2021-06-21 22:00:00;0.0;0.0;0.0;22.45;68.7;11.93;
2021-06-21 23:00:00;0.0;0.0;0.0;22.18;68.7;12.0;
2021-06-22 00:00:00;0.0;0.0;0.0;22.13;68.7;12.0;
2021-06-22 01:00:00;0.0;0.0;0.0;21.58;73.45;11.93;
2021-06-22 02:00:00;0.0;0.0;0.0;20.96;81.2;11.66;
2021-06-22 03:00:00;0.0;0.0;0.0;21.02;84.05;11.17;
2021-06-22 04:00:00;17.0;86.17;13.0;21.3;78.55;10.9;
2021-06-22 05:00:00;163.0;356.04;80.0;21.53;78.55;10.34;
2021-06-22 06:00:00;290.0;273.41;175.0;21.68;76.0;9.79;
2021-06-22 07:00:00;411.0;243.23;266.0;21.76;76.0;9.45;
2021-06-22 08:00:00;567.0;322.31;326.0;21.8;73.45;9.17;
2021-06-22 09:00:00;757.0;523.67;304.0;21.88;71.0;9.17;
2021-06-22 10:00:00;789.0;439.31;376.0;21.61;68.6;9.31;
2021-06-22 11:00:00;947.0;755.33;216.0;21.79;68.6;9.1;
2021-06-22 12:00:00;938.0;793.7;187.0;21.85;68.6;8.9;
2021-06-22 13:00:00;857.0;772.11;180.0;21.93;66.25;8.34;
2021-06-22 14:00:00;724.0;716.92;176.0;22.07;64.1;7.79;
2021-06-22 15:00:00;552.0;629.33;164.0;22.18;64.1;7.59;
2021-06-22 16:00:00;377.0;581.92;119.0;22.29;64.1;7.72;
2021-06-22 17:00:00;187.0;405.2;83.0;22.32;64.1;7.79;
2021-06-22 18:00:00;29.0;101.21;22.0;22.3;66.35;7.66;
2021-06-22 19:00:00;0.0;0.0;0.0;22.26;68.7;7.66;
2021-06-22 20:00:00;0.0;0.0;0.0;22.2;71.05;7.38;
2021-06-22 21:00:00;0.0;0.0;0.0;22.11;73.55;6.97;
2021-06-22 22:00:00;0.0;0.0;0.0;22.06;71.05;7.59;
2021-06-22 23:00:00;0.0;0.0;0.0;21.92;73.45;7.52;
2021-06-23 00:00:00;0.0;0.0;0.0;21.76;73.45;7.66;
2021-06-23 01:00:00;0.0;0.0;0.0;21.6;73.45;7.66;
2021-06-23 02:00:00;0.0;0.0;0.0;21.38;73.35;8.34;
2021-06-23 03:00:00;0.0;0.0;0.0;21.19;73.35;9.52;
2021-06-23 04:00:00;11.0;21.89;10.0;21.07;70.9;10.48;
2021-06-23 05:00:00;163.0;352.89;81.0;21.18;68.5;10.97;
2021-06-23 06:00:00;298.0;300.07;172.0;21.27;66.15;11.03;
2021-06-23 07:00:00;545.0;668.35;147.0;21.43;66.15;10.97;
2021-06-23 08:00:00;656.0;544.7;249.0;21.16;66.15;10.76;
2021-06-23 09:00:00;845.0;762.15;186.0;20.56;68.4;10.55;
2021-06-23 10:00:00;891.0;672.43;259.0;21.08;63.9;10.48;
2021-06-23 11:00:00;795.0;396.8;411.0;20.28;70.7;9.93;
2021-06-23 12:00:00;656.0;205.0;462.0;19.78;75.7;8.69;
2021-06-23 13:00:00;854.0;750.2;196.0;19.59;78.35;7.52;
2021-06-23 14:00:00;746.0;776.69;152.0;19.77;81.1;7.52;
2021-06-23 15:00:00;576.0;711.46;137.0;19.92;81.1;7.72;
2021-06-23 16:00:00;386.0;608.21;116.0;20.34;73.2;7.52;
2021-06-23 17:00:00;192.0;435.39;80.0;20.67;68.4;7.1;
2021-06-23 18:00:00;32.0;157.79;21.0;20.88;66.05;6.28;
2021-06-23 19:00:00;0.0;0.0;0.0;20.98;66.05;5.86;
2021-06-23 20:00:00;0.0;0.0;0.0;21.05;63.9;5.17;
2021-06-23 21:00:00;0.0;0.0;0.0;21.06;63.9;4.14;
2021-06-23 22:00:00;0.0;0.0;0.0;21.1;61.7;3.66;
2021-06-23 23:00:00;0.0;0.0;0.0;21.13;61.7;3.03;
2021-06-24 00:00:00;0.0;0.0;0.0;21.1;63.9;2.62;
2021-06-24 01:00:00;0.0;0.0;0.0;21.13;66.15;2.9;
2021-06-24 02:00:00;0.0;0.0;0.0;21.14;66.15;3.17;
2021-06-24 03:00:00;0.0;0.0;0.0;21.14;66.15;3.45;
2021-06-24 04:00:00;18.0;111.44;13.0;21.19;66.15;3.72;
2021-06-24 05:00:00;167.0;397.33;75.0;21.31;63.9;4.21;
2021-06-24 06:00:00;336.0;472.42;138.0;21.32;63.9;4.41;
2021-06-24 07:00:00;504.0;514.45;198.0;21.38;63.9;4.55;
2021-06-24 08:00:00;665.0;577.26;234.0;21.49;63.9;4.62;
2021-06-24 09:00:00;823.0;701.2;217.0;21.55;64.0;4.62;
2021-06-24 10:00:00;949.0;836.5;163.0;21.51;63.9;4.14;
2021-06-24 11:00:00;982.0;845.34;164.0;21.52;66.15;4.62;
2021-06-24 12:00:00;962.0;849.53;158.0;21.46;70.9;5.31;
2021-06-24 13:00:00;865.0;791.03;171.0;21.41;73.35;5.86;
2021-06-24 14:00:00;748.0;784.15;148.0;21.39;73.35;6.48;
2021-06-24 15:00:00;578.0;715.79;136.0;21.42;73.35;6.97;
2021-06-24 16:00:00;387.0;614.26;114.0;21.48;73.35;6.83;
2021-06-24 17:00:00;194.0;450.04;78.0;21.54;75.95;6.28;
2021-06-24 18:00:00;32.0;156.74;21.0;21.59;76.0;6.07;
2021-06-24 19:00:00;0.0;0.0;0.0;21.7;78.65;6.28;
2021-06-24 20:00:00;0.0;0.0;0.0;21.78;78.65;5.86;
2021-06-24 21:00:00;0.0;0.0;0.0;21.78;78.65;5.59;
2021-06-24 22:00:00;0.0;0.0;0.0;21.57;78.65;5.66;
2021-06-24 23:00:00;0.0;0.0;0.0;21.61;78.65;5.93;
2021-06-25 00:00:00;0.0;0.0;0.0;21.69;78.65;5.72;
2021-06-25 01:00:00;0.0;0.0;0.0;21.74;78.65;5.59;
2021-06-25 02:00:00;0.0;0.0;0.0;21.75;78.65;5.17;
2021-06-25 03:00:00;0.0;0.0;0.0;21.75;81.35;4.48;
2021-06-25 04:00:00;17.0;113.69;12.0;21.73;81.35;3.93;
2021-06-25 05:00:00;150.0;277.46;86.0;21.66;78.65;3.93;
2021-06-25 06:00:00;304.0;332.3;165.0;21.55;81.3;3.93;
2021-06-25 07:00:00;520.0;579.06;176.0;21.48;81.3;4.0;
2021-06-25 08:00:00;726.0;776.12;147.0;21.42;84.05;4.41;
2021-06-25 09:00:00;850.0;786.08;171.0;21.4;84.05;4.69;
2021-06-25 10:00:00;948.0;835.69;163.0;21.38;81.3;3.79;
2021-06-25 11:00:00;965.0;803.06;188.0;21.5;81.3;3.52;
2021-06-25 12:00:00;940.0;796.65;186.0;21.62;78.65;3.17;
2021-06-25 13:00:00;832.0;690.56;226.0;21.65;78.65;2.76;
2021-06-25 14:00:00;735.0;748.55;162.0;21.76;78.65;3.38;
2021-06-25 15:00:00;568.0;684.57;145.0;21.81;78.65;3.59;
2021-06-25 16:00:00;385.0;604.66;116.0;21.78;78.65;3.24;
2021-06-25 17:00:00;194.0;441.53;80.0;21.75;78.65;3.03;
2021-06-25 18:00:00;33.0;155.87;22.0;21.73;78.65;2.83;
2021-06-25 19:00:00;0.0;0.0;0.0;21.65;78.65;1.79;
2021-06-25 20:00:00;0.0;0.0;0.0;21.57;78.65;0.48;
2021-06-25 21:00:00;0.0;0.0;0.0;21.49;81.3;1.24;
2021-06-25 22:00:00;0.0;0.0;0.0;21.28;78.55;2.62;
2021-06-25 23:00:00;0.0;0.0;0.0;21.21;81.3;3.24;
2021-06-26 00:00:00;0.0;0.0;0.0;21.2;81.3;2.97;
2021-06-26 01:00:00;0.0;0.0;0.0;21.26;81.3;2.62;
2021-06-26 02:00:00;0.0;0.0;0.0;21.32;81.3;3.03;
2021-06-26 03:00:00;0.0;0.0;0.0;21.39;81.3;3.38;
2021-06-26 04:00:00;13.0;46.49;11.0;21.47;81.3;3.66;
2021-06-26 05:00:00;125.0;139.3;93.0;21.5;81.3;4.48;
2021-06-26 06:00:00;286.0;268.32;174.0;21.5;86.95;5.31;
2021-06-26 07:00:00;281.0;43.82;255.0;21.54;89.95;5.38;
2021-06-26 08:00:00;435.0;108.67;354.0;21.64;89.95;4.76;
2021-06-26 09:00:00;789.0;609.29;263.0;21.79;89.95;4.21;
2021-06-26 10:00:00;897.0;695.4;244.0;21.95;93.0;3.93;
2021-06-26 11:00:00;907.0;648.13;280.0;22.17;87.05;4.0;
2021-06-26 12:00:00;919.0;737.46;221.0;22.3;87.05;4.48;
2021-06-26 13:00:00;870.0;803.22;165.0;22.33;84.15;4.62;
2021-06-26 14:00:00;735.0;749.58;161.0;22.29;87.05;4.28;
2021-06-26 15:00:00;566.0;671.24;151.0;22.25;87.05;3.86;
2021-06-26 16:00:00;366.0;512.05;138.0;22.22;90.0;3.38;
2021-06-26 17:00:00;177.0;324.87;93.0;22.17;90.0;3.17;
2021-06-26 18:00:00;15.0;0.0;15.0;22.1;90.0;3.17;
2021-06-26 19:00:00;0.0;0.0;0.0;22.01;93.0;3.31;
2021-06-26 20:00:00;0.0;0.0;0.0;22.0;93.0;3.17;
2021-06-26 21:00:00;0.0;0.0;0.0;21.92;93.0;3.45;
2021-06-26 22:00:00;0.0;0.0;0.0;21.85;89.95;3.59;
2021-06-26 23:00:00;0.0;0.0;0.0;21.81;89.95;4.28;
2021-06-27 00:00:00;0.0;0.0;0.0;21.8;89.95;4.83;
2021-06-27 01:00:00;0.0;0.0;0.0;21.79;89.95;5.31;
2021-06-27 02:00:00;0.0;0.0;0.0;21.82;89.95;5.59;
2021-06-27 03:00:00;0.0;0.0;0.0;21.87;89.95;5.93;
2021-06-27 04:00:00;16.0;95.26;12.0;21.91;93.0;5.45;
2021-06-27 05:00:00;140.0;222.98;89.0;21.89;93.0;4.48;
2021-06-27 06:00:00;295.0;304.94;168.0;21.85;93.0;4.48;
2021-06-27 07:00:00;378.0;178.92;272.0;21.84;93.0;5.1;
2021-06-27 08:00:00;359.0;42.97;327.0;21.86;89.95;5.59;
2021-06-27 09:00:00;665.0;330.33;380.0;21.94;89.95;5.72;
2021-06-27 10:00:00;669.0;236.5;447.0;22.24;84.15;5.79;
2021-06-27 11:00:00;943.0;751.63;216.0;22.34;87.05;5.52;
2021-06-27 12:00:00;929.0;775.51;195.0;22.34;87.05;5.31;
2021-06-27 13:00:00;864.0;796.27;165.0;22.36;90.0;5.38;
2021-06-27 14:00:00;731.0;742.82;162.0;22.4;90.0;5.03;
2021-06-27 15:00:00;571.0;698.4;139.0;22.39;90.0;4.83;
2021-06-27 16:00:00;368.0;525.15;134.0;22.38;90.0;5.31;
2021-06-27 17:00:00;182.0;363.13;88.0;22.38;90.0;5.52;
2021-06-27 18:00:00;32.0;140.64;22.0;22.39;90.0;5.59;
2021-06-27 19:00:00;0.0;0.0;0.0;22.36;90.0;5.52;
2021-06-27 20:00:00;0.0;0.0;0.0;22.44;87.05;4.9;
2021-06-27 21:00:00;0.0;0.0;0.0;22.55;87.05;4.62;
2021-06-27 22:00:00;0.0;0.0;0.0;22.44;87.05;3.66;
2021-06-27 23:00:00;0.0;0.0;0.0;22.69;84.25;3.93;
2021-06-28 00:00:00;0.0;0.0;0.0;22.96;84.25;4.55;
2021-06-28 01:00:00;0.0;0.0;0.0;23.25;78.85;4.9;
2021-06-28 02:00:00;0.0;0.0;0.0;23.31;78.85;5.66;
2021-06-28 03:00:00;0.0;0.0;0.0;23.29;78.85;6.41;
2021-06-28 04:00:00;12.0;48.91;10.0;23.22;78.85;7.24;
2021-06-28 05:00:00;157.0;342.63;79.0;23.08;78.85;7.66;
2021-06-28 06:00:00;344.0;536.73;121.0;22.85;81.45;7.24;
2021-06-28 07:00:00;533.0;650.79;148.0;22.69;81.45;6.34;
2021-06-28 08:00:00;709.0;744.67;155.0;22.58;81.45;5.31;
2021-06-28 09:00:00;836.0;761.99;179.0;22.54;84.15;5.03;
2021-06-28 10:00:00;934.0;814.24;170.0;22.66;81.45;4.97;
2021-06-28 11:00:00;957.0;794.19;189.0;22.71;81.45;4.62;
2021-06-28 12:00:00;938.0;803.01;178.0;22.73;81.45;4.55;
2021-06-28 13:00:00;867.0;805.3;160.0;22.78;81.45;4.62;
2021-06-28 14:00:00;729.0;740.03;162.0;22.72;84.25;4.76;
2021-06-28 15:00:00;570.0;696.5;139.0;22.65;84.25;4.9;
2021-06-28 16:00:00;382.0;594.38;117.0;22.67;84.25;4.55;
2021-06-28 17:00:00;192.0;432.3;80.0;22.66;84.25;4.28;
2021-06-28 18:00:00;32.0;140.35;22.0;22.63;84.25;4.28;
2021-06-28 19:00:00;0.0;0.0;0.0;22.61;84.25;3.72;
2021-06-28 20:00:00;0.0;0.0;0.0;22.59;84.25;2.97;
2021-06-28 21:00:00;0.0;0.0;0.0;22.53;87.05;2.34;
2021-06-28 22:00:00;0.0;0.0;0.0;22.4;87.05;1.45;
2021-06-28 23:00:00;0.0;0.0;0.0;22.34;87.05;0.97;
2021-06-29 00:00:00;0.0;0.0;0.0;22.27;84.15;1.59;
2021-06-29 01:00:00;0.0;0.0;0.0;22.25;84.15;2.07;
2021-06-29 02:00:00;0.0;0.0;0.0;22.23;84.15;1.93;
2021-06-29 03:00:00;0.0;0.0;0.0;22.22;84.15;1.86;
2021-06-29 04:00:00;11.0;0.0;11.0;22.2;84.15;2.41;
2021-06-29 05:00:00;163.0;397.31;73.0;22.23;84.15;2.34;
2021-06-29 06:00:00;350.0;571.85;113.0;22.12;84.15;1.72;
2021-06-29 07:00:00;546.0;699.2;133.0;22.04;87.0;1.1;
2021-06-29 08:00:00;716.0;760.23;151.0;21.99;87.0;0.76;
2021-06-29 09:00:00;853.0;804.29;160.0;21.98;87.0;0.69;
2021-06-29 10:00:00;942.0;830.58;163.0;22.16;81.4;0.21;
2021-06-29 11:00:00;976.0;838.86;165.0;22.32;81.4;0.62;
2021-06-29 12:00:00;952.0;832.67;164.0;22.51;78.7;1.31;
2021-06-29 13:00:00;871.0;809.81;160.0;22.79;76.15;1.93;
2021-06-29 14:00:00;741.0;767.3;153.0;23.02;78.75;2.41;
2021-06-29 15:00:00;573.0;701.14;139.0;23.17;76.2;2.76;
2021-06-29 16:00:00;384.0;600.85;116.0;23.18;76.2;2.97;
2021-06-29 17:00:00;194.0;435.91;81.0;23.11;76.2;2.83;
2021-06-29 18:00:00;32.0;140.24;22.0;22.95;81.45;2.69;
2021-06-29 19:00:00;0.0;0.0;0.0;22.79;84.25;2.62;
2021-06-29 20:00:00;0.0;0.0;0.0;22.73;84.25;2.48;
2021-06-29 21:00:00;0.0;0.0;0.0;22.68;87.1;2.0;
2021-06-29 22:00:00;0.0;0.0;0.0;22.57;81.45;1.59;
2021-06-29 23:00:00;0.0;0.0;0.0;22.51;84.15;1.38;
2021-06-30 00:00:00;0.0;0.0;0.0;22.42;84.15;1.31;
2021-06-30 01:00:00;0.0;0.0;0.0;22.35;84.15;1.17;
2021-06-30 02:00:00;0.0;0.0;0.0;22.3;84.15;1.1;
2021-06-30 03:00:00;0.0;0.0;0.0;22.22;84.15;0.9;
2021-06-30 04:00:00;8.0;0.0;8.0;22.15;84.15;0.97;
2021-06-30 05:00:00;154.0;341.71;77.0;22.06;84.15;0.83;
2021-06-30 06:00:00;339.0;529.81;120.0;21.94;87.0;0.69;
2021-06-30 07:00:00;521.0;618.94;156.0;21.86;89.95;0.34;
2021-06-30 08:00:00;688.0;684.26;180.0;21.82;89.95;0.28;
2021-06-30 09:00:00;834.0;770.02;171.0;21.84;89.95;0.83;
2021-06-30 10:00:00;928.0;808.57;170.0;22.32;81.4;1.24;
2021-06-30 11:00:00;961.0;817.36;171.0;22.55;81.4;1.52;
2021-06-30 12:00:00;942.0;821.14;165.0;22.84;76.15;2.07;
2021-06-30 13:00:00;858.0;788.16;166.0;23.14;73.7;2.83;
2021-06-30 14:00:00;729.0;746.33;157.0;23.38;73.7;3.38;
2021-06-30 15:00:00;564.0;679.99;143.0;23.5;73.7;3.52;
2021-06-30 16:00:00;375.0;569.3;121.0;23.65;79.88;3.53;
2021-06-30 17:00:00;187.0;401.08;83.0;23.59;79.61;3.32;
2021-06-30 18:00:00;33.0;140.29;23.0;23.53;79.34;3.11;
2021-06-30 19:00:00;0.0;0.0;0.0;23.47;79.07;2.9;
2021-06-30 20:00:00;0.0;0.0;0.0;23.41;78.8;2.69;
2021-06-30 21:00:00;0.0;0.0;0.0;23.35;78.54;2.48;
2021-06-30 22:00:00;0.0;0.0;0.0;23.29;78.27;2.27;
2021-06-30 23:00:00;0.0;0.0;0.0;23.23;78.0;2.06;
2021-07-01 00:00:00;0.0;0.0;0.0;23.16;77.73;1.85;
2021-07-01 01:00:00;0.0;0.0;0.0;23.1;77.46;1.64;
2021-07-01 02:00:00;0.0;0.0;0.0;23.04;77.19;1.43;
2021-07-01 03:00:00;0.0;0.0;0.0;22.98;76.92;1.22;
2021-07-01 04:00:00;8.0;0.0;8.0;22.92;76.65;1.01;
2021-07-01 05:00:00;174.0;481.93;66.0;22.86;76.38;0.8;
2021-07-01 06:00:00;365.0;635.58;103.0;22.8;76.11;0.58;
2021-07-01 07:00:00;571.0;776.26;114.0;22.74;75.84;0.37;
2021-07-01 08:00:00;739.0;815.83;134.0;22.72;73.6;1.17;
2021-07-01 09:00:00;885.0;872.89;134.0;22.92;68.75;0.76;
2021-07-01 10:00:00;983.0;910.36;130.0;22.98;68.75;0.69;
2021-07-01 11:00:00;1013.0;907.65;136.0;23.11;66.45;1.45;
2021-07-01 12:00:00;983.0;888.91;142.0;23.28;62.15;2.62;
2021-07-01 13:00:00;910.0;889.56;129.0;23.37;62.15;3.72;
2021-07-01 14:00:00;775.0;846.75;126.0;23.34;64.3;4.83;
2021-07-01 15:00:00;595.0;759.04;125.0;23.26;66.55;5.38;
2021-07-01 16:00:00;403.0;665.59;106.0;23.24;68.85;5.52;
2021-07-01 17:00:00;204.0;493.64;76.0;23.35;71.25;5.52;
2021-07-01 18:00:00;36.0;210.75;21.0;23.51;71.25;5.31;
2021-07-01 19:00:00;0.0;0.0;0.0;23.64;68.95;5.03;
2021-07-01 20:00:00;0.0;0.0;0.0;23.79;71.35;4.62;
2021-07-01 21:00:00;0.0;0.0;0.0;23.81;71.35;4.21;
2021-07-01 22:00:00;0.0;0.0;0.0;23.59;76.2;4.76;
2021-07-01 23:00:00;0.0;0.0;0.0;23.33;76.2;5.59;
2021-07-02 00:00:00;0.0;0.0;0.0;23.07;76.15;6.69;
2021-07-02 01:00:00;0.0;0.0;0.0;22.87;73.6;6.76;
2021-07-02 02:00:00;0.0;0.0;0.0;22.79;73.6;6.9;
2021-07-02 03:00:00;0.0;0.0;0.0;22.76;76.15;7.17;
2021-07-02 04:00:00;2.0;0.0;2.0;22.76;78.75;7.03;
2021-07-02 05:00:00;111.0;103.23;88.0;22.81;81.45;6.9;
2021-07-02 06:00:00;220.0;99.75;179.0;22.82;84.25;7.1;
2021-07-02 07:00:00;432.0;313.09;248.0;22.88;84.25;7.17;
2021-07-02 08:00:00;628.0;490.07;265.0;22.98;84.25;6.9;
2021-07-02 09:00:00;850.0;806.11;157.0;23.15;81.5;7.1;
2021-07-02 10:00:00;934.0;816.88;169.0;22.98;87.1;7.24;
2021-07-02 11:00:00;161.0;0.0;161.0;22.99;90.05;7.31;
2021-07-02 12:00:00;940.0;803.46;180.0;23.05;90.05;6.62;
2021-07-02 13:00:00;833.0;698.27;220.0;23.03;90.05;5.66;
2021-07-02 14:00:00;717.0;687.58;190.0;22.97;93.05;4.62;
2021-07-02 15:00:00;558.0;642.74;160.0;22.94;93.05;3.86;
2021-07-02 16:00:00;363.0;493.04;143.0;22.93;93.05;3.03;
2021-07-02 17:00:00;175.0;308.63;95.0;22.93;93.05;2.28;
2021-07-02 18:00:00;31.0;126.8;22.0;22.95;93.05;1.93;
2021-07-02 19:00:00;0.0;0.0;0.0;22.99;93.05;2.07;
2021-07-02 20:00:00;0.0;0.0;0.0;23.11;93.05;2.62;
2021-07-02 21:00:00;0.0;0.0;0.0;23.11;93.05;2.62;
2021-07-02 22:00:00;0.0;0.0;0.0;23.14;93.05;2.55;
2021-07-02 23:00:00;0.0;0.0;0.0;23.12;96.15;3.24;
2021-07-03 00:00:00;0.0;0.0;0.0;23.08;96.15;3.66;
2021-07-03 01:00:00;0.0;0.0;0.0;23.06;96.15;4.69;
2021-07-03 02:00:00;0.0;0.0;0.0;23.05;93.05;6.0;
2021-07-03 03:00:00;0.0;0.0;0.0;23.03;93.05;6.9;
2021-07-03 04:00:00;6.0;0.0;6.0;23.04;93.05;6.28;
2021-07-03 05:00:00;119.0;139.99;88.0;23.02;90.05;4.28;
2021-07-03 06:00:00;310.0;395.31;148.0;22.96;93.05;3.72;
2021-07-03 07:00:00;506.0;565.96;174.0;22.99;93.05;4.76;
2021-07-03 08:00:00;668.0;623.13;207.0;23.18;90.05;5.1;
2021-07-03 09:00:00;815.0;711.32;204.0;23.4;93.05;4.55;
2021-07-03 10:00:00;907.0;748.96;206.0;24.07;87.15;2.9;
2021-07-03 11:00:00;945.0;771.59;200.0;24.45;84.35;1.72;
2021-07-03 12:00:00;922.0;765.57;198.0;24.39;84.35;1.1;
2021-07-03 13:00:00;845.0;745.07;191.0;23.93;90.1;0.41;
2021-07-03 14:00:00;711.0;681.1;189.0;23.78;90.1;1.79;
2021-07-03 15:00:00;539.0;578.18;181.0;23.74;87.15;2.97;
2021-07-03 16:00:00;347.0;428.12;156.0;23.74;87.15;4.14;
2021-07-03 17:00:00;165.0;250.91;100.0;23.87;87.15;5.24;
2021-07-03 18:00:00;27.0;70.73;22.0;24.21;84.35;5.86;
2021-07-03 19:00:00;0.0;0.0;0.0;24.52;81.65;5.31;
2021-07-03 20:00:00;0.0;0.0;0.0;24.67;79.05;4.76;
2021-07-03 21:00:00;0.0;0.0;0.0;24.52;81.65;4.41;
2021-07-03 22:00:00;0.0;0.0;0.0;24.4;81.65;5.93;
2021-07-03 23:00:00;0.0;0.0;0.0;24.06;81.55;6.21;
2021-07-04 00:00:00;0.0;0.0;0.0;23.84;81.55;5.79;
2021-07-04 01:00:00;0.0;0.0;0.0;23.72;81.55;6.07;
2021-07-04 02:00:00;0.0;0.0;0.0;23.69;81.55;6.34;
2021-07-04 03:00:00;0.0;0.0;0.0;23.68;81.55;6.0;
2021-07-04 04:00:00;6.0;0.0;6.0;23.7;81.55;5.52;
2021-07-04 05:00:00;127.0;181.78;87.0;23.74;81.55;5.45;
2021-07-04 06:00:00;304.0;362.27;156.0;23.78;78.9;6.14;
2021-07-04 07:00:00;503.0;543.12;185.0;23.94;76.3;6.97;
2021-07-04 08:00:00;675.0;633.39;207.0;24.17;73.85;7.31;
2021-07-04 09:00:00;824.0;723.58;203.0;24.17;73.85;7.17;
2021-07-04 10:00:00;916.0;760.1;205.0;24.12;76.3;7.24;
2021-07-04 11:00:00;956.0;783.3;200.0;24.21;76.35;8.0;
2021-07-04 12:00:00;928.0;762.61;207.0;24.26;76.35;8.55;
2021-07-04 13:00:00;855.0;757.74;190.0;24.3;73.85;8.97;
2021-07-04 14:00:00;720.0;692.94;189.0;24.42;73.85;9.45;
2021-07-04 15:00:00;549.0;600.89;177.0;24.55;73.85;9.52;
2021-07-04 16:00:00;360.0;477.59;147.0;24.62;73.85;9.17;
2021-07-04 17:00:00;172.0;285.92;98.0;24.6;73.85;8.76;
2021-07-04 18:00:00;31.0;113.76;23.0;24.45;76.35;8.07;
2021-07-04 19:00:00;0.0;0.0;0.0;24.22;78.95;6.48;
2021-07-04 20:00:00;0.0;0.0;0.0;24.04;84.35;6.41;
2021-07-04 21:00:00;0.0;0.0;0.0;23.89;84.35;6.62;
2021-07-04 22:00:00;0.0;0.0;0.0;23.67;84.35;6.62;
2021-07-04 23:00:00;0.0;0.0;0.0;23.61;90.05;6.62;
2021-07-05 00:00:00;0.0;0.0;0.0;23.52;90.05;6.69;
2021-07-05 01:00:00;0.0;0.0;0.0;23.48;90.05;6.34;
2021-07-05 02:00:00;0.0;0.0;0.0;23.44;90.05;5.66;
2021-07-05 03:00:00;0.0;0.0;0.0;23.3;90.05;5.03;
2021-07-05 04:00:00;5.0;0.0;5.0;23.04;90.05;4.69;
2021-07-05 05:00:00;111.0;114.37;86.0;22.84;90.05;4.62;
2021-07-05 06:00:00;289.0;314.33;161.0;22.72;90.05;4.76;
2021-07-05 07:00:00;466.0;429.53;215.0;22.64;90.05;4.76;
2021-07-05 08:00:00;628.0;505.47;255.0;22.63;90.05;4.83;
2021-07-05 09:00:00;782.0;620.44;250.0;22.71;87.1;4.9;
2021-07-05 10:00:00;875.0;666.44;252.0;23.07;87.1;4.41;
2021-07-05 11:00:00;933.0;741.14;218.0;23.22;84.25;4.14;
2021-07-05 12:00:00;790.0;441.2;373.0;23.37;84.25;4.0;
2021-07-05 13:00:00;835.0;716.88;206.0;23.45;84.25;4.21;
2021-07-05 14:00:00;699.0;643.48;206.0;23.53;87.1;4.34;
2021-07-05 15:00:00;520.0;510.57;204.0;23.6;87.1;4.34;
2021-07-05 16:00:00;336.0;383.61;165.0;23.66;84.35;4.21;
2021-07-05 17:00:00;163.0;243.72;100.0;23.62;90.05;3.86;
2021-07-05 18:00:00;29.0;100.19;22.0;23.52;90.05;3.45;
2021-07-05 19:00:00;0.0;0.0;0.0;23.44;90.05;3.17;
2021-07-05 20:00:00;0.0;0.0;0.0;23.39;90.05;2.97;
2021-07-05 21:00:00;0.0;0.0;0.0;23.34;90.05;3.1;
2021-07-05 22:00:00;0.0;0.0;0.0;23.15;84.25;3.24;
2021-07-05 23:00:00;0.0;0.0;0.0;23.1;87.1;3.59;
2021-07-06 00:00:00;0.0;0.0;0.0;23.05;87.1;3.79;
2021-07-06 01:00:00;0.0;0.0;0.0;23.0;87.1;4.0;
2021-07-06 02:00:00;0.0;0.0;0.0;22.98;87.1;4.48;
2021-07-06 03:00:00;0.0;0.0;0.0;22.98;87.1;4.69;
2021-07-06 04:00:00;5.0;0.0;5.0;23.01;87.1;4.14;
2021-07-06 05:00:00;124.0;175.05;86.0;23.03;84.25;4.0;
2021-07-06 06:00:00;317.0;441.04;138.0;23.09;84.25;4.55;
2021-07-06 07:00:00;522.0;637.9;150.0;23.15;81.5;4.83;
2021-07-06 08:00:00;683.0;675.78;185.0;23.4;81.5;4.76;
2021-07-06 09:00:00;830.0;758.76;180.0;23.74;78.9;4.9;
2021-07-06 10:00:00;924.0;798.54;178.0;23.76;81.55;5.52;
2021-07-06 11:00:00;965.0;822.38;172.0;23.76;81.55;5.86;
2021-07-06 12:00:00;942.0;816.03;171.0;23.84;84.35;5.93;
2021-07-06 13:00:00;867.0;808.28;158.0;23.92;84.35;6.76;
2021-07-06 14:00:00;739.0;767.69;151.0;23.98;84.35;7.45;
2021-07-06 15:00:00;566.0;678.85;146.0;24.06;84.35;7.45;
2021-07-06 16:00:00;380.0;583.64;120.0;24.2;81.65;7.1;
2021-07-06 17:00:00;187.0;399.07;84.0;24.37;84.35;6.83;
2021-07-06 18:00:00;32.0;144.26;22.0;24.45;84.35;6.62;
2021-07-06 19:00:00;0.0;0.0;0.0;24.4;84.35;6.41;
2021-07-06 20:00:00;0.0;0.0;0.0;24.34;84.35;6.62;
2021-07-06 21:00:00;0.0;0.0;0.0;24.25;84.35;6.21;
2021-07-06 22:00:00;0.0;0.0;0.0;24.33;84.35;5.24;
2021-07-06 23:00:00;0.0;0.0;0.0;24.36;84.35;6.14;
2021-07-07 00:00:00;0.0;0.0;0.0;24.38;84.35;5.86;
2021-07-07 01:00:00;0.0;0.0;0.0;24.28;87.2;4.07;
2021-07-07 02:00:00;0.0;0.0;0.0;24.13;90.1;2.62;
2021-07-07 03:00:00;0.0;0.0;0.0;23.99;90.1;2.41;
2021-07-07 04:00:00;5.0;0.0;5.0;23.9;90.1;2.76;
2021-07-07 05:00:00;127.0;204.15;83.0;23.8;90.1;2.97;
2021-07-07 06:00:00;308.0;407.96;143.0;23.67;90.1;5.72;
2021-07-07 07:00:00;506.0;585.96;165.0;23.72;87.15;4.97;
2021-07-07 08:00:00;667.0;633.24;201.0;24.06;87.15;3.31;
2021-07-07 09:00:00;825.0;752.49;181.0;24.09;87.15;1.72;
2021-07-07 10:00:00;913.0;776.6;188.0;23.86;90.1;3.45;
2021-07-07 11:00:00;948.0;785.45;191.0;23.95;93.1;4.07;
2021-07-07 12:00:00;931.0;795.17;180.0;24.21;90.1;3.45;
2021-07-07 13:00:00;853.0;774.34;174.0;24.57;90.1;2.69;
2021-07-07 14:00:00;718.0;706.57;177.0;24.75;84.4;0.69;
2021-07-07 15:00:00;544.0;599.93;173.0;24.58;84.35;0.83;
2021-07-07 16:00:00;350.0;447.07;151.0;24.58;78.95;2.07;
2021-07-07 17:00:00;181.0;361.0;88.0;24.71;76.45;3.31;
2021-07-07 18:00:00;33.0;145.59;23.0;24.62;78.95;4.0;
2021-07-07 19:00:00;0.0;0.0;0.0;24.56;81.65;3.86;
2021-07-07 20:00:00;0.0;0.0;0.0;24.6;81.65;5.1;
2021-07-07 21:00:00;0.0;0.0;0.0;24.86;79.05;7.24;
2021-07-07 22:00:00;0.0;0.0;0.0;25.27;74.0;8.69;
2021-07-07 23:00:00;0.0;0.0;0.0;24.91;76.45;8.34;
2021-07-08 00:00:00;0.0;0.0;0.0;24.39;81.65;10.0;
2021-07-08 01:00:00;0.0;0.0;0.0;24.07;90.1;7.79;
2021-07-08 02:00:00;0.0;0.0;0.0;23.89;90.1;7.52;
2021-07-08 03:00:00;0.0;0.0;0.0;23.83;93.1;6.0;
2021-07-08 04:00:00;2.0;0.0;2.0;23.71;90.1;5.45;
2021-07-08 05:00:00;121.0;172.96;84.0;23.6;93.05;6.21;
2021-07-08 06:00:00;258.0;213.39;172.0;23.51;90.05;6.48;
2021-07-08 07:00:00;434.0;339.25;237.0;23.5;87.1;6.97;
2021-07-08 08:00:00;636.0;537.53;241.0;23.52;87.1;7.52;
2021-07-08 09:00:00;788.0;644.47;237.0;23.59;87.1;7.72;
2021-07-08 10:00:00;843.0;588.5;294.0;23.69;84.35;7.03;
2021-07-08 11:00:00;927.0;726.7;227.0;23.75;84.35;6.9;
2021-07-08 12:00:00;910.0;736.2;215.0;23.8;84.35;6.76;
2021-07-08 13:00:00;834.0;716.45;206.0;23.81;84.35;6.62;
2021-07-08 14:00:00;710.0;679.43;190.0;23.82;84.35;6.55;
2021-07-08 15:00:00;541.0;588.95;177.0;23.82;84.35;6.48;
2021-07-08 16:00:00;368.0;532.97;131.0;23.86;81.55;6.41;
2021-07-08 17:00:00;171.0;299.55;94.0;23.85;81.55;6.34;
2021-07-08 18:00:00;28.0;88.29;22.0;23.85;78.9;6.62;
2021-07-08 19:00:00;0.0;0.0;0.0;23.89;78.9;7.1;
2021-07-08 20:00:00;0.0;0.0;0.0;23.97;76.3;7.38;
2021-07-08 21:00:00;0.0;0.0;0.0;24.08;76.3;7.59;
2021-07-08 22:00:00;0.0;0.0;0.0;24.13;73.75;7.52;
2021-07-08 23:00:00;0.0;0.0;0.0;24.18;69.05;7.86;
2021-07-09 00:00:00;0.0;0.0;0.0;24.08;68.95;8.41;
2021-07-09 01:00:00;0.0;0.0;0.0;23.89;68.95;8.41;
2021-07-09 02:00:00;0.0;0.0;0.0;23.74;71.35;8.48;
2021-07-09 03:00:00;0.0;0.0;0.0;23.59;71.25;8.21;
2021-07-09 04:00:00;3.0;0.0;3.0;23.49;71.25;7.72;
2021-07-09 05:00:00;128.0;216.71;82.0;23.3;68.85;7.38;
2021-07-09 06:00:00;257.0;211.69;172.0;23.14;66.55;6.9;
2021-07-09 07:00:00;494.0;535.03;184.0;23.0;68.75;6.41;
2021-07-09 08:00:00;674.0;652.8;195.0;22.92;66.45;5.72;
2021-07-09 09:00:00;847.0;813.74;152.0;22.9;66.45;5.17;
2021-07-09 10:00:00;934.0;828.18;162.0;23.02;64.2;4.41;
2021-07-09 11:00:00;970.0;838.27;163.0;23.05;64.2;3.93;
2021-07-09 12:00:00;952.0;843.58;156.0;23.07;64.2;4.14;
2021-07-09 13:00:00;882.0;843.46;143.0;23.15;62.15;4.34;
2021-07-09 14:00:00;747.0;790.87;142.0;23.21;64.3;4.28;
2021-07-09 15:00:00;576.0;715.63;134.0;23.29;64.3;4.34;
2021-07-09 16:00:00;386.0;614.62;113.0;23.36;64.3;4.14;
2021-07-09 17:00:00;192.0;440.7;79.0;23.38;66.55;3.59;
2021-07-09 18:00:00;30.0;134.04;21.0;23.41;66.55;3.03;
2021-07-09 19:00:00;0.0;0.0;0.0;23.41;66.55;3.03;
2021-07-09 20:00:00;0.0;0.0;0.0;23.46;66.55;2.97;
2021-07-09 21:00:00;0.0;0.0;0.0;23.46;68.85;3.03;
2021-07-09 22:00:00;0.0;0.0;0.0;23.47;71.25;3.1;
2021-07-09 23:00:00;0.0;0.0;0.0;23.57;73.7;4.0;
2021-07-10 00:00:00;0.0;0.0;0.0;23.82;73.75;5.24;
2021-07-10 01:00:00;0.0;0.0;0.0;24.1;71.35;6.07;
2021-07-10 02:00:00;0.0;0.0;0.0;24.09;66.65;7.1;
2021-07-10 03:00:00;0.0;0.0;0.0;23.86;64.4;7.93;
2021-07-10 04:00:00;0.0;0.0;0.0;23.63;64.3;8.21;
2021-07-10 05:00:00;143.0;337.19;72.0;23.38;62.15;8.9;
2021-07-10 06:00:00;330.0;539.99;114.0;23.15;60.05;9.1;
2021-07-10 07:00:00;511.0;619.29;153.0;23.01;62.05;8.97;
2021-07-10 08:00:00;683.0;697.48;172.0;22.89;64.2;9.17;
2021-07-10 09:00:00;832.0;782.97;164.0;22.76;64.2;9.38;
2021-07-10 10:00:00;938.0;844.94;151.0;22.71;64.2;9.17;
2021-07-10 11:00:00;979.0;865.81;146.0;22.69;64.2;9.72;
2021-07-10 12:00:00;946.0;836.6;157.0;22.74;66.45;10.34;
2021-07-10 13:00:00;867.0;815.33;153.0;22.9;66.45;10.62;
2021-07-10 14:00:00;718.0;708.92;176.0;23.18;64.3;10.97;
2021-07-10 15:00:00;559.0;661.1;151.0;23.29;64.3;11.66;
2021-07-10 16:00:00;337.0;394.51;162.0;23.5;62.15;11.93;
2021-07-10 17:00:00;192.0;449.77;77.0;23.7;60.15;12.07;
2021-07-10 18:00:00;28.0;105.68;21.0;23.72;60.15;12.07;
2021-07-10 19:00:00;0.0;0.0;0.0;23.55;64.3;12.34;
2021-07-10 20:00:00;0.0;0.0;0.0;23.51;62.15;12.69;
2021-07-10 21:00:00;0.0;0.0;0.0;23.31;62.15;12.69;
2021-07-10 22:00:00;0.0;0.0;0.0;22.91;66.45;13.31;
2021-07-10 23:00:00;0.0;0.0;0.0;22.43;71.05;12.83;
2021-07-11 00:00:00;0.0;0.0;0.0;22.25;71.05;12.07;
2021-07-11 01:00:00;0.0;0.0;0.0;22.21;68.7;11.66;
2021-07-11 02:00:00;0.0;0.0;0.0;22.19;68.7;11.1;
2021-07-11 03:00:00;0.0;0.0;0.0;22.25;68.7;10.55;
2021-07-11 04:00:00;0.0;0.0;0.0;22.35;68.7;10.21;
2021-07-11 05:00:00;54.0;4.79;53.0;22.44;68.7;10.0;
2021-07-11 06:00:00;280.0;311.21;156.0;22.36;68.7;9.72;
2021-07-11 07:00:00;368.0;187.26;260.0;22.28;68.7;9.24;
2021-07-11 08:00:00;594.0;434.73;276.0;22.36;71.05;8.97;
2021-07-11 09:00:00;548.0;164.28;408.0;22.62;66.45;8.9;
2021-07-11 10:00:00;263.0;0.0;263.0;21.87;73.45;8.48;
2021-07-11 11:00:00;508.0;62.4;448.0;21.89;73.45;8.14;
2021-07-11 12:00:00;511.0;72.14;443.0;22.21;71.05;8.0;
2021-07-11 13:00:00;132.0;0.0;132.0;22.53;73.55;7.93;
2021-07-11 14:00:00;567.0;306.26;333.0;22.78;71.15;8.14;
2021-07-11 15:00:00;384.0;163.8;283.0;22.75;71.15;8.76;
2021-07-11 16:00:00;202.0;47.41;181.0;22.82;73.6;9.45;
2021-07-11 17:00:00;113.0;58.85;98.0;23.01;73.6;9.93;
2021-07-11 18:00:00;16.0;15.33;15.0;23.25;73.7;10.07;
2021-07-11 19:00:00;0.0;0.0;0.0;23.5;76.2;10.41;
2021-07-11 20:00:00;0.0;0.0;0.0;23.61;78.85;10.55;
2021-07-11 21:00:00;0.0;0.0;0.0;23.55;76.2;10.9;
2021-07-11 22:00:00;0.0;0.0;0.0;23.13;76.15;10.55;
2021-07-11 23:00:00;0.0;0.0;0.0;22.93;76.15;10.34;
2021-07-12 00:00:00;0.0;0.0;0.0;22.72;76.15;10.14;
2021-07-12 01:00:00;0.0;0.0;0.0;22.53;78.7;9.66;
2021-07-12 02:00:00;0.0;0.0;0.0;22.41;78.7;8.83;
2021-07-12 03:00:00;0.0;0.0;0.0;22.32;78.7;7.59;
2021-07-12 04:00:00;0.0;0.0;0.0;22.3;78.7;6.34;
2021-07-12 05:00:00;105.0;111.09;82.0;22.31;78.7;5.59;
2021-07-12 06:00:00;262.0;239.38;167.0;22.36;78.7;5.31;
2021-07-12 07:00:00;511.0;622.24;153.0;22.45;76.1;5.66;
2021-07-12 08:00:00;695.0;742.14;153.0;22.58;76.1;6.21;
2021-07-12 09:00:00;770.0;597.95;261.0;22.73;73.6;6.62;
2021-07-12 10:00:00;734.0;353.82;405.0;22.65;73.6;6.0;
2021-07-12 11:00:00;919.0;704.6;242.0;22.78;71.15;6.28;
2021-07-12 12:00:00;949.0;840.75;157.0;22.82;71.15;6.76;
2021-07-12 13:00:00;874.0;829.98;148.0;22.94;73.6;6.97;
2021-07-12 14:00:00;749.0;800.25;138.0;23.03;73.6;6.97;
2021-07-12 15:00:00;579.0;732.15;128.0;23.14;73.7;6.97;
2021-07-12 16:00:00;385.0;619.63;111.0;23.22;73.7;6.62;
2021-07-12 17:00:00;189.0;433.11;79.0;23.26;73.7;6.0;
2021-07-12 18:00:00;29.0;140.28;20.0;23.27;76.2;5.31;
2021-07-12 19:00:00;0.0;0.0;0.0;23.32;73.7;4.83;
2021-07-12 20:00:00;0.0;0.0;0.0;23.43;73.7;4.69;
2021-07-12 21:00:00;0.0;0.0;0.0;23.48;73.7;5.17;
2021-07-12 22:00:00;0.0;0.0;0.0;23.43;73.7;5.52;
2021-07-12 23:00:00;0.0;0.0;0.0;23.39;76.2;5.86;
2021-07-13 00:00:00;0.0;0.0;0.0;23.37;76.2;6.83;
2021-07-13 01:00:00;0.0;0.0;0.0;23.36;76.2;7.66;
2021-07-13 02:00:00;0.0;0.0;0.0;23.36;76.2;7.79;
2021-07-13 03:00:00;0.0;0.0;0.0;23.35;73.7;7.59;
2021-07-13 04:00:00;0.0;0.0;0.0;23.29;73.7;7.38;
2021-07-13 05:00:00;147.0;399.6;65.0;23.23;73.7;7.03;
2021-07-13 06:00:00;338.0;594.6;103.0;23.14;73.7;6.62;
2021-07-13 07:00:00;539.0;728.32;121.0;23.07;73.6;6.0;
2021-07-13 08:00:00;709.0;781.77;139.0;23.03;73.6;5.52;
2021-07-13 09:00:00;860.0;851.52;136.0;22.96;73.6;5.03;
2021-07-13 10:00:00;949.0;866.49;144.0;22.99;71.15;5.17;
2021-07-13 11:00:00;991.0;888.42;138.0;23.05;68.75;5.03;
2021-07-13 12:00:00;964.0;869.98;145.0;23.02;71.15;4.9;
2021-07-13 13:00:00;893.0;870.57;132.0;23.02;71.15;4.69;
2021-07-13 14:00:00;756.0;816.61;133.0;23.04;71.15;4.55;
2021-07-13 15:00:00;582.0;739.47;127.0;23.04;71.15;4.69;
2021-07-13 16:00:00;389.0;636.63;108.0;23.13;68.85;4.76;
2021-07-13 17:00:00;193.0;462.46;76.0;23.16;71.25;4.83;
2021-07-13 18:00:00;30.0;158.79;20.0;23.19;71.25;4.83;
2021-07-13 19:00:00;0.0;0.0;0.0;23.19;71.25;4.76;
2021-07-13 20:00:00;0.0;0.0;0.0;23.21;71.25;4.62;
2021-07-13 21:00:00;0.0;0.0;0.0;23.19;71.25;4.62;
2021-07-13 22:00:00;0.0;0.0;0.0;23.09;71.15;5.31;
2021-07-13 23:00:00;0.0;0.0;0.0;23.1;73.6;5.31;
2021-07-14 00:00:00;0.0;0.0;0.0;23.09;73.6;5.1;
2021-07-14 01:00:00;0.0;0.0;0.0;23.12;76.15;4.97;
2021-07-14 02:00:00;0.0;0.0;0.0;23.09;76.15;5.17;
2021-07-14 03:00:00;0.0;0.0;0.0;23.08;76.15;5.45;
2021-07-14 04:00:00;0.0;0.0;0.0;23.13;76.2;5.31;
2021-07-14 05:00:00;128.0;260.65;75.0;23.17;76.2;4.76;
2021-07-14 06:00:00;286.0;345.57;150.0;23.19;76.2;3.72;
2021-07-14 07:00:00;489.0;548.5;175.0;23.2;76.2;3.1;
2021-07-14 08:00:00;644.0;582.51;220.0;23.2;76.2;3.03;
2021-07-14 09:00:00;599.0;236.69;398.0;23.21;76.2;3.38;
2021-07-14 10:00:00;412.0;22.63;391.0;23.21;78.85;4.07;
2021-07-14 11:00:00;146.0;0.0;146.0;23.26;78.85;3.86;
2021-07-14 12:00:00;706.0;292.32;431.0;23.37;78.85;3.72;
2021-07-14 13:00:00;237.0;0.0;237.0;23.5;78.85;3.93;
2021-07-14 14:00:00;119.0;0.0;119.0;23.55;78.85;4.0;
2021-07-14 15:00:00;51.0;0.0;51.0;23.54;78.85;3.93;
2021-07-14 16:00:00;142.0;4.54;140.0;23.44;78.85;3.93;
2021-07-14 17:00:00;190.0;452.51;76.0;23.41;78.85;3.86;
2021-07-14 18:00:00;28.0;129.65;20.0;23.49;76.2;3.59;
2021-07-14 19:00:00;0.0;0.0;0.0;23.51;73.7;3.59;
2021-07-14 20:00:00;0.0;0.0;0.0;23.59;73.7;3.79;
2021-07-14 21:00:00;0.0;0.0;0.0;23.66;68.95;4.14;
2021-07-14 22:00:00;0.0;0.0;0.0;23.65;68.95;4.28;
2021-07-14 23:00:00;0.0;0.0;0.0;23.65;71.35;5.72;
2021-07-15 00:00:00;0.0;0.0;0.0;23.72;76.3;6.48;
2021-07-15 01:00:00;0.0;0.0;0.0;23.89;78.9;6.34;
2021-07-15 02:00:00;0.0;0.0;0.0;23.91;78.9;6.21;
2021-07-15 03:00:00;0.0;0.0;0.0;23.87;81.55;6.21;
2021-07-15 04:00:00;0.0;0.0;0.0;23.77;81.55;6.55;
2021-07-15 05:00:00;141.0;382.28;64.0;23.61;81.5;6.62;
2021-07-15 06:00:00;259.0;247.54;162.0;23.42;76.2;6.48;
2021-07-15 07:00:00;500.0;602.46;156.0;23.23;76.2;6.34;
2021-07-15 08:00:00;702.0;777.56;137.0;23.1;76.15;6.55;
2021-07-15 09:00:00;825.0;779.34;164.0;23.11;76.15;6.69;
2021-07-15 10:00:00;901.0;760.28;196.0;23.19;73.7;6.69;
2021-07-15 11:00:00;870.0;593.55;301.0;23.4;71.25;6.69;
2021-07-15 12:00:00;921.0;778.68;189.0;23.48;73.7;6.97;
2021-07-15 13:00:00;821.0;689.71;219.0;23.55;73.7;7.24;
2021-07-15 14:00:00;718.0;719.61;170.0;23.56;73.7;7.45;
2021-07-15 15:00:00;558.0;671.3;146.0;23.55;76.2;7.52;
2021-07-15 16:00:00;371.0;573.34;119.0;23.5;78.85;7.1;
2021-07-15 17:00:00;185.0;430.66;77.0;23.46;78.85;6.48;
2021-07-15 18:00:00;26.0;116.01;19.0;23.42;78.85;6.21;
2021-07-15 19:00:00;0.0;0.0;0.0;23.39;78.85;6.62;
2021-07-15 20:00:00;0.0;0.0;0.0;23.31;78.85;6.76;
2021-07-15 21:00:00;0.0;0.0;0.0;23.2;78.85;6.07;
2021-07-15 22:00:00;0.0;0.0;0.0;22.96;78.75;5.03;
2021-07-15 23:00:00;0.0;0.0;0.0;22.91;78.75;4.41;
2021-07-16 00:00:00;0.0;0.0;0.0;22.84;78.75;4.21;
2021-07-16 01:00:00;0.0;0.0;0.0;22.78;78.75;4.14;
2021-07-16 02:00:00;0.0;0.0;0.0;22.73;78.75;3.86;
2021-07-16 03:00:00;0.0;0.0;0.0;22.64;78.75;3.59;
2021-07-16 04:00:00;0.0;0.0;0.0;22.6;81.4;3.38;
2021-07-16 05:00:00;144.0;411.08;62.0;22.57;81.4;3.24;
2021-07-16 06:00:00;331.0;589.55;101.0;22.54;81.4;3.03;
2021-07-16 07:00:00;524.0;697.11;127.0;22.55;81.4;2.83;
2021-07-16 08:00:00;700.0;772.05;140.0;22.61;81.4;2.97;
2021-07-16 09:00:00;836.0;807.49;152.0;22.68;78.75;3.45;
2021-07-16 10:00:00;934.0;846.32;150.0;22.83;78.75;4.21;
2021-07-16 11:00:00;950.0;803.9;180.0;23.0;78.75;4.83;
2021-07-16 12:00:00;955.0;861.26;146.0;23.16;78.85;5.38;
2021-07-16 13:00:00;879.0;850.82;137.0;23.37;78.85;5.72;
2021-07-16 14:00:00;752.0;818.94;129.0;23.49;81.5;5.86;
2021-07-16 15:00:00;572.0;719.6;131.0;23.61;81.5;6.0;
2021-07-16 16:00:00;380.0;615.76;110.0;23.58;84.25;5.93;
2021-07-16 17:00:00;189.0;452.84;76.0;23.57;87.1;5.66;
2021-07-16 18:00:00;26.0;135.86;18.0;23.55;87.1;5.59;
2021-07-16 19:00:00;0.0;0.0;0.0;23.57;87.1;6.14;
2021-07-16 20:00:00;0.0;0.0;0.0;23.59;87.1;6.28;
2021-07-16 21:00:00;0.0;0.0;0.0;23.58;87.1;6.14;
2021-07-16 22:00:00;0.0;0.0;0.0;23.49;84.25;5.31;
2021-07-16 23:00:00;0.0;0.0;0.0;23.46;84.25;5.31;
2021-07-17 00:00:00;0.0;0.0;0.0;23.42;84.25;5.24;
2021-07-17 01:00:00;0.0;0.0;0.0;23.39;87.1;4.9;
2021-07-17 02:00:00;0.0;0.0;0.0;23.38;87.1;4.34;
2021-07-17 03:00:00;0.0;0.0;0.0;23.34;84.25;4.14;
2021-07-17 04:00:00;0.0;0.0;0.0;23.34;84.25;3.86;
2021-07-17 05:00:00;133.0;344.32;65.0;23.37;84.25;4.0;
2021-07-17 06:00:00;318.0;535.58;110.0;23.35;84.25;4.14;
2021-07-17 07:00:00;515.0;679.63;129.0;23.42;84.25;4.14;
2021-07-17 08:00:00;694.0;763.78;141.0;23.43;87.1;3.93;
2021-07-17 09:00:00;834.0;812.1;147.0;23.45;87.1;3.72;
2021-07-17 10:00:00;932.0;850.43;145.0;23.4;87.1;3.86;
2021-07-17 11:00:00;970.0;859.99;147.0;23.48;87.1;4.55;
2021-07-17 12:00:00;948.0;854.52;146.0;23.59;87.1;5.03;
2021-07-17 13:00:00;864.0;820.6;149.0;23.73;84.35;5.66;
2021-07-17 14:00:00;735.0;779.05;143.0;23.94;87.15;5.93;
2021-07-17 15:00:00;567.0;710.92;132.0;23.94;90.1;6.14;
2021-07-17 16:00:00;372.0;589.91;114.0;23.9;90.1;5.93;
2021-07-17 17:00:00;179.0;402.89;79.0;23.89;93.1;5.79;
2021-07-17 18:00:00;24.0;104.65;18.0;23.87;93.1;5.52;
2021-07-17 19:00:00;0.0;0.0;0.0;23.85;93.1;5.17;
2021-07-17 20:00:00;0.0;0.0;0.0;23.85;93.1;4.9;
2021-07-17 21:00:00;0.0;0.0;0.0;23.83;93.1;5.1;
2021-07-17 22:00:00;0.0;0.0;0.0;23.67;90.1;5.24;
2021-07-17 23:00:00;0.0;0.0;0.0;23.68;90.1;5.17;
2021-07-18 00:00:00;0.0;0.0;0.0;23.67;87.15;4.76;
2021-07-18 01:00:00;0.0;0.0;0.0;23.63;90.05;4.48;
2021-07-18 02:00:00;0.0;0.0;0.0;23.63;90.05;4.28;
2021-07-18 03:00:00;0.0;0.0;0.0;23.61;90.05;4.21;
2021-07-18 04:00:00;0.0;0.0;0.0;23.62;90.05;4.07;
2021-07-18 05:00:00;132.0;342.76;65.0;23.64;87.15;3.93;
2021-07-18 06:00:00;321.0;553.59;107.0;23.67;87.15;3.72;
2021-07-18 07:00:00;523.0;706.22;123.0;23.71;90.1;3.66;
2021-07-18 08:00:00;697.0;770.73;140.0;23.76;90.1;3.72;
2021-07-18 09:00:00;843.0;829.77;142.0;23.8;90.1;3.93;
2021-07-18 10:00:00;937.0;857.83;144.0;24.01;87.15;4.14;
2021-07-18 11:00:00;980.0;879.61;139.0;24.17;84.35;4.48;
2021-07-18 12:00:00;953.0;861.67;145.0;24.28;84.35;4.76;
2021-07-18 13:00:00;878.0;850.11;138.0;24.42;87.2;5.1;
2021-07-18 14:00:00;743.0;797.11;138.0;24.43;87.2;5.31;
2021-07-18 15:00:00;570.0;718.67;131.0;24.42;90.1;5.45;
2021-07-18 16:00:00;378.0;614.47;110.0;24.36;90.1;5.03;
2021-07-18 17:00:00;182.0;425.45;77.0;24.33;90.1;4.48;
2021-07-18 18:00:00;23.0;107.73;17.0;24.29;93.1;4.07;
2021-07-18 19:00:00;0.0;0.0;0.0;24.28;93.1;3.79;
2021-07-18 20:00:00;0.0;0.0;0.0;24.23;93.1;3.66;
2021-07-18 21:00:00;0.0;0.0;0.0;24.17;93.1;3.66;
2021-07-18 22:00:00;0.0;0.0;0.0;24.11;93.1;3.86;
2021-07-18 23:00:00;0.0;0.0;0.0;24.12;93.1;4.41;
2021-07-19 00:00:00;0.0;0.0;0.0;24.14;90.1;4.62;
2021-07-19 01:00:00;0.0;0.0;0.0;24.12;93.1;4.55;
2021-07-19 02:00:00;0.0;0.0;0.0;24.11;93.1;4.34;
2021-07-19 03:00:00;0.0;0.0;0.0;24.05;93.1;4.0;
2021-07-19 04:00:00;0.0;0.0;0.0;24.0;90.1;3.72;
2021-07-19 05:00:00;125.0;279.19;71.0;23.85;90.1;3.1;
2021-07-19 06:00:00;331.0;597.8;101.0;23.71;93.1;2.28;
2021-07-19 07:00:00;536.0;743.61;116.0;23.65;93.1;1.52;
2021-07-19 08:00:00;710.0;798.53;134.0;23.59;96.2;0.9;
2021-07-19 09:00:00;859.0;858.19;135.0;23.65;93.1;2.07;
2021-07-19 10:00:00;955.0;885.85;137.0;23.93;93.1;2.48;
2021-07-19 11:00:00;988.0;884.64;143.0;24.1;90.1;3.38;
2021-07-19 12:00:00;966.0;878.49;143.0;24.37;87.2;4.0;
2021-07-19 13:00:00;890.0;868.23;135.0;24.59;84.35;4.34;
2021-07-19 14:00:00;757.0;825.84;131.0;24.75;81.7;4.69;
2021-07-19 15:00:00;578.0;738.02;128.0;24.81;81.7;4.97;
2021-07-19 16:00:00;384.0;634.69;108.0;24.78;84.4;5.03;
2021-07-19 17:00:00;186.0;452.52;75.0;24.71;84.4;4.69;
2021-07-19 18:00:00;24.0;148.26;16.0;24.67;87.25;4.41;
2021-07-19 19:00:00;0.0;0.0;0.0;24.7;87.25;4.34;
2021-07-19 20:00:00;0.0;0.0;0.0;24.8;87.25;4.28;
2021-07-19 21:00:00;0.0;0.0;0.0;24.86;87.25;4.0;
2021-07-19 22:00:00;0.0;0.0;0.0;24.82;81.7;3.59;
2021-07-19 23:00:00;0.0;0.0;0.0;24.73;79.05;3.1;
2021-07-20 00:00:00;0.0;0.0;0.0;24.69;79.05;2.9;
2021-07-20 01:00:00;0.0;0.0;0.0;24.62;84.35;2.97;
2021-07-20 02:00:00;0.0;0.0;0.0;24.57;84.35;3.31;
2021-07-20 03:00:00;0.0;0.0;0.0;24.56;84.35;4.0;
2021-07-20 04:00:00;0.0;0.0;0.0;24.61;84.35;3.38;
2021-07-20 05:00:00;119.0;256.11;70.0;24.66;79.05;1.93;
2021-07-20 06:00:00;307.0;485.77;121.0;24.57;81.65;1.38;
2021-07-20 07:00:00;508.0;656.97;138.0;24.36;84.35;1.38;
2021-07-20 08:00:00;682.0;727.84;158.0;24.28;87.2;1.79;
2021-07-20 09:00:00;830.0;800.05;156.0;24.37;84.35;2.34;
2021-07-20 10:00:00;924.0;827.23;161.0;24.53;81.65;3.24;
2021-07-20 11:00:00;961.0;837.32;162.0;24.62;81.65;4.07;
2021-07-20 12:00:00;935.0;817.38;170.0;24.73;76.45;4.62;
2021-07-20 13:00:00;861.0;809.32;158.0;24.77;76.45;4.62;
2021-07-20 14:00:00;724.0;742.43;162.0;24.75;76.45;4.28;
2021-07-20 15:00:00;524.0;547.19;191.0;24.79;76.45;3.79;
2021-07-20 16:00:00;351.0;489.05;139.0;24.89;76.45;2.48;
2021-07-20 17:00:00;164.0;307.75;89.0;24.99;76.45;1.1;
2021-07-20 18:00:00;21.0;95.91;16.0;25.08;79.05;0.9;
2021-07-20 19:00:00;0.0;0.0;0.0;25.19;76.5;1.72;
2021-07-20 20:00:00;0.0;0.0;0.0;25.16;79.1;3.38;
2021-07-20 21:00:00;0.0;0.0;0.0;25.15;79.1;3.86;
2021-07-20 22:00:00;0.0;0.0;0.0;25.06;84.4;5.03;
2021-07-20 23:00:00;0.0;0.0;0.0;24.99;81.7;5.38;
2021-07-21 00:00:00;0.0;0.0;0.0;24.95;81.7;5.79;
2021-07-21 01:00:00;0.0;0.0;0.0;24.85;81.7;6.28;
2021-07-21 02:00:00;0.0;0.0;0.0;24.77;84.4;6.83;
2021-07-21 03:00:00;0.0;0.0;0.0;24.8;84.4;6.0;
2021-07-21 04:00:00;0.0;0.0;0.0;24.74;87.25;5.03;
2021-07-21 05:00:00;113.0;221.99;71.0;24.63;90.1;3.66;
2021-07-21 06:00:00;85.0;0.0;85.0;24.59;90.1;4.07;
2021-07-21 07:00:00;260.0;42.74;236.0;24.46;90.1;3.52;
2021-07-21 08:00:00;191.0;0.0;191.0;24.27;87.2;4.83;
2021-07-21 09:00:00;484.0;99.86;400.0;24.24;87.2;4.55;
2021-07-21 10:00:00;514.0;82.49;438.0;24.6;87.2;5.86;
2021-07-21 11:00:00;189.0;0.0;189.0;24.48;84.35;7.03;
2021-07-21 12:00:00;877.0;675.97;245.0;24.41;84.35;7.1;
2021-07-21 13:00:00;853.0;805.64;154.0;24.57;84.35;7.52;
2021-07-21 14:00:00;729.0;773.94;144.0;24.72;79.05;7.38;
2021-07-21 15:00:00;548.0;663.59;145.0;24.73;79.05;7.24;
2021-07-21 16:00:00;356.0;532.36;126.0;24.73;79.05;7.24;
2021-07-21 17:00:00;168.0;351.2;83.0;24.75;79.05;7.59;
2021-07-21 18:00:00;19.0;99.58;14.0;24.76;79.05;8.41;
2021-07-21 19:00:00;0.0;0.0;0.0;24.81;79.05;9.17;
2021-07-21 20:00:00;0.0;0.0;0.0;24.97;76.45;9.66;
2021-07-21 21:00:00;0.0;0.0;0.0;25.03;73.95;10.0;
2021-07-21 22:00:00;0.0;0.0;0.0;24.78;66.85;10.62;
2021-07-21 23:00:00;0.0;0.0;0.0;24.49;66.75;11.1;
2021-07-22 00:00:00;0.0;0.0;0.0;24.15;64.5;11.03;
2021-07-22 01:00:00;0.0;0.0;0.0;23.91;66.65;10.69;
2021-07-22 02:00:00;0.0;0.0;0.0;23.76;66.65;10.62;
2021-07-22 03:00:00;0.0;0.0;0.0;23.74;68.95;10.69;
2021-07-22 04:00:00;0.0;0.0;0.0;23.68;68.95;10.69;
2021-07-22 05:00:00;100.0;149.69;72.0;23.65;68.95;10.55;
2021-07-22 06:00:00;223.0;158.27;163.0;23.77;71.35;10.41;
2021-07-22 07:00:00;469.0;517.96;179.0;23.85;71.35;10.69;
2021-07-22 08:00:00;613.0;520.16;240.0;23.93;71.35;11.1;
2021-07-22 09:00:00;735.0;541.69;280.0;24.01;71.35;11.38;
2021-07-22 10:00:00;829.0;583.59;292.0;23.88;71.35;11.24;
2021-07-22 11:00:00;669.0;223.69;456.0;23.89;71.35;11.86;
2021-07-22 12:00:00;709.0;307.3;422.0;24.06;71.35;12.07;
2021-07-22 13:00:00;768.0;559.68;283.0;24.12;73.75;12.0;
2021-07-22 14:00:00;613.0;424.01;293.0;24.16;76.35;11.93;
2021-07-22 15:00:00;477.0;405.96;231.0;24.17;78.95;11.93;
2021-07-22 16:00:00;305.0;306.62;173.0;24.18;78.95;12.21;
2021-07-22 17:00:00;161.0;312.16;86.0;24.19;78.95;12.28;
2021-07-22 18:00:00;18.0;82.99;14.0;24.22;78.95;12.41;
2021-07-22 19:00:00;0.0;0.0;0.0;24.23;78.95;12.55;
2021-07-22 20:00:00;0.0;0.0;0.0;24.22;78.95;12.41;
2021-07-22 21:00:00;0.0;0.0;0.0;24.21;78.95;12.28;
2021-07-22 22:00:00;0.0;0.0;0.0;24.07;78.9;11.66;
2021-07-22 23:00:00;0.0;0.0;0.0;23.97;78.9;11.03;
2021-07-23 00:00:00;0.0;0.0;0.0;23.88;78.9;10.62;
2021-07-23 01:00:00;0.0;0.0;0.0;23.77;78.9;10.07;
2021-07-23 02:00:00;0.0;0.0;0.0;23.71;78.9;9.17;
2021-07-23 03:00:00;0.0;0.0;0.0;23.58;81.5;8.0;
2021-07-23 04:00:00;0.0;0.0;0.0;23.39;81.5;7.31;
2021-07-23 05:00:00;90.0;108.19;70.0;23.06;84.25;6.76;
2021-07-23 06:00:00;223.0;164.38;161.0;22.83;84.25;6.28;
2021-07-23 07:00:00;472.0;544.6;168.0;22.9;84.25;5.45;
2021-07-23 08:00:00;647.0;642.8;187.0;23.01;84.25;4.83;
2021-07-23 09:00:00;808.0;769.06;163.0;23.14;78.85;4.48;
2021-07-23 10:00:00;833.0;603.91;278.0;23.17;81.5;4.07;
2021-07-23 11:00:00;887.0;663.41;256.0;23.34;81.5;4.55;
2021-07-23 12:00:00;813.0;523.12;325.0;23.52;81.5;5.17;
2021-07-23 13:00:00;816.0;705.99;205.0;23.74;78.9;5.86;
2021-07-23 14:00:00;720.0;760.48;147.0;23.84;78.9;6.14;
2021-07-23 15:00:00;544.0;658.32;146.0;23.9;78.9;6.0;
2021-07-23 16:00:00;352.0;526.94;126.0;23.94;78.9;5.45;
2021-07-23 17:00:00;173.0;411.07;75.0;23.95;81.55;4.97;
2021-07-23 18:00:00;17.0;65.08;14.0;23.89;81.55;4.48;
2021-07-23 19:00:00;0.0;0.0;0.0;23.8;81.55;3.93;
2021-07-23 20:00:00;0.0;0.0;0.0;23.77;84.35;3.45;
2021-07-23 21:00:00;0.0;0.0;0.0;23.73;84.35;3.17;
2021-07-23 22:00:00;0.0;0.0;0.0;23.67;84.35;2.9;
2021-07-23 23:00:00;0.0;0.0;0.0;23.66;84.35;2.34;
2021-07-24 00:00:00;0.0;0.0;0.0;23.61;87.1;1.86;
2021-07-24 01:00:00;0.0;0.0;0.0;23.58;87.1;1.79;
2021-07-24 02:00:00;0.0;0.0;0.0;23.55;90.05;2.0;
2021-07-24 03:00:00;0.0;0.0;0.0;23.55;90.05;2.48;
2021-07-24 04:00:00;0.0;0.0;0.0;23.56;90.05;2.97;
2021-07-24 05:00:00;122.0;339.44;60.0;23.55;90.05;3.24;
2021-07-24 06:00:00;310.0;551.68;103.0;23.47;90.05;3.45;
2021-07-24 07:00:00;514.0;708.0;120.0;23.41;87.1;3.72;
2021-07-24 08:00:00;690.0;777.17;135.0;23.4;87.1;3.86;
2021-07-24 09:00:00;838.0;837.14;137.0;23.37;87.1;3.86;
2021-07-24 10:00:00;929.0;854.19;145.0;23.51;87.1;3.24;
2021-07-24 11:00:00;973.0;876.82;140.0;23.55;87.1;2.83;
2021-07-24 12:00:00;946.0;859.67;145.0;23.56;87.1;2.76;
2021-07-24 13:00:00;875.0;858.52;133.0;23.6;87.1;2.55;
2021-07-24 14:00:00;735.0;793.7;138.0;23.66;84.35;2.62;
2021-07-24 15:00:00;561.0;714.65;130.0;23.69;84.35;2.41;
2021-07-24 16:00:00;369.0;608.63;109.0;23.74;84.35;1.93;
2021-07-24 17:00:00;175.0;431.36;73.0;23.77;81.55;1.38;
2021-07-24 18:00:00;16.0;68.35;13.0;23.69;81.55;0.55;
2021-07-24 19:00:00;0.0;0.0;0.0;23.59;87.1;0.62;
2021-07-24 20:00:00;0.0;0.0;0.0;23.5;87.1;1.17;
2021-07-24 21:00:00;0.0;0.0;0.0;23.43;87.1;1.72;
2021-07-24 22:00:00;0.0;0.0;0.0;23.34;78.85;2.0;
2021-07-24 23:00:00;0.0;0.0;0.0;23.38;81.5;1.52;
2021-07-25 00:00:00;0.0;0.0;0.0;23.35;81.5;0.9;
2021-07-25 01:00:00;0.0;0.0;0.0;23.31;84.25;0.69;
2021-07-25 02:00:00;0.0;0.0;0.0;23.3;84.25;1.17;
2021-07-25 03:00:00;0.0;0.0;0.0;23.33;84.25;1.38;
2021-07-25 04:00:00;0.0;0.0;0.0;23.4;81.5;1.03;
2021-07-25 05:00:00;111.0;249.42;66.0;23.41;84.25;2.07;
2021-07-25 06:00:00;293.0;460.83;121.0;23.32;84.25;3.03;
2021-07-25 07:00:00;495.0;643.52;138.0;23.35;87.1;3.59;
2021-07-25 08:00:00;665.0;703.05;164.0;23.59;84.25;3.66;
2021-07-25 09:00:00;790.0;705.71;200.0;23.84;81.55;2.9;
2021-07-25 10:00:00;886.0;744.04;204.0;24.11;84.35;2.69;
2021-07-25 11:00:00;949.0;827.3;164.0;24.04;84.35;3.03;
2021-07-25 12:00:00;928.0;822.05;163.0;23.95;84.35;2.76;
2021-07-25 13:00:00;844.0;786.76;165.0;23.96;81.55;2.69;
2021-07-25 14:00:00;708.0;717.9;169.0;23.97;81.55;2.14;
2021-07-25 15:00:00;537.0;630.06;158.0;24.03;84.35;1.93;
2021-07-25 16:00:00;337.0;458.38;142.0;24.18;84.35;2.76;
2021-07-25 17:00:00;156.0;302.87;85.0;24.22;87.2;3.03;
2021-07-25 18:00:00;9.0;0.0;9.0;24.2;90.1;3.52;
2021-07-25 19:00:00;0.0;0.0;0.0;24.3;90.1;4.83;
2021-07-25 20:00:00;0.0;0.0;0.0;24.31;90.1;4.97;
2021-07-25 21:00:00;0.0;0.0;0.0;24.31;87.2;4.76;
2021-07-25 22:00:00;0.0;0.0;0.0;24.56;84.35;4.07;
2021-07-25 23:00:00;0.0;0.0;0.0;24.49;84.35;4.55;
2021-07-26 00:00:00;0.0;0.0;0.0;24.49;81.65;5.93;
2021-07-26 01:00:00;0.0;0.0;0.0;24.53;81.65;7.86;
2021-07-26 02:00:00;0.0;0.0;0.0;24.51;81.65;9.1;
2021-07-26 03:00:00;0.0;0.0;0.0;24.41;84.35;9.59;
2021-07-26 04:00:00;0.0;0.0;0.0;24.39;84.35;10.07;
2021-07-26 05:00:00;112.0;275.05;63.0;24.36;81.65;10.69;
2021-07-26 06:00:00;150.0;26.94;140.0;24.47;81.65;10.9;
2021-07-26 07:00:00;418.0;361.66;218.0;24.57;84.35;11.38;
2021-07-26 08:00:00;630.0;596.28;206.0;24.53;84.35;11.79;
2021-07-26 09:00:00;780.0;685.3;208.0;24.45;87.2;12.21;
2021-07-26 10:00:00;874.0;723.21;212.0;24.89;84.4;10.83;
2021-07-26 11:00:00;921.0;761.87;199.0;24.86;84.4;10.62;
2021-07-26 12:00:00;895.0;742.43;205.0;24.92;87.25;10.76;
2021-07-26 13:00:00;810.0;693.94;212.0;25.1;87.25;10.69;
2021-07-26 14:00:00;380.0;57.38;337.0;25.11;90.15;9.79;
2021-07-26 15:00:00;382.0;180.03;274.0;24.96;90.15;8.28;
2021-07-26 16:00:00;269.0;205.41;182.0;24.82;93.15;6.76;
2021-07-26 17:00:00;119.0;111.92;93.0;24.72;93.15;5.72;
2021-07-26 18:00:00;9.0;0.0;9.0;24.67;93.15;5.24;
2021-07-26 19:00:00;0.0;0.0;0.0;24.67;93.15;5.31;
2021-07-26 20:00:00;0.0;0.0;0.0;24.7;90.15;5.38;
2021-07-26 21:00:00;0.0;0.0;0.0;24.71;90.15;5.1;
2021-07-26 22:00:00;0.0;0.0;0.0;24.69;87.25;4.83;
2021-07-26 23:00:00;0.0;0.0;0.0;24.75;87.25;3.79;
2021-07-27 00:00:00;0.0;0.0;0.0;24.68;87.25;2.62;
2021-07-27 01:00:00;0.0;0.0;0.0;24.63;90.1;2.28;
2021-07-27 02:00:00;0.0;0.0;0.0;24.58;90.1;2.62;
2021-07-27 03:00:00;0.0;0.0;0.0;24.51;90.1;2.41;
2021-07-27 04:00:00;0.0;0.0;0.0;24.44;90.1;2.21;
2021-07-27 05:00:00;110.0;272.95;62.0;24.41;90.1;2.07;
2021-07-27 06:00:00;300.0;520.04;108.0;24.28;90.1;1.93;
2021-07-27 07:00:00;504.0;687.56;125.0;24.15;90.1;2.0;
2021-07-27 08:00:00;679.0;755.46;143.0;24.17;90.1;1.86;
2021-07-27 09:00:00;830.0;825.66;142.0;24.23;90.1;2.21;
2021-07-27 10:00:00;926.0;854.41;145.0;24.47;90.1;2.97;
2021-07-27 11:00:00;960.0;853.73;152.0;24.61;87.2;3.72;
2021-07-27 12:00:00;938.0;847.95;151.0;24.78;81.7;4.41;
2021-07-27 13:00:00;863.0;836.83;143.0;24.87;79.05;4.97;
2021-07-27 14:00:00;727.0;782.24;142.0;24.8;79.05;4.97;
2021-07-27 15:00:00;551.0;695.43;135.0;24.75;79.05;4.76;
2021-07-27 16:00:00;358.0;581.14;113.0;24.63;84.35;4.9;
2021-07-27 17:00:00;165.0;391.15;75.0;24.6;84.35;5.03;
2021-07-27 18:00:00;9.0;0.0;9.0;24.67;84.4;5.17;
2021-07-27 19:00:00;0.0;0.0;0.0;24.8;84.4;5.31;
2021-07-27 20:00:00;0.0;0.0;0.0;25.09;81.7;5.52;
2021-07-27 21:00:00;0.0;0.0;0.0;25.38;79.1;6.0;
2021-07-27 22:00:00;0.0;0.0;0.0;25.63;76.5;7.1;
2021-07-27 23:00:00;0.0;0.0;0.0;25.65;74.0;7.79;
2021-07-28 00:00:00;0.0;0.0;0.0;25.55;74.0;8.21;
2021-07-28 01:00:00;0.0;0.0;0.0;25.32;74.0;8.07;
2021-07-28 02:00:00;0.0;0.0;0.0;25.03;79.05;7.72;
2021-07-28 03:00:00;0.0;0.0;0.0;24.81;79.05;7.45;
2021-07-28 04:00:00;0.0;0.0;0.0;24.67;81.7;6.83;
2021-07-28 05:00:00;115.0;328.45;58.0;24.61;84.35;6.0;
2021-07-28 06:00:00;306.0;558.35;101.0;24.53;87.2;5.1;
2021-07-28 07:00:00;509.0;706.2;121.0;24.49;87.2;4.21;
2021-07-28 08:00:00;687.0;775.51;138.0;24.49;87.2;3.38;
2021-07-28 09:00:00;818.0;788.61;162.0;24.47;87.2;2.83;
2021-07-28 10:00:00;808.0;533.54;321.0;24.41;84.35;2.83;
2021-07-28 11:00:00;863.0;588.27;307.0;24.43;84.35;2.97;
2021-07-28 12:00:00;818.0;524.38;332.0;24.47;81.65;3.03;
2021-07-28 13:00:00;790.0;619.35;258.0;24.53;81.65;2.83;
2021-07-28 14:00:00;704.0;700.81;181.0;24.6;81.65;2.55;
2021-07-28 15:00:00;560.0;722.67;129.0;24.63;78.95;2.69;
2021-07-28 16:00:00;366.0;614.94;108.0;24.58;78.95;2.97;
2021-07-28 17:00:00;168.0;425.83;71.0;24.51;81.65;3.1;
2021-07-28 18:00:00;9.0;0.0;9.0;24.41;81.65;2.76;
2021-07-28 19:00:00;0.0;0.0;0.0;24.31;81.65;2.21;
2021-07-28 20:00:00;0.0;0.0;0.0;24.24;81.65;1.86;
2021-07-28 21:00:00;0.0;0.0;0.0;24.17;81.65;1.93;
2021-07-28 22:00:00;0.0;0.0;0.0;24.07;76.3;2.41;
2021-07-28 23:00:00;0.0;0.0;0.0;24.18;73.85;2.76;
2021-07-29 00:00:00;0.0;0.0;0.0;24.2;73.85;1.93;
2021-07-29 01:00:00;0.0;0.0;0.0;24.15;73.85;2.0;
2021-07-29 02:00:00;0.0;0.0;0.0;24.03;78.9;2.55;
2021-07-29 03:00:00;0.0;0.0;0.0;23.95;78.9;1.45;
2021-07-29 04:00:00;0.0;0.0;0.0;23.99;81.55;1.79;
2021-07-29 05:00:00;98.0;204.43;63.0;24.04;81.55;3.31;
2021-07-29 06:00:00;280.0;435.52;121.0;23.95;81.55;4.0;
2021-07-29 07:00:00;477.0;600.81;148.0;23.87;84.35;4.83;
2021-07-29 08:00:00;645.0;656.94;181.0;23.93;84.35;5.52;
2021-07-29 09:00:00;799.0;757.47;170.0;24.08;84.35;6.41;
2021-07-29 10:00:00;897.0;798.76;169.0;24.24;81.65;8.0;
2021-07-29 11:00:00;940.0;823.25;163.0;24.38;84.35;8.9;
2021-07-29 12:00:00;914.0;803.95;170.0;24.52;81.65;9.17;
2021-07-29 13:00:00;831.0;767.35;173.0;24.65;81.7;9.52;
2021-07-29 14:00:00;638.0;517.04;253.0;24.75;81.7;9.59;
2021-07-29 15:00:00;502.0;523.1;191.0;24.85;81.7;9.52;
2021-07-29 16:00:00;317.0;397.67;151.0;25.06;81.7;9.38;
2021-07-29 17:00:00;149.0;297.25;82.0;25.12;81.7;9.31;
2021-07-29 18:00:00;8.0;0.0;8.0;25.1;81.7;9.38;
2021-07-29 19:00:00;0.0;0.0;0.0;25.1;84.4;8.69;
2021-07-29 20:00:00;0.0;0.0;0.0;24.97;87.25;7.24;
2021-07-29 21:00:00;0.0;0.0;0.0;24.88;87.25;7.31;
2021-07-29 22:00:00;0.0;0.0;0.0;24.61;90.1;7.45;
2021-07-29 23:00:00;0.0;0.0;0.0;24.58;87.2;7.59;
2021-07-30 00:00:00;0.0;0.0;0.0;24.68;81.7;8.21;
2021-07-30 01:00:00;0.0;0.0;0.0;24.53;81.65;8.21;
2021-07-30 02:00:00;0.0;0.0;0.0;23.91;81.55;8.9;
2021-07-30 03:00:00;0.0;0.0;0.0;23.51;81.5;9.24;
2021-07-30 04:00:00;0.0;0.0;0.0;23.33;73.7;9.38;
2021-07-30 05:00:00;22.0;0.0;22.0;23.11;71.15;9.59;
2021-07-30 06:00:00;245.0;272.73;146.0;22.93;71.15;9.52;
2021-07-30 07:00:00;250.0;40.31;228.0;22.9;71.15;9.45;
2021-07-30 08:00:00;654.0;696.78;163.0;23.0;73.6;9.17;
2021-07-30 09:00:00;738.0;574.25;262.0;23.15;71.25;9.1;
2021-07-30 10:00:00;799.0;534.06;313.0;23.26;68.85;9.66;
2021-07-30 11:00:00;944.0;833.99;158.0;23.41;68.85;9.72;
2021-07-30 12:00:00;928.0;839.81;152.0;23.53;71.25;9.52;
2021-07-30 13:00:00;830.0;766.4;174.0;23.78;68.95;9.45;
2021-07-30 14:00:00;717.0;773.99;142.0;24.21;64.5;9.03;
2021-07-30 15:00:00;544.0;693.57;133.0;24.57;66.75;8.55;
2021-07-30 16:00:00;354.0;592.45;108.0;24.49;71.4;8.07;
2021-07-30 17:00:00;159.0;390.28;72.0;24.42;76.35;8.55;
2021-07-30 18:00:00;6.0;0.0;6.0;24.39;76.35;9.45;
2021-07-30 19:00:00;0.0;0.0;0.0;24.35;76.35;10.0;
2021-07-30 20:00:00;0.0;0.0;0.0;24.27;78.95;9.86;
2021-07-30 21:00:00;0.0;0.0;0.0;24.25;78.95;9.79;
2021-07-30 22:00:00;0.0;0.0;0.0;24.13;81.55;10.21;
2021-07-30 23:00:00;0.0;0.0;0.0;24.1;78.9;9.93;
2021-07-31 00:00:00;0.0;0.0;0.0;24.03;76.3;9.86;
2021-07-31 01:00:00;0.0;0.0;0.0;23.93;76.3;9.79;
2021-07-31 02:00:00;0.0;0.0;0.0;23.86;76.3;9.72;
2021-07-31 03:00:00;0.0;0.0;0.0;23.85;76.3;9.59;
2021-07-31 04:00:00;0.0;0.0;0.0;23.83;76.3;9.17;
2021-07-31 05:00:00;72.0;66.08;61.0;23.84;76.3;9.03;
2021-07-31 06:00:00;221.0;188.43;153.0;23.83;76.3;8.69;
2021-07-31 07:00:00;482.0;636.16;136.0;23.88;76.3;8.41;
2021-07-31 08:00:00;600.0;516.35;237.0;23.95;76.3;8.14;
2021-07-31 09:00:00;603.0;270.73;379.0;24.04;76.3;7.93;
2021-07-31 10:00:00;751.0;424.83;365.0;24.07;76.3;7.66;
2021-07-31 11:00:00;863.0;615.28;284.0;24.25;73.85;7.17;
2021-07-31 12:00:00;690.0;290.5;422.0;24.39;73.85;6.97;
2021-07-31 13:00:00;815.0;724.53;196.0;24.39;76.35;6.97;
2021-07-31 14:00:00;716.0;774.51;142.0;24.38;78.95;7.03;
2021-07-31 15:00:00;519.0;599.43;165.0;24.38;81.65;6.41;
2021-07-31 16:00:00;347.0;569.1;112.0;24.58;85.53;5.58;
2021-07-31 17:00:00;151.0;340.37;76.0;24.54;85.56;5.29;
2021-07-31 18:00:00;6.0;0.0;6.0;24.5;85.59;5.01;
2021-07-31 19:00:00;0.0;0.0;0.0;24.46;85.62;4.73;
2021-07-31 20:00:00;0.0;0.0;0.0;24.42;85.66;4.44;
2021-07-31 21:00:00;0.0;0.0;0.0;24.38;85.69;4.16;
2021-07-31 22:00:00;0.0;0.0;0.0;24.34;85.72;3.88;
2021-07-31 23:00:00;0.0;0.0;0.0;24.3;85.75;3.59;
2021-08-01 00:00:00;0.0;0.0;0.0;24.26;85.78;3.31;
2021-08-01 01:00:00;0.0;0.0;0.0;24.22;85.81;3.03;
2021-08-01 02:00:00;0.0;0.0;0.0;24.18;85.84;2.74;
2021-08-01 03:00:00;0.0;0.0;0.0;24.14;85.87;2.46;
2021-08-01 04:00:00;0.0;0.0;0.0;24.1;85.9;2.18;
2021-08-01 05:00:00;113.0;365.72;53.0;24.06;85.93;1.9;
2021-08-01 06:00:00;300.0;565.85;97.0;24.02;85.96;1.61;
2021-08-01 07:00:00;498.0;695.57;121.0;23.98;85.99;1.33;
2021-08-01 08:00:00;679.0;775.67;135.0;23.87;84.35;1.86;
2021-08-01 09:00:00;820.0;816.12;146.0;23.93;84.35;1.66;
2021-08-01 10:00:00;921.0;855.45;145.0;24.02;81.55;1.38;
2021-08-01 11:00:00;960.0;866.35;146.0;24.16;78.95;1.59;
2021-08-01 12:00:00;938.0;861.01;145.0;24.33;78.95;1.93;
2021-08-01 13:00:00;857.0;837.36;143.0;24.46;78.95;2.28;
2021-08-01 14:00:00;728.0;804.87;133.0;24.61;78.95;2.48;
2021-08-01 15:00:00;554.0;732.43;123.0;24.68;76.45;2.55;
2021-08-01 16:00:00;358.0;618.67;104.0;24.61;78.95;2.41;
2021-08-01 17:00:00;164.0;445.58;67.0;24.49;78.95;2.28;
2021-08-01 18:00:00;4.0;0.0;4.0;24.39;81.65;2.0;
2021-08-01 19:00:00;0.0;0.0;0.0;24.29;81.65;1.66;
2021-08-01 20:00:00;0.0;0.0;0.0;24.24;81.65;1.31;
2021-08-01 21:00:00;0.0;0.0;0.0;24.14;81.65;1.03;
2021-08-01 22:00:00;0.0;0.0;0.0;24.07;78.9;1.24;
2021-08-01 23:00:00;0.0;0.0;0.0;23.97;78.9;1.45;
2021-08-02 00:00:00;0.0;0.0;0.0;23.94;76.3;1.45;
2021-08-02 01:00:00;0.0;0.0;0.0;23.83;76.3;1.03;
2021-08-02 02:00:00;0.0;0.0;0.0;23.75;76.3;0.48;
2021-08-02 03:00:00;0.0;0.0;0.0;23.64;78.9;0.14;
2021-08-02 04:00:00;0.0;0.0;0.0;23.55;81.5;0.14;
2021-08-02 05:00:00;108.0;340.27;53.0;23.51;81.5;1.03;
2021-08-02 06:00:00;297.0;558.04;98.0;23.45;81.5;1.72;
2021-08-02 07:00:00;494.0;686.91;123.0;23.42;81.5;2.69;
2021-08-02 08:00:00;671.0;756.13;142.0;23.55;81.5;3.59;
2021-08-02 09:00:00;810.0;794.62;155.0;23.87;78.9;4.14;
2021-08-02 10:00:00;905.0;822.64;160.0;24.03;81.55;4.55;
2021-08-02 11:00:00;603.0;150.31;462.0;24.42;81.65;4.41;
2021-08-02 12:00:00;693.0;292.57;424.0;24.61;81.65;4.55;
2021-08-02 13:00:00;833.0;776.78;172.0;24.55;84.35;1.79;
2021-08-02 14:00:00;711.0;762.22;149.0;24.29;84.35;0.34;
2021-08-02 15:00:00;535.0;670.34;142.0;24.12;87.15;0.9;
2021-08-02 16:00:00;340.0;543.99;118.0;24.17;84.35;0.48;
2021-08-02 17:00:00;150.0;358.22;73.0;24.37;87.2;0.34;
2021-08-02 18:00:00;0.0;0.0;0.0;24.49;87.2;0.28;
2021-08-02 19:00:00;0.0;0.0;0.0;24.52;87.2;0.62;
2021-08-02 20:00:00;0.0;0.0;0.0;24.38;87.2;0.48;
2021-08-02 21:00:00;0.0;0.0;0.0;24.23;90.1;1.59;
2021-08-02 22:00:00;0.0;0.0;0.0;24.11;93.1;3.72;
2021-08-02 23:00:00;0.0;0.0;0.0;24.23;87.2;4.28;
2021-08-03 00:00:00;0.0;0.0;0.0;24.32;84.35;4.28;
2021-08-03 01:00:00;0.0;0.0;0.0;24.33;78.95;4.41;
2021-08-03 02:00:00;0.0;0.0;0.0;24.42;76.35;4.55;
2021-08-03 03:00:00;0.0;0.0;0.0;24.49;76.35;5.31;
2021-08-03 04:00:00;0.0;0.0;0.0;24.5;76.35;5.79;
2021-08-03 05:00:00;60.0;37.69;54.0;24.49;76.35;5.93;
2021-08-03 06:00:00;230.0;234.17;147.0;24.43;76.35;6.34;
2021-08-03 07:00:00;283.0;79.9;240.0;24.42;78.95;6.34;
2021-08-03 08:00:00;644.0;673.46;174.0;24.51;76.35;5.93;
2021-08-03 09:00:00;787.0;732.96;184.0;24.58;78.95;5.38;
2021-08-03 10:00:00;895.0;804.13;168.0;24.56;84.35;5.38;
2021-08-03 11:00:00;944.0;839.28;158.0;24.35;84.35;5.24;
2021-08-03 12:00:00;922.0;833.53;157.0;24.33;87.2;5.1;
2021-08-03 13:00:00;837.0;799.62;158.0;24.32;87.2;4.97;
2021-08-03 14:00:00;713.0;777.91;141.0;24.39;90.1;4.97;
2021-08-03 15:00:00;536.0;688.35;134.0;24.45;93.1;4.69;
2021-08-03 16:00:00;329.0;498.09;127.0;24.54;93.1;4.34;
2021-08-03 17:00:00;137.0;273.43;79.0;24.66;90.15;4.0;
2021-08-03 18:00:00;0.0;0.0;0.0;24.7;90.15;3.45;
2021-08-03 19:00:00;0.0;0.0;0.0;24.71;90.15;2.76;
2021-08-03 20:00:00;0.0;0.0;0.0;24.68;93.15;2.21;
2021-08-03 21:00:00;0.0;0.0;0.0;24.62;93.1;1.86;
2021-08-03 22:00:00;0.0;0.0;0.0;24.42;90.1;2.83;
2021-08-03 23:00:00;0.0;0.0;0.0;24.3;90.1;2.83;
2021-08-04 00:00:00;0.0;0.0;0.0;24.27;90.1;3.45;
2021-08-04 01:00:00;0.0;0.0;0.0;24.25;93.1;4.0;
2021-08-04 02:00:00;0.0;0.0;0.0;24.17;93.1;4.07;
2021-08-04 03:00:00;0.0;0.0;0.0;24.14;93.1;3.72;
2021-08-04 04:00:00;0.0;0.0;0.0;24.08;93.1;3.59;
2021-08-04 05:00:00;96.0;261.58;55.0;24.06;93.1;3.45;
2021-08-04 06:00:00;283.0;502.48;106.0;24.05;93.1;3.45;
2021-08-04 07:00:00;480.0;643.38;135.0;24.11;93.1;3.72;
2021-08-04 08:00:00;664.0;745.55;145.0;24.19;87.2;4.21;
2021-08-04 09:00:00;813.0;806.27;151.0;24.28;87.2;4.69;
2021-08-04 10:00:00;909.0;834.34;156.0;24.17;84.35;4.97;
2021-08-04 11:00:00;942.0;834.3;162.0;24.3;84.35;5.17;
2021-08-04 12:00:00;920.0;828.53;161.0;24.41;84.35;5.72;
2021-08-04 13:00:00;835.0;791.94;164.0;24.49;84.35;6.07;
2021-08-04 14:00:00;696.0;722.84;166.0;24.55;84.35;6.41;
2021-08-04 15:00:00;531.0;670.5;141.0;24.62;87.2;6.48;
2021-08-04 16:00:00;342.0;575.79;110.0;24.71;84.4;6.62;
2021-08-04 17:00:00;145.0;348.96;72.0;24.81;87.25;6.14;
2021-08-04 18:00:00;0.0;0.0;0.0;24.83;87.25;5.45;
2021-08-04 19:00:00;0.0;0.0;0.0;24.78;87.25;5.03;
2021-08-04 20:00:00;0.0;0.0;0.0;24.77;87.25;4.83;
2021-08-04 21:00:00;0.0;0.0;0.0;24.75;87.25;4.41;
2021-08-04 22:00:00;0.0;0.0;0.0;24.55;87.2;4.28;
2021-08-04 23:00:00;0.0;0.0;0.0;24.42;87.2;4.55;
2021-08-05 00:00:00;0.0;0.0;0.0;24.34;87.2;5.31;
2021-08-05 01:00:00;0.0;0.0;0.0;24.26;87.2;6.28;
2021-08-05 02:00:00;0.0;0.0;0.0;24.23;87.2;7.24;
2021-08-05 03:00:00;0.0;0.0;0.0;24.2;87.2;7.59;
2021-08-05 04:00:00;0.0;0.0;0.0;24.19;87.2;7.1;
2021-08-05 05:00:00;58.0;38.89;52.0;24.17;87.2;6.41;
2021-08-05 06:00:00;250.0;334.23;133.0;24.16;87.2;5.38;
2021-08-05 07:00:00;457.0;557.77;159.0;24.18;87.2;4.48;
2021-08-05 08:00:00;644.0;686.97;167.0;24.24;84.35;3.86;
2021-08-05 09:00:00;785.0;733.46;184.0;24.36;84.35;3.52;
2021-08-05 10:00:00;883.0;773.68;186.0;24.38;84.35;3.66;
2021-08-05 11:00:00;925.0;799.34;179.0;24.43;84.35;4.28;
2021-08-05 12:00:00;904.0;794.02;178.0;24.54;84.35;4.97;
2021-08-05 13:00:00;833.0;799.66;157.0;24.72;81.7;5.24;
2021-08-05 14:00:00;713.0;787.89;137.0;24.9;81.7;5.17;
2021-08-05 15:00:00;534.0;697.48;130.0;25.05;81.7;5.1;
2021-08-05 16:00:00;342.0;592.2;105.0;25.09;84.4;4.83;
2021-08-05 17:00:00;149.0;402.54;66.0;25.06;84.4;3.93;
2021-08-05 18:00:00;0.0;0.0;0.0;24.98;87.25;2.97;
2021-08-05 19:00:00;0.0;0.0;0.0;24.91;87.25;3.24;
2021-08-05 20:00:00;0.0;0.0;0.0;24.87;90.15;3.86;
2021-08-05 21:00:00;0.0;0.0;0.0;24.83;90.15;3.72;
2021-08-05 22:00:00;0.0;0.0;0.0;24.79;84.4;2.62;
2021-08-05 23:00:00;0.0;0.0;0.0;24.81;84.4;1.79;
2021-08-06 00:00:00;0.0;0.0;0.0;24.84;81.7;1.24;
2021-08-06 01:00:00;0.0;0.0;0.0;24.79;81.7;0.97;
2021-08-06 02:00:00;0.0;0.0;0.0;24.71;81.7;1.24;
2021-08-06 03:00:00;0.0;0.0;0.0;24.6;84.35;1.45;
2021-08-06 04:00:00;0.0;0.0;0.0;24.53;84.35;1.45;
2021-08-06 05:00:00;95.0;283.3;52.0;24.52;84.35;0.83;
2021-08-06 06:00:00;283.0;526.1;100.0;24.46;84.35;0.48;
2021-08-06 07:00:00;480.0;663.18;127.0;24.44;87.2;0.55;
2021-08-06 08:00:00;662.0;752.29;141.0;24.57;87.2;1.66;
2021-08-06 09:00:00;811.0;813.25;146.0;24.72;84.4;2.83;
2021-08-06 10:00:00;898.0;820.69;160.0;24.9;81.7;4.69;
2021-08-06 11:00:00;936.0;830.85;162.0;25.04;81.7;5.86;
2021-08-06 12:00:00;904.0;795.6;178.0;25.08;81.7;6.41;
2021-08-06 13:00:00;824.0;774.28;171.0;25.12;81.7;6.55;
2021-08-06 14:00:00;678.0;677.79;184.0;25.17;79.1;6.62;
2021-08-06 15:00:00;533.0;698.77;130.0;25.2;79.1;6.69;
2021-08-06 16:00:00;339.0;586.3;106.0;25.23;76.5;6.69;
2021-08-06 17:00:00;146.0;398.83;65.0;25.2;74.0;6.62;
2021-08-06 18:00:00;0.0;0.0;0.0;25.12;76.45;6.55;
2021-08-06 19:00:00;0.0;0.0;0.0;25.05;76.45;6.34;
2021-08-06 20:00:00;0.0;0.0;0.0;25.03;73.95;5.93;
2021-08-06 21:00:00;0.0;0.0;0.0;24.96;76.45;5.45;
2021-08-06 22:00:00;0.0;0.0;0.0;24.85;73.95;4.9;
2021-08-06 23:00:00;0.0;0.0;0.0;24.8;73.95;4.76;
2021-08-07 00:00:00;0.0;0.0;0.0;24.78;73.95;4.83;
2021-08-07 01:00:00;0.0;0.0;0.0;24.71;73.95;5.17;
2021-08-07 02:00:00;0.0;0.0;0.0;24.69;76.45;5.59;
2021-08-07 03:00:00;0.0;0.0;0.0;24.67;76.45;5.72;
2021-08-07 04:00:00;0.0;0.0;0.0;24.65;76.45;5.52;
2021-08-07 05:00:00;95.0;301.45;50.0;24.66;76.45;5.38;
2021-08-07 06:00:00;283.0;538.18;97.0;24.71;76.45;5.31;
2021-08-07 07:00:00;479.0;667.56;125.0;24.8;79.05;5.17;
2021-08-07 08:00:00;663.0;760.07;138.0;24.89;79.05;5.31;
2021-08-07 09:00:00;808.0;811.29;146.0;24.96;79.05;5.38;
2021-08-07 10:00:00;899.0;828.93;155.0;25.1;81.7;5.31;
2021-08-07 11:00:00;922.0;799.07;179.0;25.16;79.1;5.45;
2021-08-07 12:00:00;920.0;845.55;150.0;25.19;79.1;5.38;
2021-08-07 13:00:00;834.0;810.64;152.0;25.23;79.1;5.1;
2021-08-07 14:00:00;701.0;766.66;144.0;25.27;81.75;4.97;
2021-08-07 15:00:00;501.0;578.26;169.0;25.21;81.75;4.83;
2021-08-07 16:00:00;337.0;588.05;105.0;25.15;81.75;4.76;
2021-08-07 17:00:00;145.0;405.17;64.0;25.06;84.4;4.76;
2021-08-07 18:00:00;0.0;0.0;0.0;25.0;84.4;4.55;
2021-08-07 19:00:00;0.0;0.0;0.0;24.93;81.7;3.93;
2021-08-07 20:00:00;0.0;0.0;0.0;24.83;81.7;3.59;
2021-08-07 21:00:00;0.0;0.0;0.0;24.73;81.7;3.59;
2021-08-07 22:00:00;0.0;0.0;0.0;24.54;78.95;3.31;
2021-08-07 23:00:00;0.0;0.0;0.0;24.5;78.95;2.76;
2021-08-08 00:00:00;0.0;0.0;0.0;24.44;78.95;2.07;
2021-08-08 01:00:00;0.0;0.0;0.0;24.36;78.95;1.59;
2021-08-08 02:00:00;0.0;0.0;0.0;24.32;78.95;1.31;
2021-08-08 03:00:00;0.0;0.0;0.0;24.24;78.95;1.45;
2021-08-08 04:00:00;0.0;0.0;0.0;24.18;78.95;1.52;
2021-08-08 05:00:00;89.0;265.74;50.0;24.19;78.95;1.38;
2021-08-08 06:00:00;279.0;530.05;97.0;24.07;81.55;1.38;
2021-08-08 07:00:00;477.0;670.11;123.0;24.01;81.55;1.17;
2021-08-08 08:00:00;658.0;753.4;139.0;23.98;84.35;0.9;
2021-08-08 09:00:00;803.0;805.66;147.0;23.98;84.35;0.69;
2021-08-08 10:00:00;894.0;823.84;156.0;24.14;81.65;0.69;
2021-08-08 11:00:00;932.0;835.1;157.0;24.15;81.65;0.07;
2021-08-08 12:00:00;915.0;839.64;152.0;24.34;81.65;1.1;
2021-08-08 13:00:00;837.0;827.0;143.0;24.66;76.45;2.28;
2021-08-08 14:00:00;703.0;781.6;137.0;24.9;76.45;3.31;
2021-08-08 15:00:00;530.0;706.94;126.0;24.98;79.05;3.72;
2021-08-08 16:00:00;338.0;605.28;101.0;25.01;79.05;3.86;
2021-08-08 17:00:00;141.0;396.64;63.0;25.06;81.7;3.93;
2021-08-08 18:00:00;0.0;0.0;0.0;25.15;79.1;3.86;
2021-08-08 19:00:00;0.0;0.0;0.0;25.32;79.1;3.86;
2021-08-08 20:00:00;0.0;0.0;0.0;25.45;79.1;4.0;
2021-08-08 21:00:00;0.0;0.0;0.0;25.5;79.1;3.93;
2021-08-08 22:00:00;0.0;0.0;0.0;25.25;76.5;4.14;
2021-08-08 23:00:00;0.0;0.0;0.0;25.25;76.5;3.86;
2021-08-09 00:00:00;0.0;0.0;0.0;25.21;76.5;3.86;
2021-08-09 01:00:00;0.0;0.0;0.0;25.18;76.5;3.79;
2021-08-09 02:00:00;0.0;0.0;0.0;25.14;79.05;3.17;
2021-08-09 03:00:00;0.0;0.0;0.0;25.0;81.7;2.62;
2021-08-09 04:00:00;0.0;0.0;0.0;24.87;81.7;2.69;
2021-08-09 05:00:00;86.0;242.67;51.0;24.77;81.7;2.97;
2021-08-09 06:00:00;279.0;536.5;96.0;24.63;84.35;3.17;
2021-08-09 07:00:00;437.0;501.68;173.0;24.53;84.35;3.38;
2021-08-09 08:00:00;617.0;611.35;197.0;24.42;84.35;3.59;
2021-08-09 09:00:00;797.0;790.2;155.0;24.39;84.35;3.79;
2021-08-09 10:00:00;907.0;852.32;145.0;24.51;84.35;4.55;
2021-08-09 11:00:00;940.0;851.87;151.0;24.56;84.35;4.48;
2021-08-09 12:00:00;922.0;856.92;145.0;24.58;84.35;4.41;
2021-08-09 13:00:00;840.0;832.75;143.0;24.62;84.35;3.86;
2021-08-09 14:00:00;709.0;798.12;133.0;24.6;84.35;3.17;
2021-08-09 15:00:00;533.0;722.67;122.0;24.57;84.35;2.55;
2021-08-09 16:00:00;337.0;610.04;100.0;24.63;84.35;2.0;
2021-08-09 17:00:00;138.0;388.0;63.0;24.68;81.7;1.79;
2021-08-09 18:00:00;0.0;0.0;0.0;24.64;87.2;1.79;
2021-08-09 19:00:00;0.0;0.0;0.0;24.62;87.2;1.72;
2021-08-09 20:00:00;0.0;0.0;0.0;24.66;87.25;1.93;
2021-08-09 21:00:00;0.0;0.0;0.0;24.68;87.25;2.34;
2021-08-09 22:00:00;0.0;0.0;0.0;24.82;87.25;3.1;
2021-08-09 23:00:00;0.0;0.0;0.0;24.73;87.25;3.59;
2021-08-10 00:00:00;0.0;0.0;0.0;24.66;84.4;4.21;
2021-08-10 01:00:00;0.0;0.0;0.0;24.58;87.2;4.9;
2021-08-10 02:00:00;0.0;0.0;0.0;24.52;87.2;5.24;
2021-08-10 03:00:00;0.0;0.0;0.0;24.46;87.2;5.52;
2021-08-10 04:00:00;0.0;0.0;0.0;24.42;87.2;5.93;
2021-08-10 05:00:00;79.0;197.62;51.0;24.38;87.2;6.28;
2021-08-10 06:00:00;231.0;280.38;136.0;24.31;87.2;6.48;
2021-08-10 07:00:00;426.0;455.95;187.0;24.3;87.2;6.83;
2021-08-10 08:00:00;655.0;745.88;144.0;24.38;87.2;7.1;
2021-08-10 09:00:00;760.0;671.08;216.0;24.53;84.35;7.31;
2021-08-10 10:00:00;871.0;749.82;202.0;24.79;81.7;7.79;
2021-08-10 11:00:00;918.0;789.79;188.0;24.64;87.2;7.31;
2021-08-10 12:00:00;915.0;840.07;155.0;24.54;87.2;6.83;
2021-08-10 13:00:00;833.0;817.04;151.0;24.51;87.2;6.62;
2021-08-10 14:00:00;695.0;761.99;147.0;24.56;90.1;6.48;
2021-08-10 15:00:00;491.0;560.17;174.0;24.63;90.1;6.14;
2021-08-10 16:00:00;316.0;513.8;118.0;24.75;87.25;5.52;
2021-08-10 17:00:00;116.0;226.48;73.0;24.82;87.25;5.03;
2021-08-10 18:00:00;0.0;0.0;0.0;24.93;90.15;4.76;
2021-08-10 19:00:00;0.0;0.0;0.0;25.02;90.15;4.76;
2021-08-10 20:00:00;0.0;0.0;0.0;25.08;90.15;5.03;
2021-08-10 21:00:00;0.0;0.0;0.0;25.05;90.15;5.59;
2021-08-10 22:00:00;0.0;0.0;0.0;24.82;90.15;6.62;
2021-08-10 23:00:00;0.0;0.0;0.0;24.82;90.15;6.9;
2021-08-11 00:00:00;0.0;0.0;0.0;24.82;90.15;6.97;
2021-08-11 01:00:00;0.0;0.0;0.0;24.82;90.15;7.03;
2021-08-11 02:00:00;0.0;0.0;0.0;24.8;90.15;7.1;
2021-08-11 03:00:00;0.0;0.0;0.0;24.79;90.15;7.24;
2021-08-11 04:00:00;0.0;0.0;0.0;24.8;90.15;7.66;
2021-08-11 05:00:00;59.0;64.69;50.0;24.83;90.15;7.93;
2021-08-11 06:00:00;159.0;62.4;138.0;24.85;90.15;8.07;
2021-08-11 07:00:00;334.0;187.7;236.0;24.87;90.15;8.48;
2021-08-11 08:00:00;562.0;450.84;254.0;24.99;90.15;8.69;
2021-08-11 09:00:00;700.0;515.59;283.0;25.04;90.15;8.83;
2021-08-11 10:00:00;851.0;712.07;217.0;24.99;90.15;8.9;
2021-08-11 11:00:00;863.0;654.84;259.0;24.94;93.15;8.76;
2021-08-11 12:00:00;842.0;649.25;256.0;25.0;93.15;8.55;
2021-08-11 13:00:00;734.0;545.42;280.0;25.09;93.15;8.34;
2021-08-11 14:00:00;645.0;608.46;209.0;25.17;90.2;8.0;
2021-08-11 15:00:00;488.0;571.94;166.0;25.25;90.2;7.52;
2021-08-11 16:00:00;301.0;455.32;127.0;25.35;90.2;7.17;
2021-08-11 17:00:00;119.0;273.68;68.0;25.4;90.2;6.97;
2021-08-11 18:00:00;0.0;0.0;0.0;25.43;90.2;6.9;
2021-08-11 19:00:00;0.0;0.0;0.0;25.45;90.2;6.83;
2021-08-11 20:00:00;0.0;0.0;0.0;25.47;90.2;6.41;
2021-08-11 21:00:00;0.0;0.0;0.0;25.4;90.2;6.21;
2021-08-11 22:00:00;0.0;0.0;0.0;25.26;93.15;6.48;
2021-08-11 23:00:00;0.0;0.0;0.0;25.27;93.15;6.41;
2021-08-12 00:00:00;0.0;0.0;0.0;25.27;93.15;6.21;
2021-08-12 01:00:00;0.0;0.0;0.0;25.25;90.2;6.07;
2021-08-12 02:00:00;0.0;0.0;0.0;25.22;90.2;6.0;
2021-08-12 03:00:00;0.0;0.0;0.0;25.18;90.2;5.72;
2021-08-12 04:00:00;0.0;0.0;0.0;25.18;90.2;5.38;
2021-08-12 05:00:00;66.0;109.84;51.0;25.18;90.2;4.83;
2021-08-12 06:00:00;155.0;56.85;136.0;25.18;90.2;4.28;
2021-08-12 07:00:00;341.0;205.77;234.0;25.14;93.15;4.21;
2021-08-12 08:00:00;517.0;331.75;291.0;25.14;93.15;4.62;
2021-08-12 09:00:00;743.0;638.25;228.0;25.14;93.15;4.97;
2021-08-12 10:00:00;847.0;702.34;223.0;25.1;93.15;5.17;
2021-08-12 11:00:00;844.0;605.2;287.0;25.13;93.15;5.31;
2021-08-12 12:00:00;808.0;563.07;301.0;25.15;93.15;5.1;
2021-08-12 13:00:00;761.0;620.49;246.0;25.17;90.2;4.69;
2021-08-12 14:00:00;677.0;725.61;159.0;25.16;90.2;3.93;
2021-08-12 15:00:00;504.0;642.85;144.0;25.18;90.2;3.1;
2021-08-12 16:00:00;313.0;533.19;111.0;25.22;90.2;2.48;
2021-08-12 17:00:00;122.0;322.84;63.0;25.21;93.15;2.14;
2021-08-12 18:00:00;0.0;0.0;0.0;25.13;96.2;2.14;
2021-08-12 19:00:00;0.0;0.0;0.0;25.08;96.2;2.41;
2021-08-12 20:00:00;0.0;0.0;0.0;25.08;96.2;2.97;
2021-08-12 21:00:00;0.0;0.0;0.0;25.09;96.2;3.31;
2021-08-12 22:00:00;0.0;0.0;0.0;24.91;96.2;3.93;
2021-08-12 23:00:00;0.0;0.0;0.0;24.88;96.2;3.93;
2021-08-13 00:00:00;0.0;0.0;0.0;24.78;96.2;4.0;
2021-08-13 01:00:00;0.0;0.0;0.0;24.68;96.2;3.86;
2021-08-13 02:00:00;0.0;0.0;0.0;24.48;99.4;4.28;
2021-08-13 03:00:00;0.0;0.0;0.0;24.24;96.2;5.1;
2021-08-13 04:00:00;0.0;0.0;0.0;24.06;99.4;5.72;
2021-08-13 05:00:00;59.0;82.1;48.0;24.12;99.4;6.21;
2021-08-13 06:00:00;207.0;207.88;138.0;24.37;93.1;6.76;
2021-08-13 07:00:00;439.0;546.44;156.0;24.74;87.25;7.38;
2021-08-13 08:00:00;626.0;677.21;166.0;25.12;87.25;7.79;
2021-08-13 09:00:00;776.0;754.05;169.0;25.46;87.3;8.14;
2021-08-13 10:00:00;874.0;796.37;168.0;25.66;84.5;8.14;
2021-08-13 11:00:00;912.0;806.91;171.0;25.74;84.5;8.34;
2021-08-13 12:00:00;893.0;814.97;161.0;25.82;84.5;8.14;
2021-08-13 13:00:00;807.0;778.23;163.0;25.88;87.3;7.86;
2021-08-13 14:00:00;678.0;746.7;147.0;25.93;87.3;7.86;
2021-08-13 15:00:00;500.0;648.18;139.0;26.01;87.3;7.72;
2021-08-13 16:00:00;302.0;495.38;116.0;26.04;87.3;7.24;
2021-08-13 17:00:00;114.0;273.63;65.0;26.03;90.2;6.76;
2021-08-13 18:00:00;0.0;0.0;0.0;26.0;90.2;6.83;
2021-08-13 19:00:00;0.0;0.0;0.0;25.93;90.2;6.62;
2021-08-13 20:00:00;0.0;0.0;0.0;25.82;90.2;5.86;
2021-08-13 21:00:00;0.0;0.0;0.0;25.6;93.15;5.24;
2021-08-13 22:00:00;0.0;0.0;0.0;25.66;90.2;4.83;
2021-08-13 23:00:00;0.0;0.0;0.0;25.49;93.15;4.41;
2021-08-14 00:00:00;0.0;0.0;0.0;25.26;93.15;4.55;
2021-08-14 01:00:00;0.0;0.0;0.0;25.09;96.2;5.38;
2021-08-14 02:00:00;0.0;0.0;0.0;24.99;93.15;5.17;
2021-08-14 03:00:00;0.0;0.0;0.0;24.97;90.15;4.76;
2021-08-14 04:00:00;0.0;0.0;0.0;25.0;87.25;4.55;
2021-08-14 05:00:00;60.0;98.93;47.0;25.03;87.25;4.9;
2021-08-14 06:00:00;209.0;218.45;137.0;25.06;87.25;5.45;
2021-08-14 07:00:00;410.0;434.3;186.0;25.19;84.45;5.31;
2021-08-14 08:00:00;628.0;691.03;160.0;25.51;84.45;4.55;
2021-08-14 09:00:00;737.0;633.85;228.0;25.72;81.8;4.55;
2021-08-14 10:00:00;883.0;821.9;156.0;25.77;87.3;5.17;
2021-08-14 11:00:00;905.0;792.39;179.0;25.7;84.5;6.21;
2021-08-14 12:00:00;863.0;727.76;211.0;25.68;81.8;6.83;
2021-08-14 13:00:00;744.0;591.52;256.0;25.7;76.6;7.03;
2021-08-14 14:00:00;625.0;568.97;222.0;25.75;71.65;6.83;
2021-08-14 15:00:00;495.0;635.61;143.0;25.75;71.65;6.41;
2021-08-14 16:00:00;315.0;575.26;101.0;25.75;69.3;6.0;
2021-08-14 17:00:00;120.0;353.66;58.0;25.77;69.3;5.52;
2021-08-14 18:00:00;0.0;0.0;0.0;25.73;67.05;5.03;
2021-08-14 19:00:00;0.0;0.0;0.0;25.69;67.05;4.28;
2021-08-14 20:00:00;0.0;0.0;0.0;25.69;67.05;3.24;
2021-08-14 21:00:00;0.0;0.0;0.0;25.62;69.25;2.28;
2021-08-14 22:00:00;0.0;0.0;0.0;25.45;74.0;1.52;
2021-08-14 23:00:00;0.0;0.0;0.0;25.38;74.0;0.55;
2021-08-15 00:00:00;0.0;0.0;0.0;25.32;74.0;0.9;
2021-08-15 01:00:00;0.0;0.0;0.0;25.26;74.0;1.86;
2021-08-15 02:00:00;0.0;0.0;0.0;25.25;76.5;2.21;
2021-08-15 03:00:00;0.0;0.0;0.0;25.28;76.5;2.76;
2021-08-15 04:00:00;0.0;0.0;0.0;25.3;76.5;3.59;
2021-08-15 05:00:00;75.0;240.67;44.0;25.33;76.5;4.14;
2021-08-15 06:00:00;260.0;498.09;97.0;25.27;79.1;4.21;
2021-08-15 07:00:00;457.0;640.54;128.0;25.2;81.75;4.34;
2021-08-15 08:00:00;643.0;744.93;140.0;25.14;84.4;4.9;
2021-08-15 09:00:00;788.0;796.46;150.0;25.09;84.4;5.45;
2021-08-15 10:00:00;884.0;826.05;155.0;25.02;84.4;5.93;
2021-08-15 11:00:00;922.0;836.92;157.0;24.93;81.7;6.55;
2021-08-15 12:00:00;859.0;717.36;218.0;24.84;79.05;6.97;
2021-08-15 13:00:00;792.0;738.1;185.0;24.82;76.45;7.03;
2021-08-15 14:00:00;636.0;608.17;207.0;24.82;73.95;6.55;
2021-08-15 15:00:00;481.0;581.21;161.0;24.9;71.5;6.07;
2021-08-15 16:00:00;308.0;556.37;103.0;24.95;66.85;5.79;
2021-08-15 17:00:00;120.0;373.24;56.0;25.08;64.6;5.31;
2021-08-15 18:00:00;0.0;0.0;0.0;25.18;58.45;4.55;
2021-08-15 19:00:00;0.0;0.0;0.0;25.22;56.5;3.72;
2021-08-15 20:00:00;0.0;0.0;0.0;25.25;56.5;3.03;
2021-08-15 21:00:00;0.0;0.0;0.0;25.2;54.55;2.83;
2021-08-15 22:00:00;0.0;0.0;0.0;24.99;54.45;2.62;
2021-08-15 23:00:00;0.0;0.0;0.0;24.94;54.45;2.55;
2021-08-16 00:00:00;0.0;0.0;0.0;24.9;54.45;2.28;
2021-08-16 01:00:00;0.0;0.0;0.0;24.89;54.45;2.0;
2021-08-16 02:00:00;0.0;0.0;0.0;24.84;54.45;1.93;
2021-08-16 03:00:00;0.0;0.0;0.0;24.79;56.35;1.79;
2021-08-16 04:00:00;0.0;0.0;0.0;24.74;56.35;1.79;
2021-08-16 05:00:00;71.0;206.02;45.0;24.73;56.35;1.93;
2021-08-16 06:00:00;254.0;474.0;100.0;24.66;56.35;2.0;
2021-08-16 07:00:00;451.0;623.7;132.0;24.63;60.25;2.21;
2021-08-16 08:00:00;629.0;705.61;154.0;24.66;62.45;2.28;
2021-08-16 09:00:00;772.0;755.92;168.0;24.55;64.5;2.41;
2021-08-16 10:00:00;871.0;798.47;168.0;24.79;71.5;1.45;
2021-08-16 11:00:00;903.0;793.98;179.0;24.81;73.95;1.59;
2021-08-16 12:00:00;884.0;803.46;168.0;24.82;73.95;1.93;
2021-08-16 13:00:00;797.0;764.91;170.0;24.79;73.95;2.9;
2021-08-16 14:00:00;667.0;734.6;151.0;24.8;73.95;3.72;
2021-08-16 15:00:00;487.0;623.09;146.0;24.81;71.5;4.41;
2021-08-16 16:00:00;290.0;474.18;117.0;24.93;69.15;4.9;
2021-08-16 17:00:00;106.0;274.54;60.0;25.02;66.85;5.03;
2021-08-16 18:00:00;0.0;0.0;0.0;25.11;64.6;4.34;
2021-08-16 19:00:00;0.0;0.0;0.0;25.11;62.45;2.55;
2021-08-16 20:00:00;0.0;0.0;0.0;25.15;60.45;3.93;
2021-08-16 21:00:00;0.0;0.0;0.0;25.07;62.45;4.07;
2021-08-16 22:00:00;0.0;0.0;0.0;25.04;60.35;2.48;
2021-08-16 23:00:00;0.0;0.0;0.0;24.95;58.35;2.14;
2021-08-17 00:00:00;0.0;0.0;0.0;24.85;58.35;3.03;
2021-08-17 01:00:00;0.0;0.0;0.0;24.84;62.45;3.66;
2021-08-17 02:00:00;0.0;0.0;0.0;24.85;66.85;5.1;
2021-08-17 03:00:00;0.0;0.0;0.0;24.85;66.85;6.14;
2021-08-17 04:00:00;0.0;0.0;0.0;24.84;66.85;6.55;
2021-08-17 05:00:00;75.0;275.11;41.0;24.83;69.15;6.41;
2021-08-17 06:00:00;265.0;536.38;92.0;24.76;69.15;6.07;
2021-08-17 07:00:00;455.0;630.3;134.0;24.69;69.15;5.93;
2021-08-17 08:00:00;645.0;748.02;143.0;24.56;71.4;6.28;
2021-08-17 09:00:00;782.0;771.67;167.0;24.48;71.4;6.62;
2021-08-17 10:00:00;843.0;699.06;229.0;24.35;69.05;6.21;
2021-08-17 11:00:00;899.0;764.07;204.0;24.32;69.05;5.59;
2021-08-17 12:00:00;885.0;788.82;184.0;24.29;66.75;5.38;
2021-08-17 13:00:00;727.0;543.48;283.0;24.33;64.5;5.79;
2021-08-17 14:00:00;679.0;763.55;145.0;24.35;64.5;6.14;
2021-08-17 15:00:00;509.0;707.86;124.0;24.41;62.35;6.14;
2021-08-17 16:00:00;308.0;575.95;100.0;24.49;62.35;6.14;
2021-08-17 17:00:00;113.0;360.72;54.0;24.53;62.35;5.93;
2021-08-17 18:00:00;0.0;0.0;0.0;24.52;62.35;5.79;
2021-08-17 19:00:00;0.0;0.0;0.0;24.5;62.35;5.45;
2021-08-17 20:00:00;0.0;0.0;0.0;24.51;62.35;4.9;
2021-08-17 21:00:00;0.0;0.0;0.0;24.44;60.25;4.34;
2021-08-17 22:00:00;0.0;0.0;0.0;24.16;60.25;3.79;
2021-08-17 23:00:00;0.0;0.0;0.0;24.08;62.25;3.66;
2021-08-18 00:00:00;0.0;0.0;0.0;23.99;62.25;3.72;
2021-08-18 01:00:00;0.0;0.0;0.0;23.89;62.25;3.93;
2021-08-18 02:00:00;0.0;0.0;0.0;23.81;62.25;4.21;
2021-08-18 03:00:00;0.0;0.0;0.0;23.71;64.4;4.34;
2021-08-18 04:00:00;0.0;0.0;0.0;23.66;64.4;4.21;
2021-08-18 05:00:00;78.0;322.4;39.0;23.6;66.55;3.93;
2021-08-18 06:00:00;270.0;565.36;89.0;23.56;66.55;3.38;
2021-08-18 07:00:00;476.0;711.93;115.0;23.53;66.55;2.83;
2021-08-18 08:00:00;664.0;798.21;130.0;23.63;66.55;2.34;
2021-08-18 09:00:00;814.0;851.69;137.0;23.78;62.25;1.66;
2021-08-18 10:00:00;913.0;881.11;141.0;23.95;62.25;1.66;
2021-08-18 11:00:00;946.0;879.55;148.0;23.99;62.25;1.31;
2021-08-18 12:00:00;926.0;885.87;141.0;24.03;62.25;0.9;
2021-08-18 13:00:00;834.0;848.74;143.0;24.11;62.25;0.34;
2021-08-18 14:00:00;702.0;824.43;128.0;24.21;60.25;0.41;
2021-08-18 15:00:00;514.0;727.18;121.0;24.31;60.25;1.1;
2021-08-18 16:00:00;313.0;612.82;94.0;24.41;60.25;2.0;
2021-08-18 17:00:00;114.0;395.0;51.0;24.43;62.35;2.76;
2021-08-18 18:00:00;0.0;0.0;0.0;24.47;64.5;3.24;
2021-08-18 19:00:00;0.0;0.0;0.0;24.64;64.5;3.52;
2021-08-18 20:00:00;0.0;0.0;0.0;24.87;64.6;4.0;
2021-08-18 21:00:00;0.0;0.0;0.0;24.97;64.6;4.34;
2021-08-18 22:00:00;0.0;0.0;0.0;24.87;66.85;4.9;
2021-08-18 23:00:00;0.0;0.0;0.0;24.7;69.15;5.59;
2021-08-19 00:00:00;0.0;0.0;0.0;24.49;76.35;6.62;
2021-08-19 01:00:00;0.0;0.0;0.0;24.27;78.95;7.72;
2021-08-19 02:00:00;0.0;0.0;0.0;24.17;84.35;8.0;
2021-08-19 03:00:00;0.0;0.0;0.0;24.21;84.35;7.66;
2021-08-19 04:00:00;0.0;0.0;0.0;24.23;84.35;8.34;
2021-08-19 05:00:00;56.0;118.31;42.0;24.2;87.2;9.59;
2021-08-19 06:00:00;224.0;333.58;118.0;24.25;84.35;10.9;
2021-08-19 07:00:00;415.0;495.19;165.0;24.41;84.35;11.31;
2021-08-19 08:00:00;565.0;506.85;227.0;24.63;84.35;10.9;
2021-08-19 09:00:00;633.0;385.99;327.0;24.75;84.4;11.31;
2021-08-19 10:00:00;752.0;494.3;320.0;25.0;84.4;12.14;
2021-08-19 11:00:00;663.0;265.22;423.0;25.03;84.4;12.14;
2021-08-19 12:00:00;153.0;0.0;153.0;25.11;87.25;12.0;
2021-08-19 13:00:00;690.0;481.96;299.0;25.23;87.3;11.86;
2021-08-19 14:00:00;533.0;349.19;291.0;25.34;87.3;11.79;
2021-08-19 15:00:00;432.0;443.28;194.0;25.43;87.3;11.24;
2021-08-19 16:00:00;272.0;432.8;119.0;25.57;90.2;10.97;
2021-08-19 17:00:00;41.0;6.44;40.0;25.59;90.2;10.76;
2021-08-19 18:00:00;0.0;0.0;0.0;25.55;90.2;11.24;
2021-08-19 19:00:00;0.0;0.0;0.0;25.57;93.15;11.38;
2021-08-19 20:00:00;0.0;0.0;0.0;25.61;93.15;10.69;
2021-08-19 21:00:00;0.0;0.0;0.0;25.58;93.15;10.0;
2021-08-19 22:00:00;0.0;0.0;0.0;25.43;93.15;9.93;
2021-08-19 23:00:00;0.0;0.0;0.0;25.4;93.15;9.31;
2021-08-20 00:00:00;0.0;0.0;0.0;25.39;93.15;8.62;
2021-08-20 01:00:00;0.0;0.0;0.0;25.33;93.15;8.21;
2021-08-20 02:00:00;0.0;0.0;0.0;25.29;93.15;7.59;
2021-08-20 03:00:00;0.0;0.0;0.0;25.25;93.15;7.38;
2021-08-20 04:00:00;0.0;0.0;0.0;25.17;93.15;7.45;
2021-08-20 05:00:00;24.0;0.0;24.0;25.1;96.2;7.66;
2021-08-20 06:00:00;134.0;41.22;121.0;25.06;96.2;8.0;
2021-08-20 07:00:00;230.0;43.77;208.0;25.08;96.2;8.41;
2021-08-20 08:00:00;402.0;141.41;308.0;25.11;96.2;8.9;
2021-08-20 09:00:00;617.0;366.81;327.0;25.2;90.2;9.24;
2021-08-20 10:00:00;788.0;611.44;255.0;25.04;96.2;9.03;
2021-08-20 11:00:00;704.0;350.14;388.0;25.05;96.2;9.03;
2021-08-20 12:00:00;408.0;31.79;380.0;25.1;96.2;8.41;
2021-08-20 13:00:00;348.0;21.03;331.0;25.14;96.2;6.83;
2021-08-20 14:00:00;309.0;30.45;288.0;25.12;96.2;5.38;
2021-08-20 15:00:00;186.0;7.5;182.0;25.16;93.15;4.83;
2021-08-20 16:00:00;44.0;0.0;44.0;25.14;96.2;5.52;
2021-08-20 17:00:00;31.0;0.0;31.0;25.24;93.15;4.97;
2021-08-20 18:00:00;0.0;0.0;0.0;25.28;93.15;4.76;
2021-08-20 19:00:00;0.0;0.0;0.0;25.42;93.15;4.62;
2021-08-20 20:00:00;0.0;0.0;0.0;25.47;90.2;5.52;
2021-08-20 21:00:00;0.0;0.0;0.0;25.35;93.15;6.34;
2021-08-20 22:00:00;0.0;0.0;0.0;24.94;96.2;6.14;
2021-08-20 23:00:00;0.0;0.0;0.0;24.92;96.2;5.59;
2021-08-21 00:00:00;0.0;0.0;0.0;24.94;96.2;5.24;
2021-08-21 01:00:00;0.0;0.0;0.0;24.96;96.2;4.21;
2021-08-21 02:00:00;0.0;0.0;0.0;24.92;96.2;3.1;
2021-08-21 03:00:00;0.0;0.0;0.0;24.84;96.2;3.24;
2021-08-21 04:00:00;0.0;0.0;0.0;24.74;96.2;3.59;
2021-08-21 05:00:00;38.0;35.38;34.0;24.65;96.2;3.38;
2021-08-21 06:00:00;174.0;143.8;129.0;24.54;99.4;2.76;
2021-08-21 07:00:00;388.0;419.7;178.0;24.49;96.2;2.21;
2021-08-21 08:00:00;380.0;113.2;305.0;24.49;96.2;2.48;
2021-08-21 09:00:00;0.0;0.0;0.0;24.48;96.2;2.97;
2021-08-21 10:00:00;730.0;470.43;321.0;24.81;90.15;3.79;
2021-08-21 11:00:00;822.0;629.98;255.0;24.85;90.15;3.45;
2021-08-21 12:00:00;831.0;716.27;202.0;24.94;90.15;3.86;
2021-08-21 13:00:00;742.0;665.59;206.0;24.97;87.25;3.86;
2021-08-21 14:00:00;603.0;588.56;199.0;25.05;87.25;3.79;
2021-08-21 15:00:00;448.0;553.23;155.0;25.06;84.4;3.45;
2021-08-21 16:00:00;260.0;413.8;117.0;25.14;84.4;2.76;
2021-08-21 17:00:00;85.0;211.1;54.0;25.15;79.1;2.21;
2021-08-21 18:00:00;0.0;0.0;0.0;25.09;81.7;1.72;
2021-08-21 19:00:00;0.0;0.0;0.0;25.07;81.7;1.1;
2021-08-21 20:00:00;0.0;0.0;0.0;25.01;81.7;0.62;
2021-08-21 21:00:00;0.0;0.0;0.0;24.88;81.7;0.48;
2021-08-21 22:00:00;0.0;0.0;0.0;24.76;81.7;1.17;
2021-08-21 23:00:00;0.0;0.0;0.0;24.67;81.7;1.24;
2021-08-22 00:00:00;0.0;0.0;0.0;24.61;84.35;1.38;
2021-08-22 01:00:00;0.0;0.0;0.0;24.47;84.35;1.59;
2021-08-22 02:00:00;0.0;0.0;0.0;24.4;84.35;1.59;
2021-08-22 03:00:00;0.0;0.0;0.0;24.32;84.35;1.1;
2021-08-22 04:00:00;0.0;0.0;0.0;24.29;84.35;0.97;
2021-08-22 05:00:00;55.0;144.92;39.0;24.23;84.35;0.62;
2021-08-22 06:00:00;232.0;402.56;107.0;24.17;84.35;0.9;
2021-08-22 07:00:00;431.0;584.24;140.0;24.2;87.2;1.45;
2021-08-22 08:00:00;613.0;689.06;158.0;24.22;87.2;2.07;
2021-08-22 09:00:00;759.0;753.02;167.0;24.28;90.1;2.55;
2021-08-22 10:00:00;858.0;796.94;167.0;24.23;84.35;3.66;
2021-08-22 11:00:00;889.0;792.21;178.0;24.4;84.35;3.93;
2021-08-22 12:00:00;868.0;800.8;167.0;24.56;84.35;4.21;
2021-08-22 13:00:00;766.0;718.01;190.0;24.68;81.7;4.83;
2021-08-22 14:00:00;630.0;661.78;178.0;24.83;81.7;5.59;
2021-08-22 15:00:00;466.0;614.23;143.0;24.99;81.7;6.28;
2021-08-22 16:00:00;271.0;477.3;108.0;25.2;79.1;6.9;
2021-08-22 17:00:00;89.0;273.7;50.0;25.43;81.75;7.31;
2021-08-22 18:00:00;0.0;0.0;0.0;25.57;81.75;7.24;
2021-08-22 19:00:00;0.0;0.0;0.0;25.67;79.15;6.97;
2021-08-22 20:00:00;0.0;0.0;0.0;25.69;79.15;6.48;
2021-08-22 21:00:00;0.0;0.0;0.0;25.68;79.15;5.79;
2021-08-22 22:00:00;0.0;0.0;0.0;25.57;84.45;5.03;
2021-08-22 23:00:00;0.0;0.0;0.0;25.52;84.45;4.34;
2021-08-23 00:00:00;0.0;0.0;0.0;25.47;87.3;3.45;
2021-08-23 01:00:00;0.0;0.0;0.0;25.44;87.3;2.62;
2021-08-23 02:00:00;0.0;0.0;0.0;25.38;87.3;2.69;
2021-08-23 03:00:00;0.0;0.0;0.0;25.37;90.2;3.52;
2021-08-23 04:00:00;0.0;0.0;0.0;25.37;90.2;4.69;
2021-08-23 05:00:00;42.0;55.68;36.0;25.38;90.2;5.59;
2021-08-23 06:00:00;115.0;19.48;109.0;25.3;90.2;5.79;
2021-08-23 07:00:00;342.0;258.18;214.0;25.23;90.2;5.38;
2021-08-23 08:00:00;435.0;196.03;306.0;25.2;90.2;5.17;
2021-08-23 09:00:00;730.0;667.18;207.0;25.13;93.15;5.17;
2021-08-23 10:00:00;760.0;529.68;302.0;25.08;93.15;5.45;
2021-08-23 11:00:00;849.0;688.34;233.0;25.03;93.15;5.79;
2021-08-23 12:00:00;801.0;616.6;263.0;25.06;93.15;5.66;
2021-08-23 13:00:00;546.0;206.49;381.0;25.06;93.15;5.03;
2021-08-23 14:00:00;378.0;89.77;317.0;25.16;93.15;4.69;
2021-08-23 15:00:00;306.0;128.34;239.0;25.18;93.15;4.83;
2021-08-23 16:00:00;112.0;8.89;109.0;25.31;93.15;3.86;
2021-08-23 17:00:00;70.0;130.37;52.0;25.47;93.15;3.1;
2021-08-23 18:00:00;0.0;0.0;0.0;25.62;93.15;3.38;
2021-08-23 19:00:00;0.0;0.0;0.0;25.63;93.15;4.14;
2021-08-23 20:00:00;0.0;0.0;0.0;25.58;93.15;5.59;
2021-08-23 21:00:00;0.0;0.0;0.0;25.46;90.2;5.31;
2021-08-23 22:00:00;0.0;0.0;0.0;25.39;84.45;5.79;
2021-08-23 23:00:00;0.0;0.0;0.0;25.4;81.75;5.17;
2021-08-24 00:00:00;0.0;0.0;0.0;25.48;79.1;5.24;
2021-08-24 01:00:00;0.0;0.0;0.0;25.56;81.75;5.52;
2021-08-24 02:00:00;0.0;0.0;0.0;25.6;81.75;5.52;
2021-08-24 03:00:00;0.0;0.0;0.0;25.51;81.75;5.24;
2021-08-24 04:00:00;0.0;0.0;0.0;25.36;84.45;4.62;
2021-08-24 05:00:00;44.0;76.13;36.0;25.24;84.45;4.48;
2021-08-24 06:00:00;192.0;215.95;126.0;25.08;87.25;4.14;
2021-08-24 07:00:00;393.0;437.72;177.0;25.01;87.25;3.38;
2021-08-24 08:00:00;602.0;660.25;169.0;25.01;87.25;3.79;
2021-08-24 09:00:00;697.0;569.35;252.0;25.03;87.25;4.07;
2021-08-24 10:00:00;756.0;519.57;308.0;24.88;87.25;4.0;
2021-08-24 11:00:00;816.0;599.6;281.0;24.9;84.4;3.93;
2021-08-24 12:00:00;843.0;739.41;200.0;24.88;84.4;3.66;
2021-08-24 13:00:00;642.0;392.04;330.0;24.86;81.7;3.93;
2021-08-24 14:00:00;595.0;563.65;214.0;24.82;81.7;4.48;
2021-08-24 15:00:00;418.0;441.97;189.0;24.81;81.7;4.83;
2021-08-24 16:00:00;266.0;489.28;103.0;24.76;79.05;4.55;
2021-08-24 17:00:00;83.0;269.51;47.0;24.7;76.45;4.21;
2021-08-24 18:00:00;0.0;0.0;0.0;24.69;73.95;3.86;
2021-08-24 19:00:00;0.0;0.0;0.0;24.76;73.95;3.59;
2021-08-24 20:00:00;0.0;0.0;0.0;24.84;71.5;3.31;
2021-08-24 21:00:00;0.0;0.0;0.0;24.83;69.15;3.1;
2021-08-24 22:00:00;0.0;0.0;0.0;25.03;66.85;2.9;
2021-08-24 23:00:00;0.0;0.0;0.0;24.99;66.85;2.28;
2021-08-25 00:00:00;0.0;0.0;0.0;24.87;64.6;2.34;
2021-08-25 01:00:00;0.0;0.0;0.0;24.76;64.6;2.28;
2021-08-25 02:00:00;0.0;0.0;0.0;24.61;69.05;2.14;
2021-08-25 03:00:00;0.0;0.0;0.0;24.46;69.05;1.72;
2021-08-25 04:00:00;0.0;0.0;0.0;24.33;69.05;1.31;
2021-08-25 05:00:00;48.0;117.17;36.0;24.24;71.4;1.17;
2021-08-25 06:00:00;226.0;392.53;107.0;24.16;71.4;1.38;
2021-08-25 07:00:00;439.0;633.24;128.0;24.08;73.75;1.52;
2021-08-25 08:00:00;623.0;731.44;145.0;24.03;73.75;1.31;
2021-08-25 09:00:00;743.0;696.83;200.0;24.05;73.75;1.03;
2021-08-25 10:00:00;854.0;781.61;182.0;24.25;73.85;1.17;
2021-08-25 11:00:00;909.0;847.6;155.0;24.32;73.85;2.21;
2021-08-25 12:00:00;882.0;840.02;154.0;24.46;73.85;3.79;
2021-08-25 13:00:00;794.0;813.83;149.0;24.5;73.85;5.1;
2021-08-25 14:00:00;633.0;687.17;171.0;24.42;76.35;5.66;
2021-08-25 15:00:00;478.0;694.33;121.0;24.34;76.35;6.21;
2021-08-25 16:00:00;277.0;559.51;93.0;24.3;73.85;6.21;
2021-08-25 17:00:00;85.0;317.77;44.0;24.27;73.85;5.93;
2021-08-25 18:00:00;0.0;0.0;0.0;24.24;71.4;5.72;
2021-08-25 19:00:00;0.0;0.0;0.0;24.23;71.4;5.52;
2021-08-25 20:00:00;0.0;0.0;0.0;24.23;69.05;5.03;
2021-08-25 21:00:00;0.0;0.0;0.0;24.15;69.05;4.69;
2021-08-25 22:00:00;0.0;0.0;0.0;23.95;71.35;4.83;
2021-08-25 23:00:00;0.0;0.0;0.0;23.92;68.95;4.62;
2021-08-26 00:00:00;0.0;0.0;0.0;23.84;68.95;4.21;
2021-08-26 01:00:00;0.0;0.0;0.0;23.79;68.95;3.93;
2021-08-26 02:00:00;0.0;0.0;0.0;23.74;68.95;3.86;
2021-08-26 03:00:00;0.0;0.0;0.0;23.68;68.95;3.52;
2021-08-26 04:00:00;0.0;0.0;0.0;23.66;68.95;3.24;
2021-08-26 05:00:00;58.0;250.65;33.0;23.68;68.95;3.03;
2021-08-26 06:00:00;249.0;548.75;84.0;23.67;71.35;3.17;
2021-08-26 07:00:00;449.0;685.4;114.0;23.7;71.35;3.24;
2021-08-26 08:00:00;639.0;784.73;128.0;23.8;71.35;3.1;
2021-08-26 09:00:00;779.0;818.68;143.0;24.05;71.35;2.69;
2021-08-26 10:00:00;880.0;860.91;142.0;24.36;66.75;2.0;
2021-08-26 11:00:00;917.0;871.65;144.0;24.49;66.75;0.97;
2021-08-26 12:00:00;884.0;852.23;148.0;24.5;66.75;0.41;
2021-08-26 13:00:00;792.0;814.76;149.0;24.51;66.75;0.34;
2021-08-26 14:00:00;658.0;786.69;132.0;24.52;66.75;0.14;
2021-08-26 15:00:00;476.0;703.75;117.0;24.57;66.75;1.17;
2021-08-26 16:00:00;274.0;563.94;91.0;24.67;64.6;2.41;
2021-08-26 17:00:00;80.0;297.42;43.0;24.7;69.15;3.31;
2021-08-26 18:00:00;0.0;0.0;0.0;24.77;71.5;3.52;
2021-08-26 19:00:00;0.0;0.0;0.0;24.93;73.95;3.45;
2021-08-26 20:00:00;0.0;0.0;0.0;25.06;76.45;3.31;
2021-08-26 21:00:00;0.0;0.0;0.0;25.12;76.45;2.83;
2021-08-26 22:00:00;0.0;0.0;0.0;25.43;76.5;2.28;
2021-08-26 23:00:00;0.0;0.0;0.0;25.39;76.5;2.28;
2021-08-27 00:00:00;0.0;0.0;0.0;25.29;76.5;3.1;
2021-08-27 01:00:00;0.0;0.0;0.0;25.21;79.1;3.79;
2021-08-27 02:00:00;0.0;0.0;0.0;25.17;76.5;3.79;
2021-08-27 03:00:00;0.0;0.0;0.0;25.12;79.05;3.72;
2021-08-27 04:00:00;0.0;0.0;0.0;25.07;79.05;3.93;
2021-08-27 05:00:00;53.0;216.36;32.0;25.0;79.05;4.34;
2021-08-27 06:00:00;235.0;472.85;94.0;24.92;79.05;4.62;
2021-08-27 07:00:00;432.0;618.85;131.0;24.86;81.7;4.76;
2021-08-27 08:00:00;622.0;741.34;141.0;24.88;81.7;4.9;
2021-08-27 09:00:00;772.0;805.75;148.0;24.92;81.7;4.76;
2021-08-27 10:00:00;868.0;836.6;153.0;25.17;79.1;4.76;
2021-08-27 11:00:00;903.0;847.27;154.0;25.17;79.1;4.07;
2021-08-27 12:00:00;876.0;839.03;154.0;25.23;81.75;3.59;
2021-08-27 13:00:00;783.0;801.77;153.0;25.28;84.45;3.45;
2021-08-27 14:00:00;650.0;773.1;136.0;25.33;84.45;3.1;
2021-08-27 15:00:00;467.0;681.8;122.0;25.4;87.3;2.62;
2021-08-27 16:00:00;268.0;552.98;91.0;25.5;87.3;2.21;
2021-08-27 17:00:00;74.0;275.63;41.0;25.55;87.3;1.72;
2021-08-27 18:00:00;0.0;0.0;0.0;25.48;87.3;1.38;
2021-08-27 19:00:00;0.0;0.0;0.0;25.39;90.2;1.17;
2021-08-27 20:00:00;0.0;0.0;0.0;25.33;90.2;1.1;
2021-08-27 21:00:00;0.0;0.0;0.0;25.25;90.2;1.45;
2021-08-27 22:00:00;0.0;0.0;0.0;25.12;87.25;1.86;
2021-08-27 23:00:00;0.0;0.0;0.0;25.03;87.25;1.86;
2021-08-28 00:00:00;0.0;0.0;0.0;24.99;87.25;1.72;
2021-08-28 01:00:00;0.0;0.0;0.0;24.95;87.25;1.52;
2021-08-28 02:00:00;0.0;0.0;0.0;24.96;87.25;1.24;
2021-08-28 03:00:00;0.0;0.0;0.0;25.0;87.25;0.62;
2021-08-28 04:00:00;0.0;0.0;0.0;25.02;87.25;0.41;
2021-08-28 05:00:00;48.0;158.95;33.0;25.04;90.15;2.0;
2021-08-28 06:00:00;231.0;480.24;89.0;25.14;90.15;3.24;
2021-08-28 07:00:00;432.0;644.65;120.0;25.2;87.3;3.66;
2021-08-28 08:00:00;614.0;734.8;139.0;25.22;87.3;3.72;
2021-08-28 09:00:00;755.0;779.83;153.0;25.21;87.3;3.38;
2021-08-28 10:00:00;839.0;780.5;174.0;25.17;87.3;2.83;
2021-08-28 11:00:00;879.0;806.9;168.0;25.05;90.15;2.55;
2021-08-28 12:00:00;861.0;823.46;155.0;25.05;90.15;2.55;
2021-08-28 13:00:00;765.0;772.11;161.0;25.1;90.15;2.69;
2021-08-28 14:00:00;630.0;735.23;144.0;25.23;87.3;3.03;
2021-08-28 15:00:00;452.0;653.59;124.0;25.34;87.3;3.66;
2021-08-28 16:00:00;252.0;487.96;98.0;25.47;84.45;4.21;
2021-08-28 17:00:00;69.0;252.2;40.0;25.54;84.45;4.41;
2021-08-28 18:00:00;0.0;0.0;0.0;25.59;84.45;4.28;
2021-08-28 19:00:00;0.0;0.0;0.0;25.63;81.75;4.0;
2021-08-28 20:00:00;0.0;0.0;0.0;25.65;81.75;3.79;
2021-08-28 21:00:00;0.0;0.0;0.0;25.57;81.75;3.66;
2021-08-28 22:00:00;0.0;0.0;0.0;25.32;79.1;4.0;
2021-08-28 23:00:00;0.0;0.0;0.0;25.26;81.75;4.28;
2021-08-29 00:00:00;0.0;0.0;0.0;25.21;81.75;4.28;
2021-08-29 01:00:00;0.0;0.0;0.0;25.17;79.1;4.28;
2021-08-29 02:00:00;0.0;0.0;0.0;25.18;79.1;4.34;
2021-08-29 03:00:00;0.0;0.0;0.0;25.17;79.1;4.55;
2021-08-29 04:00:00;0.0;0.0;0.0;25.16;79.1;4.62;
2021-08-29 05:00:00;48.0;185.43;31.0;25.15;76.5;4.48;
2021-08-29 06:00:00;233.0;501.41;86.0;25.1;79.05;4.34;
2021-08-29 07:00:00;428.0;639.58;120.0;25.05;81.7;4.28;
2021-08-29 08:00:00;616.0;749.98;133.0;25.01;81.7;4.41;
2021-08-29 09:00:00;758.0;796.66;145.0;24.98;81.7;4.34;
2021-08-29 10:00:00;853.0;827.69;150.0;25.03;84.4;4.9;
2021-08-29 11:00:00;887.0;838.05;151.0;25.06;84.4;5.45;
2021-08-29 12:00:00;859.0;830.08;150.0;25.14;84.4;6.07;
2021-08-29 13:00:00;730.0;671.61;207.0;25.27;81.75;6.21;
2021-08-29 14:00:00;603.0;651.34;175.0;25.39;81.75;6.0;
2021-08-29 15:00:00;444.0;635.05;128.0;25.41;81.75;5.66;
2021-08-29 16:00:00;245.0;469.37;99.0;25.41;81.75;5.38;
2021-08-29 17:00:00;64.0;226.87;39.0;25.38;81.75;5.03;
2021-08-29 18:00:00;0.0;0.0;0.0;25.33;84.45;4.62;
2021-08-29 19:00:00;0.0;0.0;0.0;25.26;84.45;4.34;
2021-08-29 20:00:00;0.0;0.0;0.0;25.18;84.45;4.28;
2021-08-29 21:00:00;0.0;0.0;0.0;25.1;87.25;4.62;
2021-08-29 22:00:00;0.0;0.0;0.0;24.95;87.25;4.76;
2021-08-29 23:00:00;0.0;0.0;0.0;24.93;87.25;5.1;
2021-08-30 00:00:00;0.0;0.0;0.0;24.86;87.25;5.1;
2021-08-30 01:00:00;0.0;0.0;0.0;24.75;87.25;4.9;
2021-08-30 02:00:00;0.0;0.0;0.0;24.67;87.25;4.62;
2021-08-30 03:00:00;0.0;0.0;0.0;24.6;90.1;4.41;
2021-08-30 04:00:00;0.0;0.0;0.0;24.54;87.2;4.21;
2021-08-30 05:00:00;43.0;134.87;31.0;24.47;87.2;3.86;
2021-08-30 06:00:00;223.0;454.17;91.0;24.41;87.2;3.79;
2021-08-30 07:00:00;421.0;624.06;122.0;24.41;81.65;3.72;
2021-08-30 08:00:00;604.0;723.23;140.0;24.52;81.65;3.17;
2021-08-30 09:00:00;744.0;769.31;154.0;24.69;79.05;2.28;
2021-08-30 10:00:00;841.0;810.28;155.0;24.85;81.7;1.86;
2021-08-30 11:00:00;871.0;810.05;162.0;24.84;81.7;2.48;
2021-08-30 12:00:00;847.0;813.3;155.0;24.85;81.7;3.17;
2021-08-30 13:00:00;751.0;761.19;161.0;24.94;81.7;3.72;
2021-08-30 14:00:00;619.0;733.38;140.0;25.06;81.7;4.07;
2021-08-30 15:00:00;439.0;638.57;124.0;25.13;81.7;3.93;
2021-08-30 16:00:00;241.0;479.69;94.0;25.2;79.1;3.66;
2021-08-30 17:00:00;58.0;189.86;38.0;25.19;79.1;3.66;
2021-08-30 18:00:00;0.0;0.0;0.0;25.18;81.75;4.0;
2021-08-30 19:00:00;0.0;0.0;0.0;25.22;81.75;4.41;
2021-08-30 20:00:00;0.0;0.0;0.0;25.2;81.75;4.9;
2021-08-30 21:00:00;0.0;0.0;0.0;25.15;81.75;4.9;
2021-08-30 22:00:00;0.0;0.0;0.0;25.02;81.7;4.0;
2021-08-30 23:00:00;0.0;0.0;0.0;25.02;79.05;3.03;
2021-08-31 00:00:00;0.0;0.0;0.0;24.99;79.05;2.48;
2021-08-31 01:00:00;0.0;0.0;0.0;24.97;79.05;2.14;
2021-08-31 02:00:00;0.0;0.0;0.0;24.94;79.05;2.14;
2021-08-31 03:00:00;0.0;0.0;0.0;24.92;76.45;2.41;
2021-08-31 04:00:00;0.0;0.0;0.0;24.91;76.45;2.55;
2021-08-31 05:00:00;40.0;127.5;29.0;24.9;76.45;2.62;
2021-08-31 06:00:00;220.0;447.76;91.0;24.85;76.45;2.9;
2021-08-31 07:00:00;419.0;625.19;121.0;24.75;76.45;2.9;
2021-08-31 08:00:00;602.0;724.47;139.0;24.8;76.45;2.83;
2021-08-31 09:00:00;746.0;781.07;149.0;24.92;76.45;2.21;
2021-08-31 10:00:00;840.0;811.76;155.0;25.31;74.0;0.97;
2021-08-31 11:00:00;869.0;810.57;162.0;25.3;74.0;1.31;
2021-08-31 12:00:00;777.0;612.38;258.0;25.31;74.0;1.66;
2021-08-31 13:00:00;623.0;395.38;318.0;25.43;74.0;1.38;
2021-08-31 14:00:00;613.0;724.07;143.0;25.53;71.6;1.24;
2021-08-31 15:00:00;436.0;638.14;124.0;25.64;71.6;1.24;
2021-08-31 16:00:00;236.0;467.22;95.0;26.25;75.44;1.06;
2021-08-31 17:00:00;55.0;199.12;35.0;26.15;75.07;1.49;
2021-08-31 18:00:00;0.0;0.0;0.0;26.04;74.7;1.92;
2021-08-31 19:00:00;0.0;0.0;0.0;25.94;74.33;2.35;
2021-08-31 20:00:00;0.0;0.0;0.0;25.83;73.96;2.78;
2021-08-31 21:00:00;0.0;0.0;0.0;25.73;73.59;3.21;
2021-08-31 22:00:00;0.0;0.0;0.0;25.62;73.22;3.64;
2021-08-31 23:00:00;0.0;0.0;0.0;25.51;72.85;4.07;
2021-09-01 00:00:00;0.0;0.0;0.0;25.41;72.48;4.5;
2021-09-01 01:00:00;0.0;0.0;0.0;25.3;72.11;4.93;
2021-09-01 02:00:00;0.0;0.0;0.0;25.2;71.74;5.36;
2021-09-01 03:00:00;0.0;0.0;0.0;25.09;71.37;5.79;
2021-09-01 04:00:00;0.0;0.0;0.0;24.99;71.0;6.22;
2021-09-01 05:00:00;35.0;98.96;27.0;24.88;70.63;6.65;
2021-09-01 06:00:00;133.0;67.15;114.0;24.77;70.26;7.08;
2021-09-01 07:00:00;211.0;38.16;193.0;24.67;69.89;7.51;
2021-09-01 08:00:00;316.0;55.2;281.0;24.21;64.5;7.93;
2021-09-01 09:00:00;333.0;23.71;315.0;24.19;60.25;8.48;
2021-09-01 10:00:00;202.0;0.0;202.0;24.06;56.25;8.28;
2021-09-01 11:00:00;166.0;0.0;166.0;23.74;54.2;8.34;
2021-09-01 12:00:00;166.0;0.0;166.0;23.84;52.35;8.83;
2021-09-01 13:00:00;607.0;377.03;319.0;23.83;52.35;8.48;
2021-09-01 14:00:00;564.0;574.24;196.0;23.96;54.2;7.38;
2021-09-01 15:00:00;433.0;662.49;115.0;24.09;52.5;7.03;
2021-09-01 16:00:00;238.0;530.3;83.0;24.24;52.5;7.17;
2021-09-01 17:00:00;51.0;209.98;32.0;24.32;52.5;7.03;
2021-09-01 18:00:00;0.0;0.0;0.0;24.39;52.5;6.41;
2021-09-01 19:00:00;0.0;0.0;0.0;24.5;52.5;5.59;
2021-09-01 20:00:00;0.0;0.0;0.0;24.6;50.8;5.24;
2021-09-01 21:00:00;0.0;0.0;0.0;24.62;50.8;4.62;
2021-09-01 22:00:00;0.0;0.0;0.0;24.93;49.05;4.34;
2021-09-01 23:00:00;0.0;0.0;0.0;24.85;49.05;3.79;
2021-09-02 00:00:00;0.0;0.0;0.0;24.77;49.05;2.97;
2021-09-02 01:00:00;0.0;0.0;0.0;24.73;49.05;2.0;
2021-09-02 02:00:00;0.0;0.0;0.0;24.65;49.05;1.79;
2021-09-02 03:00:00;0.0;0.0;0.0;24.58;50.8;1.72;
2021-09-02 04:00:00;0.0;0.0;0.0;24.53;52.5;1.79;
2021-09-02 05:00:00;3.0;0.0;3.0;24.51;52.5;1.31;
2021-09-02 06:00:00;98.0;14.27;94.0;24.47;52.5;0.83;
2021-09-02 07:00:00;56.0;0.0;56.0;24.29;52.5;0.48;
2021-09-02 08:00:00;333.0;72.85;287.0;24.28;54.35;1.52;
2021-09-02 09:00:00;362.0;39.67;332.0;24.47;54.35;2.34;
2021-09-02 10:00:00;75.0;0.0;75.0;23.58;62.25;2.55;
2021-09-02 11:00:00;147.0;0.0;147.0;23.08;68.85;3.45;
2021-09-02 12:00:00;123.0;0.0;123.0;22.27;78.7;3.1;
2021-09-02 13:00:00;81.0;0.0;81.0;21.71;81.35;2.07;
2021-09-02 14:00:00;76.0;0.0;76.0;21.5;84.05;1.1;
2021-09-02 15:00:00;70.0;0.0;70.0;21.3;84.05;2.76;
2021-09-02 16:00:00;63.0;0.0;63.0;21.33;84.05;2.97;
2021-09-02 17:00:00;10.0;0.0;10.0;21.53;78.65;3.38;
2021-09-02 18:00:00;0.0;0.0;0.0;21.31;81.3;2.41;
2021-09-02 19:00:00;0.0;0.0;0.0;21.32;84.05;2.34;
2021-09-02 20:00:00;0.0;0.0;0.0;21.41;84.05;4.41;
2021-09-02 21:00:00;0.0;0.0;0.0;20.98;84.05;5.59;
2021-09-02 22:00:00;0.0;0.0;0.0;21.28;73.35;4.55;
2021-09-02 23:00:00;0.0;0.0;0.0;21.39;70.9;5.24;
2021-09-03 00:00:00;0.0;0.0;0.0;21.55;66.25;5.45;
2021-09-03 01:00:00;0.0;0.0;0.0;21.81;64.0;4.69;
2021-09-03 02:00:00;0.0;0.0;0.0;22.24;61.95;4.21;
2021-09-03 03:00:00;0.0;0.0;0.0;22.5;61.95;4.28;
2021-09-03 04:00:00;0.0;0.0;0.0;22.69;59.95;5.03;
2021-09-03 05:00:00;19.0;13.27;18.0;22.72;59.95;5.72;
2021-09-03 06:00:00;220.0;496.8;82.0;22.52;62.05;6.14;
2021-09-03 07:00:00;411.0;623.72;120.0;22.02;68.7;6.69;
2021-09-03 08:00:00;542.0;529.55;209.0;21.95;73.45;7.45;
2021-09-03 09:00:00;673.0;570.61;243.0;22.27;71.05;7.93;
2021-09-03 10:00:00;753.0;580.34;270.0;22.68;66.45;7.03;
2021-09-03 11:00:00;797.0;625.91;259.0;22.71;66.45;7.52;
2021-09-03 12:00:00;814.0;753.41;186.0;22.78;66.45;7.38;
2021-09-03 13:00:00;642.0;470.86;286.0;22.87;66.45;7.38;
2021-09-03 14:00:00;552.0;545.59;207.0;23.09;64.3;7.31;
2021-09-03 15:00:00;301.0;184.77;214.0;23.2;64.3;7.45;
2021-09-03 16:00:00;163.0;152.17;120.0;23.3;66.55;7.17;
2021-09-03 17:00:00;44.0;199.14;28.0;23.4;66.55;6.83;
2021-09-03 18:00:00;0.0;0.0;0.0;23.53;64.4;7.24;
2021-09-03 19:00:00;0.0;0.0;0.0;23.65;64.4;7.86;
2021-09-03 20:00:00;0.0;0.0;0.0;23.7;66.65;8.07;
2021-09-03 21:00:00;0.0;0.0;0.0;23.5;68.85;8.28;
2021-09-03 22:00:00;0.0;0.0;0.0;23.51;68.85;8.0;
2021-09-03 23:00:00;0.0;0.0;0.0;23.29;71.25;8.48;
2021-09-04 00:00:00;0.0;0.0;0.0;23.26;73.7;8.97;
2021-09-04 01:00:00;0.0;0.0;0.0;23.22;73.7;9.24;
2021-09-04 02:00:00;0.0;0.0;0.0;23.24;76.2;9.45;
2021-09-04 03:00:00;0.0;0.0;0.0;22.98;78.75;9.79;
2021-09-04 04:00:00;0.0;0.0;0.0;23.04;78.85;10.28;
2021-09-04 05:00:00;6.0;0.0;6.0;23.1;78.85;11.1;
2021-09-04 06:00:00;97.0;14.54;93.0;23.15;78.85;12.07;
2021-09-04 07:00:00;153.0;4.31;151.0;23.15;78.85;11.86;
2021-09-04 08:00:00;501.0;416.8;240.0;23.12;78.85;11.38;
2021-09-04 09:00:00;339.0;27.97;318.0;22.92;81.45;10.76;
2021-09-04 10:00:00;737.0;557.13;275.0;23.26;78.85;10.55;
2021-09-04 11:00:00;620.0;254.6;402.0;23.33;76.2;10.21;
2021-09-04 12:00:00;773.0;659.11;226.0;23.4;76.2;9.93;
2021-09-04 13:00:00;528.0;235.35;351.0;23.61;73.75;10.07;
2021-09-04 14:00:00;104.0;0.0;104.0;23.78;73.75;10.07;
2021-09-04 15:00:00;322.0;259.55;201.0;23.72;73.75;9.93;
2021-09-04 16:00:00;194.0;320.56;105.0;23.73;73.75;9.66;
2021-09-04 17:00:00;34.0;106.37;26.0;23.84;73.75;9.72;
2021-09-04 18:00:00;0.0;0.0;0.0;23.91;76.3;9.79;
2021-09-04 19:00:00;0.0;0.0;0.0;24.0;76.3;9.72;
2021-09-04 20:00:00;0.0;0.0;0.0;24.18;73.85;9.45;
2021-09-04 21:00:00;0.0;0.0;0.0;24.24;71.4;9.38;
2021-09-04 22:00:00;0.0;0.0;0.0;24.22;73.85;9.52;
2021-09-04 23:00:00;0.0;0.0;0.0;24.04;73.85;9.86;
2021-09-05 00:00:00;0.0;0.0;0.0;23.81;76.3;10.07;
2021-09-05 01:00:00;0.0;0.0;0.0;23.54;76.3;9.93;
2021-09-05 02:00:00;0.0;0.0;0.0;23.72;78.9;9.38;
2021-09-05 03:00:00;0.0;0.0;0.0;23.77;76.3;9.03;
2021-09-05 04:00:00;0.0;0.0;0.0;23.92;76.3;9.17;
2021-09-05 05:00:00;24.0;42.92;21.0;23.95;73.75;9.31;
2021-09-05 06:00:00;178.0;260.52;107.0;24.01;73.75;9.45;
2021-09-05 07:00:00;348.0;366.31;179.0;24.04;71.4;9.93;
2021-09-05 08:00:00;562.0;627.09;171.0;24.04;71.4;10.55;
2021-09-05 09:00:00;676.0;600.31;227.0;24.07;71.4;10.83;
2021-09-05 10:00:00;774.0;663.3;226.0;24.36;71.4;10.55;
2021-09-05 11:00:00;786.0;619.09;258.0;24.4;71.4;10.34;
2021-09-05 12:00:00;749.0;588.23;263.0;24.47;73.85;10.21;
2021-09-05 13:00:00;595.0;375.66;314.0;24.56;71.5;10.14;
2021-09-05 14:00:00;489.0;376.84;254.0;24.69;71.5;9.59;
2021-09-05 15:00:00;369.0;442.06;165.0;24.72;71.5;8.83;
2021-09-05 16:00:00;213.0;473.11;84.0;24.78;73.95;8.21;
2021-09-05 17:00:00;34.0;142.78;24.0;24.81;73.95;7.72;
2021-09-05 18:00:00;0.0;0.0;0.0;24.84;71.5;7.52;
2021-09-05 19:00:00;0.0;0.0;0.0;24.92;71.5;7.31;
2021-09-05 20:00:00;0.0;0.0;0.0;24.92;71.5;7.24;
2021-09-05 21:00:00;0.0;0.0;0.0;24.94;73.95;7.24;
2021-09-05 22:00:00;0.0;0.0;0.0;24.79;71.5;7.03;
2021-09-05 23:00:00;0.0;0.0;0.0;24.76;73.95;7.03;
2021-09-06 00:00:00;0.0;0.0;0.0;24.69;73.95;7.66;
2021-09-06 01:00:00;0.0;0.0;0.0;24.62;73.95;8.21;
2021-09-06 02:00:00;0.0;0.0;0.0;24.51;78.95;8.28;
2021-09-06 03:00:00;0.0;0.0;0.0;24.45;78.95;8.07;
2021-09-06 04:00:00;0.0;0.0;0.0;24.37;78.95;7.72;
2021-09-06 05:00:00;25.0;59.58;21.0;24.29;76.35;7.17;
2021-09-06 06:00:00;182.0;292.73;103.0;24.18;76.35;6.62;
2021-09-06 07:00:00;322.0;274.68;196.0;24.15;76.35;5.93;
2021-09-06 08:00:00;461.0;307.67;270.0;24.15;73.85;5.31;
2021-09-06 09:00:00;680.0;616.05;221.0;24.23;76.35;5.1;
2021-09-06 10:00:00;791.0;719.27;199.0;24.41;73.85;5.1;
2021-09-06 11:00:00;786.0;622.75;257.0;24.52;73.85;5.1;
2021-09-06 12:00:00;757.0;615.23;251.0;24.61;71.5;5.03;
2021-09-06 13:00:00;606.0;405.96;304.0;24.65;71.5;4.9;
2021-09-06 14:00:00;384.0;145.36;294.0;24.61;73.95;4.76;
2021-09-06 15:00:00;155.0;4.38;153.0;24.59;71.5;4.28;
2021-09-06 16:00:00;99.0;18.68;94.0;24.63;71.5;4.14;
2021-09-06 17:00:00;22.0;30.85;20.0;24.63;71.5;4.28;
2021-09-06 18:00:00;0.0;0.0;0.0;24.6;71.5;4.34;
2021-09-06 19:00:00;0.0;0.0;0.0;24.58;71.5;4.14;
2021-09-06 20:00:00;0.0;0.0;0.0;24.61;71.5;3.93;
2021-09-06 21:00:00;0.0;0.0;0.0;24.58;71.5;4.14;
2021-09-06 22:00:00;0.0;0.0;0.0;24.34;76.35;4.9;
2021-09-06 23:00:00;0.0;0.0;0.0;24.34;76.35;4.76;
2021-09-07 00:00:00;0.0;0.0;0.0;24.33;76.35;4.83;
2021-09-07 01:00:00;0.0;0.0;0.0;24.32;76.35;4.9;
2021-09-07 02:00:00;0.0;0.0;0.0;24.31;76.35;5.03;
2021-09-07 03:00:00;0.0;0.0;0.0;24.36;76.35;5.03;
2021-09-07 04:00:00;0.0;0.0;0.0;24.41;76.35;4.62;
2021-09-07 05:00:00;23.0;62.14;19.0;24.48;76.35;4.34;
2021-09-07 06:00:00;200.0;426.63;86.0;24.53;76.35;4.21;
2021-09-07 07:00:00;402.0;629.31;115.0;24.57;71.5;4.14;
2021-09-07 08:00:00;582.0;724.86;134.0;24.67;71.5;4.21;
2021-09-07 09:00:00;713.0;743.79;161.0;24.75;73.95;4.34;
2021-09-07 10:00:00;816.0;812.31;150.0;24.62;73.95;4.48;
2021-09-07 11:00:00;825.0;752.97;188.0;24.72;73.95;4.76;
2021-09-07 12:00:00;825.0;835.52;141.0;24.81;73.95;4.76;
2021-09-07 13:00:00;724.0;782.7;145.0;24.92;73.95;4.48;
2021-09-07 14:00:00;572.0;691.44;147.0;24.97;76.45;4.62;
2021-09-07 15:00:00;397.0;615.17;119.0;25.03;76.45;5.03;
2021-09-07 16:00:00;202.0;457.01;82.0;25.04;74.0;5.31;
2021-09-07 17:00:00;27.0;117.49;20.0;25.07;74.0;5.45;
2021-09-07 18:00:00;0.0;0.0;0.0;25.08;74.0;5.31;
2021-09-07 19:00:00;0.0;0.0;0.0;25.07;74.0;4.62;
2021-09-07 20:00:00;0.0;0.0;0.0;25.04;74.0;4.0;
2021-09-07 21:00:00;0.0;0.0;0.0;24.97;76.45;3.72;
2021-09-07 22:00:00;0.0;0.0;0.0;24.96;79.05;3.93;
2021-09-07 23:00:00;0.0;0.0;0.0;24.87;79.05;4.48;
2021-09-08 00:00:00;0.0;0.0;0.0;24.79;79.05;4.97;
2021-09-08 01:00:00;0.0;0.0;0.0;24.69;79.05;5.38;
2021-09-08 02:00:00;0.0;0.0;0.0;24.6;79.05;5.31;
2021-09-08 03:00:00;0.0;0.0;0.0;24.54;79.05;4.83;
2021-09-08 04:00:00;0.0;0.0;0.0;24.44;78.95;4.41;
2021-09-08 05:00:00;22.0;48.7;19.0;24.41;78.95;3.86;
2021-09-08 06:00:00;200.0;438.52;84.0;24.39;78.95;3.24;
2021-09-08 07:00:00;402.0;633.04;115.0;24.36;78.95;2.76;
2021-09-08 08:00:00;579.0;718.39;137.0;24.42;76.35;2.41;
2021-09-08 09:00:00;729.0;796.83;140.0;24.51;76.35;1.86;
2021-09-08 10:00:00;816.0;816.73;149.0;24.73;73.95;2.0;
2021-09-08 11:00:00;857.0;848.71;142.0;24.74;73.95;2.21;
2021-09-08 12:00:00;837.0;873.85;125.0;24.78;73.95;2.9;
2021-09-08 13:00:00;727.0;798.06;140.0;24.84;73.95;3.66;
2021-09-08 14:00:00;579.0;731.03;133.0;24.9;73.95;4.14;
2021-09-08 15:00:00;398.0;635.28;114.0;24.98;73.95;4.48;
2021-09-08 16:00:00;202.0;477.72;79.0;25.08;71.6;4.76;
2021-09-08 17:00:00;24.0;110.49;18.0;25.11;71.6;5.03;
2021-09-08 18:00:00;0.0;0.0;0.0;25.15;71.6;4.83;
2021-09-08 19:00:00;0.0;0.0;0.0;25.13;71.6;4.62;
2021-09-08 20:00:00;0.0;0.0;0.0;25.12;71.6;4.48;
2021-09-08 21:00:00;0.0;0.0;0.0;25.06;74.0;3.66;
2021-09-08 22:00:00;0.0;0.0;0.0;24.97;76.45;3.79;
2021-09-08 23:00:00;0.0;0.0;0.0;24.88;76.45;3.17;
2021-09-09 00:00:00;0.0;0.0;0.0;24.83;76.45;2.97;
2021-09-09 01:00:00;0.0;0.0;0.0;24.78;76.45;2.76;
2021-09-09 02:00:00;0.0;0.0;0.0;24.73;76.45;2.62;
2021-09-09 03:00:00;0.0;0.0;0.0;24.66;76.45;2.76;
2021-09-09 04:00:00;0.0;0.0;0.0;24.61;76.45;2.55;
2021-09-09 05:00:00;21.0;51.0;18.0;24.59;76.45;2.07;
2021-09-09 06:00:00;188.0;366.66;92.0;24.5;78.95;1.86;
2021-09-09 07:00:00;378.0;528.12;140.0;24.41;78.95;1.79;
2021-09-09 08:00:00;577.0;720.07;136.0;24.37;78.95;1.52;
2021-09-09 09:00:00;727.0;797.37;140.0;24.42;78.95;1.1;
2021-09-09 10:00:00;819.0;828.62;145.0;24.57;76.45;0.69;
2021-09-09 11:00:00;841.0;816.56;156.0;24.58;76.45;0.41;
2021-09-09 12:00:00;808.0;806.55;154.0;24.65;76.45;1.1;
2021-09-09 13:00:00;666.0;604.44;224.0;24.76;76.45;1.59;
2021-09-09 14:00:00;492.0;422.79;236.0;24.97;76.45;1.79;
2021-09-09 15:00:00;383.0;581.26;126.0;25.08;71.6;2.07;
2021-09-09 16:00:00;167.0;265.52;100.0;25.13;74.0;2.41;
2021-09-09 17:00:00;18.0;61.22;15.0;25.16;74.0;2.62;
2021-09-09 18:00:00;0.0;0.0;0.0;25.15;76.5;2.9;
2021-09-09 19:00:00;0.0;0.0;0.0;25.17;76.5;2.9;
2021-09-09 20:00:00;0.0;0.0;0.0;25.16;76.5;2.21;
2021-09-09 21:00:00;0.0;0.0;0.0;25.14;76.5;0.97;
2021-09-09 22:00:00;0.0;0.0;0.0;24.97;79.05;1.03;
2021-09-09 23:00:00;0.0;0.0;0.0;24.91;79.05;1.03;
2021-09-10 00:00:00;0.0;0.0;0.0;24.84;79.05;1.31;
2021-09-10 01:00:00;0.0;0.0;0.0;24.78;76.45;1.52;
2021-09-10 02:00:00;0.0;0.0;0.0;24.72;76.45;1.93;
2021-09-10 03:00:00;0.0;0.0;0.0;24.64;76.45;2.62;
2021-09-10 04:00:00;0.0;0.0;0.0;24.58;76.45;2.97;
2021-09-10 05:00:00;17.0;35.69;15.0;24.51;76.35;2.9;
2021-09-10 06:00:00;198.0;451.56;81.0;24.47;76.35;2.62;
2021-09-10 07:00:00;393.0;613.97;118.0;24.36;76.35;2.28;
2021-09-10 08:00:00;531.0;547.91;197.0;24.35;76.35;2.0;
2021-09-10 09:00:00;662.0;590.63;229.0;24.36;78.95;1.52;
2021-09-10 10:00:00;741.0;602.4;253.0;24.4;76.35;2.0;
2021-09-10 11:00:00;818.0;756.66;186.0;24.44;76.35;2.21;
2021-09-10 12:00:00;778.0;718.81;198.0;24.55;71.5;2.62;
2021-09-10 13:00:00;703.0;748.35;159.0;24.72;71.5;2.83;
2021-09-10 14:00:00;540.0;605.82;176.0;24.88;71.5;3.38;
2021-09-10 15:00:00;376.0;567.25;128.0;24.94;71.5;3.66;
2021-09-10 16:00:00;184.0;408.65;83.0;24.99;71.5;3.79;
2021-09-10 17:00:00;17.0;68.7;14.0;24.99;71.5;4.07;
2021-09-10 18:00:00;0.0;0.0;0.0;24.98;73.95;4.41;
2021-09-10 19:00:00;0.0;0.0;0.0;24.96;73.95;4.69;
2021-09-10 20:00:00;0.0;0.0;0.0;24.93;73.95;4.69;
2021-09-10 21:00:00;0.0;0.0;0.0;24.87;73.95;4.55;
2021-09-10 22:00:00;0.0;0.0;0.0;24.82;73.95;4.48;
2021-09-10 23:00:00;0.0;0.0;0.0;24.75;73.95;3.66;
2021-09-11 00:00:00;0.0;0.0;0.0;24.73;73.95;3.03;
2021-09-11 01:00:00;0.0;0.0;0.0;24.65;73.95;2.97;
2021-09-11 02:00:00;0.0;0.0;0.0;24.6;73.95;3.31;
2021-09-11 03:00:00;0.0;0.0;0.0;24.54;73.95;4.07;
2021-09-11 04:00:00;0.0;0.0;0.0;24.47;76.35;4.48;
2021-09-11 05:00:00;19.0;56.35;16.0;24.39;76.35;4.48;
2021-09-11 06:00:00;197.0;456.38;80.0;24.34;76.35;4.41;
2021-09-11 07:00:00;394.0;629.02;114.0;24.28;76.35;4.34;
2021-09-11 08:00:00;574.0;723.59;135.0;24.34;76.35;4.28;
2021-09-11 09:00:00;593.0;397.25;303.0;24.46;76.35;3.66;
2021-09-11 10:00:00;368.0;26.03;347.0;24.69;71.5;3.45;
2021-09-11 11:00:00;436.0;56.52;389.0;24.81;71.5;3.03;
2021-09-11 12:00:00;332.0;13.7;321.0;24.78;71.5;2.9;
2021-09-11 13:00:00;358.0;45.67;325.0;24.76;73.95;3.52;
2021-09-11 14:00:00;565.0;721.31;135.0;24.77;73.95;4.14;
2021-09-11 15:00:00;388.0;643.21;110.0;24.81;73.95;4.21;
2021-09-11 16:00:00;182.0;417.45;81.0;24.83;73.95;4.28;
2021-09-11 17:00:00;12.0;0.0;12.0;24.78;73.95;4.55;
2021-09-11 18:00:00;0.0;0.0;0.0;24.77;73.95;4.62;
2021-09-11 19:00:00;0.0;0.0;0.0;24.81;73.95;4.62;
2021-09-11 20:00:00;0.0;0.0;0.0;24.81;73.95;4.48;
2021-09-11 21:00:00;0.0;0.0;0.0;24.75;73.95;4.34;
2021-09-11 22:00:00;0.0;0.0;0.0;24.46;76.35;4.48;
2021-09-11 23:00:00;0.0;0.0;0.0;24.42;76.35;3.38;
2021-09-12 00:00:00;0.0;0.0;0.0;24.41;73.85;2.41;
2021-09-12 01:00:00;0.0;0.0;0.0;24.35;73.85;2.0;
2021-09-12 02:00:00;0.0;0.0;0.0;24.33;73.85;2.21;
2021-09-12 03:00:00;0.0;0.0;0.0;24.31;73.85;2.34;
2021-09-12 04:00:00;0.0;0.0;0.0;24.26;73.85;2.48;
2021-09-12 05:00:00;17.0;59.49;14.0;24.23;73.85;2.83;
2021-09-12 06:00:00;191.0;437.69;80.0;24.2;71.4;3.31;
2021-09-12 07:00:00;391.0;628.48;113.0;24.22;69.05;3.52;
2021-09-12 08:00:00;568.0;715.51;136.0;24.29;69.05;3.45;
2021-09-12 09:00:00;713.0;782.79;144.0;24.47;66.75;3.1;
2021-09-12 10:00:00;640.0;362.25;349.0;24.93;60.35;2.41;
2021-09-12 11:00:00;708.0;466.28;322.0;25.0;60.35;2.69;
2021-09-12 12:00:00;795.0;802.47;154.0;24.96;64.6;3.31;
2021-09-12 13:00:00;709.0;793.72;139.0;24.95;66.85;3.86;
2021-09-12 14:00:00;560.0;723.72;132.0;25.03;69.15;3.72;
2021-09-12 15:00:00;378.0;625.03;111.0;25.16;71.6;3.38;
2021-09-12 16:00:00;180.0;435.14;77.0;25.23;76.5;3.66;
2021-09-12 17:00:00;9.0;0.0;9.0;25.09;81.75;4.34;
2021-09-12 18:00:00;0.0;0.0;0.0;24.76;90.15;5.1;
2021-09-12 19:00:00;0.0;0.0;0.0;25.02;90.15;5.45;
2021-09-12 20:00:00;0.0;0.0;0.0;25.16;87.3;5.66;
2021-09-12 21:00:00;0.0;0.0;0.0;25.07;87.3;6.28;
2021-09-12 22:00:00;0.0;0.0;0.0;24.96;90.15;8.07;
2021-09-12 23:00:00;0.0;0.0;0.0;24.74;90.15;8.69;
2021-09-13 00:00:00;0.0;0.0;0.0;24.56;87.25;8.62;
2021-09-13 01:00:00;0.0;0.0;0.0;24.51;90.1;8.55;
2021-09-13 02:00:00;0.0;0.0;0.0;24.59;87.25;8.55;
2021-09-13 03:00:00;0.0;0.0;0.0;24.56;87.25;9.1;
2021-09-13 04:00:00;0.0;0.0;0.0;24.54;87.25;9.52;
2021-09-13 05:00:00;15.0;42.0;13.0;24.44;87.2;9.45;
2021-09-13 06:00:00;161.0;251.17;98.0;24.39;84.35;9.24;
2021-09-13 07:00:00;366.0;523.31;136.0;24.37;81.65;9.03;
2021-09-13 08:00:00;340.0;101.53;279.0;24.33;81.65;9.03;
2021-09-13 09:00:00;276.0;8.29;270.0;24.1;76.35;9.17;
2021-09-13 10:00:00;539.0;190.03;387.0;23.07;73.7;9.38;
2021-09-13 11:00:00;248.0;0.0;248.0;22.37;78.7;10.14;
2021-09-13 12:00:00;109.0;0.0;109.0;22.07;81.4;10.34;
2021-09-13 13:00:00;87.0;0.0;87.0;21.77;84.1;10.76;
2021-09-13 14:00:00;64.0;0.0;64.0;21.94;78.65;10.14;
2021-09-13 15:00:00;33.0;0.0;33.0;22.34;71.05;10.14;
2021-09-13 16:00:00;82.0;17.28;78.0;22.61;66.45;11.45;
2021-09-13 17:00:00;6.0;0.0;6.0;22.86;62.05;12.48;
2021-09-13 18:00:00;0.0;0.0;0.0;22.45;61.95;13.38;
2021-09-13 19:00:00;0.0;0.0;0.0;22.36;59.8;12.9;
2021-09-13 20:00:00;0.0;0.0;0.0;20.79;68.4;10.48;
2021-09-13 21:00:00;0.0;0.0;0.0;19.8;75.7;10.76;
2021-09-13 22:00:00;0.0;0.0;0.0;20.67;66.05;12.83;
2021-09-13 23:00:00;0.0;0.0;0.0;19.44;78.3;14.41;
2021-09-14 00:00:00;0.0;0.0;0.0;18.63;86.75;13.59;
2021-09-14 01:00:00;0.0;0.0;0.0;20.24;73.2;13.45;
2021-09-14 02:00:00;0.0;0.0;0.0;19.89;78.35;14.28;
2021-09-14 03:00:00;0.0;0.0;0.0;20.54;73.3;13.45;
2021-09-14 04:00:00;0.0;0.0;0.0;21.01;68.5;13.17;
2021-09-14 05:00:00;3.0;0.0;3.0;21.58;64.0;12.28;
2021-09-14 06:00:00;116.0;68.54;99.0;21.35;63.9;12.07;
2021-09-14 07:00:00;316.0;309.17;181.0;20.62;68.4;12.07;
2021-09-14 08:00:00;426.0;260.96;270.0;20.09;75.75;11.79;
2021-09-14 09:00:00;556.0;330.34;318.0;19.99;78.45;11.86;
2021-09-14 10:00:00;122.0;0.0;122.0;20.38;75.75;13.24;
2021-09-14 11:00:00;74.0;0.0;74.0;20.51;75.85;12.34;
2021-09-14 12:00:00;204.0;0.0;204.0;19.78;83.9;12.48;
2021-09-14 13:00:00;246.0;2.82;244.0;19.46;86.8;12.55;
2021-09-14 14:00:00;306.0;68.76;266.0;19.87;83.9;11.17;
2021-09-14 15:00:00;148.0;7.19;145.0;20.16;81.15;10.62;
2021-09-14 16:00:00;90.0;30.95;83.0;20.29;81.15;10.41;
2021-09-14 17:00:00;6.0;0.0;6.0;20.33;81.15;9.66;
2021-09-14 18:00:00;0.0;0.0;0.0;20.64;78.5;8.48;
2021-09-14 19:00:00;0.0;0.0;0.0;20.89;78.5;7.93;
2021-09-14 20:00:00;0.0;0.0;0.0;20.8;78.5;7.79;
2021-09-14 21:00:00;0.0;0.0;0.0;20.6;81.2;8.28;
2021-09-14 22:00:00;0.0;0.0;0.0;20.64;78.5;9.59;
2021-09-14 23:00:00;0.0;0.0;0.0;20.14;83.95;10.55;
2021-09-15 00:00:00;0.0;0.0;0.0;20.21;86.85;10.69;
2021-09-15 01:00:00;0.0;0.0;0.0;20.51;84.05;10.76;
2021-09-15 02:00:00;0.0;0.0;0.0;21.31;78.55;11.24;
2021-09-15 03:00:00;0.0;0.0;0.0;21.39;78.55;10.62;
2021-09-15 04:00:00;0.0;0.0;0.0;21.62;76.0;10.41;
2021-09-15 05:00:00;15.0;71.52;12.0;21.9;76.0;9.93;
2021-09-15 06:00:00;0.0;0.0;0.0;22.02;71.05;9.45;
2021-09-15 07:00:00;270.0;175.21;194.0;22.05;71.05;9.38;
2021-09-15 08:00:00;334.0;97.52;276.0;22.14;73.55;9.52;
2021-09-15 09:00:00;658.0;631.61;205.0;22.28;71.05;9.59;
2021-09-15 10:00:00;598.0;297.68;362.0;22.3;73.55;9.79;
2021-09-15 11:00:00;659.0;380.97;348.0;22.51;71.05;9.24;
2021-09-15 12:00:00;656.0;434.97;314.0;22.88;68.75;8.76;
2021-09-15 13:00:00;675.0;733.76;158.0;23.15;64.3;8.28;
2021-09-15 14:00:00;419.0;284.28;255.0;23.3;64.3;8.07;
2021-09-15 15:00:00;290.0;284.05;173.0;23.31;66.55;8.07;
2021-09-15 16:00:00;104.0;72.46;88.0;23.42;66.55;7.93;
2021-09-15 17:00:00;0.0;0.0;0.0;23.48;68.85;7.72;
2021-09-15 18:00:00;0.0;0.0;0.0;23.52;68.85;7.24;
2021-09-15 19:00:00;0.0;0.0;0.0;23.56;66.65;6.76;
2021-09-15 20:00:00;0.0;0.0;0.0;23.56;66.65;6.41;
2021-09-15 21:00:00;0.0;0.0;0.0;23.59;66.65;6.07;
2021-09-15 22:00:00;0.0;0.0;0.0;23.39;71.25;6.76;
2021-09-15 23:00:00;0.0;0.0;0.0;23.34;71.25;7.03;
2021-09-16 00:00:00;0.0;0.0;0.0;23.26;71.25;6.97;
2021-09-16 01:00:00;0.0;0.0;0.0;23.22;71.25;6.69;
2021-09-16 02:00:00;0.0;0.0;0.0;23.14;71.25;6.48;
2021-09-16 03:00:00;0.0;0.0;0.0;23.1;71.25;6.14;
2021-09-16 04:00:00;0.0;0.0;0.0;23.06;71.25;5.66;
2021-09-16 05:00:00;8.0;0.0;8.0;23.09;71.25;5.03;
2021-09-16 06:00:00;186.0;462.1;74.0;23.07;71.25;4.48;
2021-09-16 07:00:00;388.0;659.17;104.0;23.06;71.25;4.14;
2021-09-16 08:00:00;572.0;762.24;121.0;23.11;71.25;4.07;
2021-09-16 09:00:00;705.0;791.43;140.0;23.17;71.25;4.28;
2021-09-16 10:00:00;790.0;812.23;149.0;23.17;71.25;4.28;
2021-09-16 11:00:00;831.0;855.48;136.0;23.21;71.25;4.21;
2021-09-16 12:00:00;740.0;675.21;212.0;23.3;71.25;4.28;
2021-09-16 13:00:00;639.0;610.02;212.0;23.42;71.25;4.41;
2021-09-16 14:00:00;534.0;695.81;136.0;23.55;68.95;4.69;
2021-09-16 15:00:00;359.0;622.02;106.0;23.55;71.35;5.17;
2021-09-16 16:00:00;161.0;422.3;70.0;23.61;71.35;5.52;
2021-09-16 17:00:00;0.0;0.0;0.0;23.58;71.35;5.79;
2021-09-16 18:00:00;0.0;0.0;0.0;23.49;73.7;5.52;
2021-09-16 19:00:00;0.0;0.0;0.0;23.4;76.2;4.76;
2021-09-16 20:00:00;0.0;0.0;0.0;23.33;76.2;4.41;
2021-09-16 21:00:00;0.0;0.0;0.0;23.2;76.2;4.62;
2021-09-16 22:00:00;0.0;0.0;0.0;22.95;78.75;5.45;
2021-09-16 23:00:00;0.0;0.0;0.0;22.87;78.75;5.45;
2021-09-17 00:00:00;0.0;0.0;0.0;22.8;78.75;5.24;
2021-09-17 01:00:00;0.0;0.0;0.0;22.74;78.75;5.1;
2021-09-17 02:00:00;0.0;0.0;0.0;22.61;78.75;5.17;
2021-09-17 03:00:00;0.0;0.0;0.0;22.53;78.75;4.97;
2021-09-17 04:00:00;0.0;0.0;0.0;22.48;78.7;4.62;
2021-09-17 05:00:00;8.0;0.0;8.0;22.5;78.7;4.41;
2021-09-17 06:00:00;185.0;459.27;75.0;22.53;76.15;4.21;
2021-09-17 07:00:00;386.0;652.02;107.0;22.5;76.1;4.0;
2021-09-17 08:00:00;571.0;764.58;121.0;22.56;73.6;3.79;
2021-09-17 09:00:00;712.0;813.46;134.0;22.65;73.6;3.86;
2021-09-17 10:00:00;798.0;833.82;143.0;22.75;73.6;4.14;
2021-09-17 11:00:00;821.0;832.48;148.0;22.9;73.6;3.93;
2021-09-17 12:00:00;760.0;736.82;187.0;23.01;73.6;3.79;
2021-09-17 13:00:00;700.0;821.19;129.0;23.1;71.25;3.79;
2021-09-17 14:00:00;538.0;717.75;131.0;23.2;71.25;3.93;
2021-09-17 15:00:00;360.0;640.01;103.0;23.26;71.25;3.72;
2021-09-17 16:00:00;143.0;299.81;80.0;23.33;71.25;3.59;
2021-09-17 17:00:00;0.0;0.0;0.0;23.35;71.25;3.79;
2021-09-17 18:00:00;0.0;0.0;0.0;23.38;73.7;3.72;
2021-09-17 19:00:00;0.0;0.0;0.0;23.38;73.7;3.24;
2021-09-17 20:00:00;0.0;0.0;0.0;23.36;73.7;2.55;
2021-09-17 21:00:00;0.0;0.0;0.0;23.3;73.7;1.93;
2021-09-17 22:00:00;0.0;0.0;0.0;22.92;73.6;1.86;
2021-09-17 23:00:00;0.0;0.0;0.0;22.87;73.6;1.45;
2021-09-18 00:00:00;0.0;0.0;0.0;22.79;73.6;1.17;
2021-09-18 01:00:00;0.0;0.0;0.0;22.69;73.6;0.83;
2021-09-18 02:00:00;0.0;0.0;0.0;22.64;73.6;0.83;
2021-09-18 03:00:00;0.0;0.0;0.0;22.57;73.6;0.62;
2021-09-18 04:00:00;0.0;0.0;0.0;22.55;73.6;0.34;
2021-09-18 05:00:00;8.0;0.0;8.0;22.49;76.1;0.34;
2021-09-18 06:00:00;184.0;469.09;73.0;22.45;76.1;0.07;
2021-09-18 07:00:00;379.0;637.77;108.0;22.32;76.1;0.41;
2021-09-18 08:00:00;554.0;717.45;134.0;22.32;76.1;0.76;
2021-09-18 09:00:00;687.0;748.08;158.0;22.31;78.7;0.97;
2021-09-18 10:00:00;778.0;793.0;158.0;22.5;78.7;1.17;
2021-09-18 11:00:00;827.0;861.5;134.0;22.55;73.6;1.1;
2021-09-18 12:00:00;794.0;861.24;128.0;22.64;73.6;0.97;
2021-09-18 13:00:00;684.0;792.01;137.0;22.76;71.15;1.17;
2021-09-18 14:00:00;536.0;729.44;126.0;22.96;71.15;1.59;
2021-09-18 15:00:00;351.0;623.19;104.0;23.18;66.55;2.07;
2021-09-18 16:00:00;154.0;429.77;66.0;23.4;66.55;2.34;
2021-09-18 17:00:00;0.0;0.0;0.0;23.51;68.85;2.62;
2021-09-18 18:00:00;0.0;0.0;0.0;23.61;66.65;2.97;
2021-09-18 19:00:00;0.0;0.0;0.0;23.69;66.65;3.38;
2021-09-18 20:00:00;0.0;0.0;0.0;23.7;68.95;3.45;
2021-09-18 21:00:00;0.0;0.0;0.0;23.69;68.95;3.38;
2021-09-18 22:00:00;0.0;0.0;0.0;23.61;68.95;3.24;
2021-09-18 23:00:00;0.0;0.0;0.0;23.59;68.95;2.83;
2021-09-19 00:00:00;0.0;0.0;0.0;23.57;68.95;2.9;
2021-09-19 01:00:00;0.0;0.0;0.0;23.56;68.95;3.31;
2021-09-19 02:00:00;0.0;0.0;0.0;23.54;71.35;3.72;
2021-09-19 03:00:00;0.0;0.0;0.0;23.55;71.35;4.07;
2021-09-19 04:00:00;0.0;0.0;0.0;23.54;73.75;4.41;
2021-09-19 05:00:00;6.0;0.0;6.0;23.49;78.85;4.69;
2021-09-19 06:00:00;111.0;77.01;93.0;23.44;81.5;5.03;
2021-09-19 07:00:00;317.0;360.26;165.0;23.3;84.25;5.38;
2021-09-19 08:00:00;502.0;534.17;191.0;23.34;87.1;5.79;
2021-09-19 09:00:00;626.0;567.0;227.0;23.54;84.35;6.41;
2021-09-19 10:00:00;644.0;422.82;315.0;23.79;87.15;7.1;
2021-09-19 11:00:00;667.0;428.57;324.0;23.82;87.15;7.31;
2021-09-19 12:00:00;604.0;345.95;338.0;23.85;87.15;7.38;
2021-09-19 13:00:00;527.0;330.94;300.0;23.93;87.15;7.38;
2021-09-19 14:00:00;317.0;104.12;259.0;24.01;87.15;7.17;
2021-09-19 15:00:00;277.0;291.47;163.0;24.08;87.2;6.83;
2021-09-19 16:00:00;92.0;70.22;78.0;24.16;87.2;6.62;
2021-09-19 17:00:00;0.0;0.0;0.0;24.28;87.2;6.55;
2021-09-19 18:00:00;0.0;0.0;0.0;24.34;87.2;6.21;
2021-09-19 19:00:00;0.0;0.0;0.0;24.39;90.1;5.66;
2021-09-19 20:00:00;0.0;0.0;0.0;24.26;90.1;5.24;
2021-09-19 21:00:00;0.0;0.0;0.0;24.12;90.1;5.17;
2021-09-19 22:00:00;0.0;0.0;0.0;24.19;90.1;5.59;
2021-09-19 23:00:00;0.0;0.0;0.0;24.21;87.2;6.21;
2021-09-20 00:00:00;0.0;0.0;0.0;24.43;81.65;6.9;
2021-09-20 01:00:00;0.0;0.0;0.0;24.52;81.65;7.24;
2021-09-20 02:00:00;0.0;0.0;0.0;24.42;81.65;7.31;
2021-09-20 03:00:00;0.0;0.0;0.0;24.23;81.65;7.59;
2021-09-20 04:00:00;0.0;0.0;0.0;24.1;81.65;7.66;
2021-09-20 05:00:00;6.0;0.0;6.0;24.02;81.55;7.31;
2021-09-20 06:00:00;156.0;294.63;88.0;23.94;81.55;6.69;
2021-09-20 07:00:00;348.0;496.57;140.0;23.82;81.55;5.72;
2021-09-20 08:00:00;503.0;528.51;197.0;23.74;81.55;5.03;
2021-09-20 09:00:00;695.0;792.61;140.0;23.7;78.9;4.9;
2021-09-20 10:00:00;771.0;783.92;164.0;23.14;76.2;5.59;
2021-09-20 11:00:00;549.0;195.92;393.0;22.99;76.15;5.86;
2021-09-20 12:00:00;598.0;328.34;347.0;22.91;73.6;5.86;
2021-09-20 13:00:00;621.0;591.63;218.0;22.86;71.15;5.59;
2021-09-20 14:00:00;526.0;722.77;127.0;22.86;71.15;5.45;
2021-09-20 15:00:00;343.0;624.56;102.0;22.89;68.75;5.24;
2021-09-20 16:00:00;145.0;417.55;64.0;22.92;66.45;4.83;
2021-09-20 17:00:00;0.0;0.0;0.0;22.97;64.2;4.83;
2021-09-20 18:00:00;0.0;0.0;0.0;23.08;62.15;5.03;
2021-09-20 19:00:00;0.0;0.0;0.0;23.27;64.3;4.97;
2021-09-20 20:00:00;0.0;0.0;0.0;23.41;64.3;4.55;
2021-09-20 21:00:00;0.0;0.0;0.0;23.47;66.55;4.07;
2021-09-20 22:00:00;0.0;0.0;0.0;23.06;66.55;4.62;
2021-09-20 23:00:00;0.0;0.0;0.0;22.99;71.15;4.55;
2021-09-21 00:00:00;0.0;0.0;0.0;22.89;71.15;4.28;
2021-09-21 01:00:00;0.0;0.0;0.0;22.8;71.15;4.21;
2021-09-21 02:00:00;0.0;0.0;0.0;22.75;71.15;4.69;
2021-09-21 03:00:00;0.0;0.0;0.0;22.73;73.6;4.97;
2021-09-21 04:00:00;0.0;0.0;0.0;22.68;73.6;4.9;
2021-09-21 05:00:00;5.0;0.0;5.0;22.62;73.6;4.62;
2021-09-21 06:00:00;122.0;122.89;94.0;22.52;73.6;4.34;
2021-09-21 07:00:00;360.0;577.2;120.0;22.42;73.55;4.28;
2021-09-21 08:00:00;512.0;573.2;182.0;22.49;71.05;4.21;
2021-09-21 09:00:00;624.0;558.35;235.0;22.78;66.45;3.93;
2021-09-21 10:00:00;733.0;669.71;217.0;23.22;73.7;5.52;
2021-09-21 11:00:00;801.0;819.37;152.0;23.41;81.5;6.14;
2021-09-21 12:00:00;776.0;840.82;137.0;23.54;81.55;5.93;
2021-09-21 13:00:00;666.0;773.24;143.0;23.63;84.35;5.1;
2021-09-21 14:00:00;515.0;698.38;133.0;23.58;87.15;5.24;
2021-09-21 15:00:00;328.0;570.14;111.0;23.53;90.1;5.24;
2021-09-21 16:00:00;137.0;392.38;63.0;23.51;93.05;5.1;
2021-09-21 17:00:00;0.0;0.0;0.0;23.46;93.05;5.03;
2021-09-21 18:00:00;0.0;0.0;0.0;23.48;93.05;4.76;
2021-09-21 19:00:00;0.0;0.0;0.0;23.49;93.05;4.55;
2021-09-21 20:00:00;0.0;0.0;0.0;23.45;93.05;4.76;
2021-09-21 21:00:00;0.0;0.0;0.0;23.38;93.05;5.24;
2021-09-21 22:00:00;0.0;0.0;0.0;23.28;90.05;6.21;
2021-09-21 23:00:00;0.0;0.0;0.0;23.22;90.05;6.55;
2021-09-22 00:00:00;0.0;0.0;0.0;23.17;90.05;6.76;
2021-09-22 01:00:00;0.0;0.0;0.0;23.14;90.05;6.9;
2021-09-22 02:00:00;0.0;0.0;0.0;22.99;93.05;7.31;
2021-09-22 03:00:00;0.0;0.0;0.0;22.84;93.05;7.79;
2021-09-22 04:00:00;0.0;0.0;0.0;22.8;93.05;8.21;
2021-09-22 05:00:00;0.0;0.0;0.0;22.79;93.05;8.62;
2021-09-22 06:00:00;137.0;213.45;89.0;22.76;93.05;9.1;
2021-09-22 07:00:00;285.0;261.69;177.0;22.93;93.05;9.45;
2021-09-22 08:00:00;539.0;718.01;128.0;23.16;90.05;9.72;
2021-09-22 09:00:00;632.0;614.61;206.0;23.35;90.05;9.79;
2021-09-22 10:00:00;709.0;627.43;228.0;23.53;87.15;9.59;
2021-09-22 11:00:00;724.0;609.24;244.0;23.67;87.15;9.24;
2021-09-22 12:00:00;677.0;563.9;251.0;23.76;90.1;9.03;
2021-09-22 13:00:00;628.0;671.58;177.0;23.85;90.1;8.9;
2021-09-22 14:00:00;478.0;579.44;164.0;23.9;93.1;8.97;
2021-09-22 15:00:00;295.0;428.96;134.0;24.0;93.1;9.1;
2021-09-22 16:00:00;108.0;196.52;72.0;24.02;93.1;9.1;
2021-09-22 17:00:00;0.0;0.0;0.0;23.99;93.1;9.1;
2021-09-22 18:00:00;0.0;0.0;0.0;23.95;93.1;9.03;
2021-09-22 19:00:00;0.0;0.0;0.0;23.97;93.1;9.17;
2021-09-22 20:00:00;0.0;0.0;0.0;23.95;93.1;9.31;
2021-09-22 21:00:00;0.0;0.0;0.0;23.95;93.1;9.72;
2021-09-22 22:00:00;0.0;0.0;0.0;23.86;93.1;10.34;
2021-09-22 23:00:00;0.0;0.0;0.0;23.86;93.1;10.41;
2021-09-23 00:00:00;0.0;0.0;0.0;23.89;93.1;10.34;
2021-09-23 01:00:00;0.0;0.0;0.0;23.92;93.1;10.14;
2021-09-23 02:00:00;0.0;0.0;0.0;23.94;93.1;10.0;
2021-09-23 03:00:00;0.0;0.0;0.0;23.98;93.1;10.0;
2021-09-23 04:00:00;0.0;0.0;0.0;24.03;87.2;9.93;
2021-09-23 05:00:00;0.0;0.0;0.0;24.06;87.2;9.86;
2021-09-23 06:00:00;152.0;324.5;80.0;24.09;87.2;9.86;
2021-09-23 07:00:00;336.0;495.65;133.0;24.1;90.1;9.66;
2021-09-23 08:00:00;514.0;625.58;158.0;24.13;90.1;9.79;
2021-09-23 09:00:00;651.0;691.79;174.0;24.25;90.1;9.72;
2021-09-23 10:00:00;719.0;667.36;210.0;24.49;90.1;9.52;
2021-09-23 11:00:00;734.0;648.26;226.0;24.57;87.25;9.24;
2021-09-23 12:00:00;630.0;442.14;298.0;24.6;90.15;9.52;
2021-09-23 13:00:00;576.0;505.48;239.0;24.61;90.15;9.38;
2021-09-23 14:00:00;460.0;523.48;179.0;24.66;90.15;9.1;
2021-09-23 15:00:00;286.0;402.66;137.0;24.68;90.15;8.97;
2021-09-23 16:00:00;96.0;140.62;71.0;24.67;90.15;9.1;
2021-09-23 17:00:00;0.0;0.0;0.0;24.6;90.15;9.45;
2021-09-23 18:00:00;0.0;0.0;0.0;24.56;90.15;9.72;
2021-09-23 19:00:00;0.0;0.0;0.0;24.59;90.15;10.07;
2021-09-23 20:00:00;0.0;0.0;0.0;24.61;90.15;10.48;
2021-09-23 21:00:00;0.0;0.0;0.0;24.61;90.15;10.41;
2021-09-23 22:00:00;0.0;0.0;0.0;24.49;93.1;11.1;
2021-09-23 23:00:00;0.0;0.0;0.0;24.48;93.1;10.97;
2021-09-24 00:00:00;0.0;0.0;0.0;24.51;90.1;10.9;
2021-09-24 01:00:00;0.0;0.0;0.0;24.55;87.25;10.83;
2021-09-24 02:00:00;0.0;0.0;0.0;24.6;87.25;10.62;
2021-09-24 03:00:00;0.0;0.0;0.0;24.64;87.25;10.21;
2021-09-24 04:00:00;0.0;0.0;0.0;24.71;87.25;9.93;
2021-09-24 05:00:00;0.0;0.0;0.0;24.75;87.25;9.93;
2021-09-24 06:00:00;151.0;333.55;78.0;24.79;84.4;9.72;
2021-09-24 07:00:00;340.0;526.57;126.0;24.84;84.4;9.45;
2021-09-24 08:00:00;522.0;666.44;145.0;24.94;84.4;9.03;
2021-09-24 09:00:00;650.0;695.47;173.0;25.06;81.75;8.62;
2021-09-24 10:00:00;632.0;425.7;309.0;25.0;84.4;8.28;
2021-09-24 11:00:00;0.0;0.0;0.0;25.03;81.7;8.76;
2021-09-24 12:00:00;740.0;790.57;150.0;25.05;79.1;8.0;
2021-09-24 13:00:00;635.0;728.3;153.0;25.14;79.1;6.97;
2021-09-24 14:00:00;473.0;592.47;158.0;25.24;79.1;6.14;
2021-09-24 15:00:00;264.0;315.3;149.0;25.06;79.1;5.86;
2021-09-24 16:00:00;98.0;168.23;69.0;24.78;84.4;5.38;
2021-09-24 17:00:00;0.0;0.0;0.0;24.67;84.4;5.72;
2021-09-24 18:00:00;0.0;0.0;0.0;24.69;84.4;6.55;
2021-09-24 19:00:00;0.0;0.0;0.0;24.78;84.4;7.24;
2021-09-24 20:00:00;0.0;0.0;0.0;24.83;81.7;8.76;
2021-09-24 21:00:00;0.0;0.0;0.0;24.81;79.05;8.97;
2021-09-24 22:00:00;0.0;0.0;0.0;24.58;79.05;8.41;
2021-09-24 23:00:00;0.0;0.0;0.0;24.33;81.65;7.38;
2021-09-25 00:00:00;0.0;0.0;0.0;24.21;81.65;6.97;
2021-09-25 01:00:00;0.0;0.0;0.0;24.1;78.95;6.34;
2021-09-25 02:00:00;0.0;0.0;0.0;24.03;73.85;4.76;
2021-09-25 03:00:00;0.0;0.0;0.0;24.0;73.75;2.97;
2021-09-25 04:00:00;0.0;0.0;0.0;23.92;73.75;0.55;
2021-09-25 05:00:00;0.0;0.0;0.0;23.85;68.95;1.66;
2021-09-25 06:00:00;139.0;264.12;82.0;23.89;68.95;3.59;
2021-09-25 07:00:00;245.0;163.69;179.0;23.55;71.35;3.72;
2021-09-25 08:00:00;371.0;199.19;259.0;23.58;71.35;2.83;
2021-09-25 09:00:00;557.0;419.25;271.0;23.57;73.75;2.14;
2021-09-25 10:00:00;466.0;131.17;367.0;23.57;78.9;0.28;
2021-09-25 11:00:00;584.0;295.47;355.0;23.5;81.5;0.83;
2021-09-25 12:00:00;519.0;223.82;353.0;23.42;84.25;1.38;
2021-09-25 13:00:00;170.0;0.0;170.0;23.4;84.25;1.03;
2021-09-25 14:00:00;120.0;0.0;120.0;23.38;81.5;1.17;
2021-09-25 15:00:00;93.0;0.0;93.0;23.33;81.5;3.45;
2021-09-25 16:00:00;63.0;29.94;58.0;23.27;81.5;2.97;
2021-09-25 17:00:00;0.0;0.0;0.0;23.38;81.5;1.24;
2021-09-25 18:00:00;0.0;0.0;0.0;23.6;78.9;1.79;
2021-09-25 19:00:00;0.0;0.0;0.0;23.86;76.3;2.62;
2021-09-25 20:00:00;0.0;0.0;0.0;24.17;76.35;2.76;
2021-09-25 21:00:00;0.0;0.0;0.0;24.28;78.95;2.55;
2021-09-25 22:00:00;0.0;0.0;0.0;24.1;81.65;1.31;
2021-09-25 23:00:00;0.0;0.0;0.0;24.07;81.65;2.21;
2021-09-26 00:00:00;0.0;0.0;0.0;24.09;81.65;3.86;
2021-09-26 01:00:00;0.0;0.0;0.0;24.17;81.65;4.41;
2021-09-26 02:00:00;0.0;0.0;0.0;24.35;78.95;4.97;
2021-09-26 03:00:00;0.0;0.0;0.0;24.5;76.35;6.07;
2021-09-26 04:00:00;0.0;0.0;0.0;24.52;76.35;7.17;
2021-09-26 05:00:00;0.0;0.0;0.0;24.48;76.35;7.59;
2021-09-26 06:00:00;160.0;437.15;67.0;24.49;76.35;7.79;
2021-09-26 07:00:00;347.0;597.54;108.0;24.6;71.5;8.41;
2021-09-26 08:00:00;525.0;712.22;127.0;24.73;71.5;9.59;
2021-09-26 09:00:00;660.0;764.98;141.0;24.71;76.45;10.21;
2021-09-26 10:00:00;685.0;599.43;235.0;24.88;79.05;9.79;
2021-09-26 11:00:00;732.0;683.81;205.0;24.87;79.05;10.14;
2021-09-26 12:00:00;648.0;525.1;261.0;24.83;81.7;10.48;
2021-09-26 13:00:00;391.0;121.17;312.0;24.75;81.7;10.69;
2021-09-26 14:00:00;328.0;161.11;244.0;24.73;81.7;10.97;
2021-09-26 15:00:00;291.0;508.3;111.0;24.81;81.7;11.59;
2021-09-26 16:00:00;114.0;365.1;55.0;24.86;84.4;12.21;
2021-09-26 17:00:00;0.0;0.0;0.0;24.9;84.4;12.55;
2021-09-26 18:00:00;0.0;0.0;0.0;24.89;84.4;12.41;
2021-09-26 19:00:00;0.0;0.0;0.0;24.84;84.4;12.0;
2021-09-26 20:00:00;0.0;0.0;0.0;24.77;84.4;11.45;
2021-09-26 21:00:00;0.0;0.0;0.0;24.71;84.4;10.83;
2021-09-26 22:00:00;0.0;0.0;0.0;24.82;81.7;10.69;
2021-09-26 23:00:00;0.0;0.0;0.0;24.76;81.7;10.55;
2021-09-27 00:00:00;0.0;0.0;0.0;24.68;84.4;10.21;
2021-09-27 01:00:00;0.0;0.0;0.0;24.58;84.4;10.07;
2021-09-27 02:00:00;0.0;0.0;0.0;24.51;87.2;9.79;
2021-09-27 03:00:00;0.0;0.0;0.0;24.43;87.2;9.66;
2021-09-27 04:00:00;0.0;0.0;0.0;24.43;87.2;9.79;
2021-09-27 05:00:00;0.0;0.0;0.0;24.44;84.35;10.14;
2021-09-27 06:00:00;84.0;38.16;76.0;24.44;84.35;10.34;
2021-09-27 07:00:00;246.0;173.93;177.0;24.44;84.35;10.69;
2021-09-27 08:00:00;366.0;194.48;258.0;24.48;84.35;10.97;
2021-09-27 09:00:00;316.0;34.09;293.0;24.6;81.7;10.97;
2021-09-27 10:00:00;364.0;40.18;334.0;24.78;79.05;10.62;
2021-09-27 11:00:00;376.0;40.45;345.0;24.81;81.7;10.83;
2021-09-27 12:00:00;693.0;681.39;194.0;24.85;84.4;10.14;
2021-09-27 13:00:00;371.0;98.91;307.0;24.85;84.4;10.21;
2021-09-27 14:00:00;209.0;17.43;200.0;24.81;87.25;10.83;
2021-09-27 15:00:00;156.0;43.0;141.0;24.91;87.25;11.24;
2021-09-27 16:00:00;21.0;0.0;21.0;24.98;87.25;11.45;
2021-09-27 17:00:00;0.0;0.0;0.0;24.96;87.25;11.52;
2021-09-27 18:00:00;0.0;0.0;0.0;24.92;87.25;11.52;
2021-09-27 19:00:00;0.0;0.0;0.0;24.85;87.25;11.45;
2021-09-27 20:00:00;0.0;0.0;0.0;24.82;87.25;11.52;
2021-09-27 21:00:00;0.0;0.0;0.0;24.82;84.4;11.52;
2021-09-27 22:00:00;0.0;0.0;0.0;24.75;84.4;11.79;
2021-09-27 23:00:00;0.0;0.0;0.0;24.8;81.7;11.79;
2021-09-28 00:00:00;0.0;0.0;0.0;24.85;81.7;11.86;
2021-09-28 01:00:00;0.0;0.0;0.0;24.83;81.7;11.86;
2021-09-28 02:00:00;0.0;0.0;0.0;24.78;81.7;11.79;
2021-09-28 03:00:00;0.0;0.0;0.0;24.73;81.7;11.72;
2021-09-28 04:00:00;0.0;0.0;0.0;24.74;81.7;11.66;
2021-09-28 05:00:00;0.0;0.0;0.0;24.72;81.7;11.59;
2021-09-28 06:00:00;147.0;367.99;71.0;24.71;81.7;11.45;
2021-09-28 07:00:00;338.0;566.83;115.0;24.72;79.05;11.38;
2021-09-28 08:00:00;513.0;679.6;138.0;24.84;79.05;11.17;
2021-09-28 09:00:00;653.0;751.26;149.0;25.03;76.5;10.97;
2021-09-28 10:00:00;741.0;795.93;150.0;25.17;74.0;11.24;
2021-09-28 11:00:00;768.0;815.09;147.0;25.25;74.0;11.24;
2021-09-28 12:00:00;736.0;823.25;137.0;25.38;74.0;11.1;
2021-09-28 13:00:00;628.0;764.74;137.0;25.48;76.5;11.03;
2021-09-28 14:00:00;470.0;661.4;132.0;25.57;74.1;11.1;
2021-09-28 15:00:00;290.0;547.31;102.0;25.64;74.1;11.17;
2021-09-28 16:00:00;100.0;304.94;54.0;25.74;74.1;11.38;
2021-09-28 17:00:00;0.0;0.0;0.0;25.74;71.65;11.38;
2021-09-28 18:00:00;0.0;0.0;0.0;25.65;71.65;11.38;
2021-09-28 19:00:00;0.0;0.0;0.0;25.59;71.65;11.45;
2021-09-28 20:00:00;0.0;0.0;0.0;25.57;69.3;11.72;
2021-09-28 21:00:00;0.0;0.0;0.0;25.58;67.05;11.93;
2021-09-28 22:00:00;0.0;0.0;0.0;25.61;67.05;12.48;
2021-09-28 23:00:00;0.0;0.0;0.0;25.61;67.05;12.62;
2021-09-29 00:00:00;0.0;0.0;0.0;25.64;67.05;13.1;
2021-09-29 01:00:00;0.0;0.0;0.0;25.75;64.8;13.17;
2021-09-29 02:00:00;0.0;0.0;0.0;25.76;64.8;13.03;
2021-09-29 03:00:00;0.0;0.0;0.0;25.69;64.8;13.03;
2021-09-29 04:00:00;0.0;0.0;0.0;25.7;64.8;13.24;
2021-09-29 05:00:00;0.0;0.0;0.0;25.73;64.8;13.17;
2021-09-29 06:00:00;144.0;373.68;68.0;25.68;67.05;13.24;
2021-09-29 07:00:00;268.0;261.48;166.0;25.58;67.05;13.24;
2021-09-29 08:00:00;461.0;492.49;191.0;25.57;69.3;12.9;
2021-09-29 09:00:00;640.0;736.1;149.0;25.56;71.65;12.48;
2021-09-29 10:00:00;718.0;751.65;163.0;25.48;76.5;11.66;
2021-09-29 11:00:00;724.0;703.7;191.0;25.47;76.5;11.86;
2021-09-29 12:00:00;663.0;615.61;218.0;25.42;79.1;11.72;
2021-09-29 13:00:00;600.0;696.95;156.0;25.38;81.75;10.97;
2021-09-29 14:00:00;428.0;508.05;171.0;25.33;81.75;10.41;
2021-09-29 15:00:00;182.0;103.49;147.0;25.31;84.45;10.14;
2021-09-29 16:00:00;43.0;6.87;42.0;25.29;84.45;9.72;
2021-09-29 17:00:00;0.0;0.0;0.0;25.22;84.45;9.45;
2021-09-29 18:00:00;0.0;0.0;0.0;25.14;84.45;9.79;
2021-09-29 19:00:00;0.0;0.0;0.0;25.18;84.45;10.48;
2021-09-29 20:00:00;0.0;0.0;0.0;25.23;84.45;11.24;
2021-09-29 21:00:00;0.0;0.0;0.0;25.2;81.75;10.83;
2021-09-29 22:00:00;0.0;0.0;0.0;25.06;81.75;10.69;
2021-09-29 23:00:00;0.0;0.0;0.0;24.99;84.4;9.1;
2021-09-30 00:00:00;0.0;0.0;0.0;24.85;87.25;7.31;
2021-09-30 01:00:00;0.0;0.0;0.0;24.69;87.25;6.21;
2021-09-30 02:00:00;0.0;0.0;0.0;24.6;87.25;5.45;
2021-09-30 03:00:00;0.0;0.0;0.0;24.58;87.25;4.83;
2021-09-30 04:00:00;0.0;0.0;0.0;24.59;84.4;5.66;
2021-09-30 05:00:00;0.0;0.0;0.0;24.72;79.05;6.48;
2021-09-30 06:00:00;98.0;94.9;79.0;24.79;76.45;7.31;
2021-09-30 07:00:00;286.0;356.83;148.0;24.63;76.45;4.62;
2021-09-30 08:00:00;450.0;471.88;193.0;24.35;78.95;0.97;
2021-09-30 09:00:00;575.0;526.28;226.0;24.53;78.95;1.72;
2021-09-30 10:00:00;669.0;610.19;221.0;23.89;87.15;4.9;
2021-09-30 11:00:00;492.0;167.34;366.0;24.26;81.65;6.21;
2021-09-30 12:00:00;91.0;0.0;91.0;25.01;79.05;4.76;
2021-09-30 13:00:00;60.0;0.0;60.0;25.15;76.5;5.17;
2021-09-30 14:00:00;406.0;447.4;182.0;25.03;81.7;7.66;
2021-09-30 15:00:00;235.0;309.41;132.0;24.72;84.4;6.14;
2021-09-30 16:00:00;69.0;107.02;54.0;23.39;96.7;3.8;
2021-09-30 17:00:00;0.0;0.0;0.0;23.39;94.36;3.7;
2021-09-30 18:00:00;0.0;0.0;0.0;23.39;92.02;3.61;
2021-09-30 19:00:00;0.0;0.0;0.0;23.39;89.68;3.51;
2021-09-30 20:00:00;0.0;0.0;0.0;23.39;87.35;3.42;
2021-09-30 21:00:00;0.0;0.0;0.0;23.39;85.01;3.33;
2021-09-30 22:00:00;0.0;0.0;0.0;23.39;82.67;3.23;
2021-09-30 23:00:00;0.0;0.0;0.0;23.39;80.33;3.14;
2021-10-01 00:00:00;0.0;0.0;0.0;23.39;78.0;3.04;
2021-10-01 01:00:00;0.0;0.0;0.0;23.39;75.66;2.95;
2021-10-01 02:00:00;0.0;0.0;0.0;23.39;73.32;2.85;
2021-10-01 03:00:00;0.0;0.0;0.0;23.39;70.98;2.76;
2021-10-01 04:00:00;0.0;0.0;0.0;23.39;68.65;2.67;
2021-10-01 05:00:00;0.0;0.0;0.0;23.39;66.31;2.57;
2021-10-01 06:00:00;138.0;344.63;69.0;23.39;63.97;2.48;
2021-10-01 07:00:00;332.0;586.96;105.0;23.39;61.63;2.38;
2021-10-01 08:00:00;516.0;732.6;117.0;23.42;68.85;3.72;
2021-10-01 09:00:00;654.0;796.21;126.0;23.45;71.25;3.79;
2021-10-01 10:00:00;735.0;818.59;134.0;23.58;76.2;4.14;
2021-10-01 11:00:00;770.0;860.63;122.0;23.65;73.75;4.28;
2021-10-01 12:00:00;713.0;802.12;137.0;23.69;76.3;4.41;
2021-10-01 13:00:00;623.0;794.23;121.0;23.72;76.3;4.48;
2021-10-01 14:00:00;471.0;719.03;111.0;23.79;76.3;4.21;
2021-10-01 15:00:00;286.0;588.77;90.0;23.88;78.9;4.21;
2021-10-01 16:00:00;91.0;299.65;49.0;23.97;78.9;4.62;
2021-10-01 17:00:00;0.0;0.0;0.0;24.01;78.9;4.48;
2021-10-01 18:00:00;0.0;0.0;0.0;24.09;78.9;4.48;
2021-10-01 19:00:00;0.0;0.0;0.0;24.13;78.9;4.83;
2021-10-01 20:00:00;0.0;0.0;0.0;24.17;76.35;5.24;
2021-10-01 21:00:00;0.0;0.0;0.0;24.19;76.35;5.31;
2021-10-01 22:00:00;0.0;0.0;0.0;24.22;78.95;5.52;
2021-10-01 23:00:00;0.0;0.0;0.0;24.27;78.95;5.24;
2021-10-02 00:00:00;0.0;0.0;0.0;24.34;78.95;5.1;
2021-10-02 01:00:00;0.0;0.0;0.0;24.34;78.95;4.9;
2021-10-02 02:00:00;0.0;0.0;0.0;24.36;78.95;4.62;
2021-10-02 03:00:00;0.0;0.0;0.0;24.36;81.65;4.34;
2021-10-02 04:00:00;0.0;0.0;0.0;24.35;81.65;4.34;
2021-10-02 05:00:00;0.0;0.0;0.0;24.34;81.65;4.62;
2021-10-02 06:00:00;76.0;30.45;70.0;24.34;84.35;4.9;
2021-10-02 07:00:00;172.0;41.74;156.0;24.16;84.35;4.83;
2021-10-02 08:00:00;182.0;3.7;180.0;24.1;90.1;4.41;
2021-10-02 09:00:00;346.0;65.23;303.0;24.17;87.2;3.93;
2021-10-02 10:00:00;475.0;167.13;353.0;24.13;90.1;4.76;
2021-10-02 11:00:00;584.0;343.39;327.0;24.09;90.1;4.14;
2021-10-02 12:00:00;530.0;287.39;325.0;24.08;90.1;4.55;
2021-10-02 13:00:00;605.0;760.71;128.0;24.03;87.15;4.69;
2021-10-02 14:00:00;417.0;512.63;163.0;24.07;87.15;4.28;
2021-10-02 15:00:00;270.0;531.13;96.0;24.0;87.15;4.9;
2021-10-02 16:00:00;81.0;229.89;50.0;23.9;84.35;5.52;
2021-10-02 17:00:00;0.0;0.0;0.0;23.6;84.25;4.55;
2021-10-02 18:00:00;0.0;0.0;0.0;23.52;81.5;3.31;
2021-10-02 19:00:00;0.0;0.0;0.0;23.45;81.5;1.17;
2021-10-02 20:00:00;0.0;0.0;0.0;23.46;78.85;1.86;
2021-10-02 21:00:00;0.0;0.0;0.0;23.4;78.85;2.62;
2021-10-02 22:00:00;0.0;0.0;0.0;23.49;81.5;2.83;
2021-10-02 23:00:00;0.0;0.0;0.0;23.48;81.5;3.93;
2021-10-03 00:00:00;0.0;0.0;0.0;23.5;78.85;4.62;
2021-10-03 01:00:00;0.0;0.0;0.0;23.37;78.85;5.31;
2021-10-03 02:00:00;0.0;0.0;0.0;23.29;78.85;5.72;
2021-10-03 03:00:00;0.0;0.0;0.0;23.23;78.85;5.24;
2021-10-03 04:00:00;0.0;0.0;0.0;22.72;81.45;4.14;
2021-10-03 05:00:00;0.0;0.0;0.0;22.52;84.15;3.38;
2021-10-03 06:00:00;137.0;376.67;64.0;22.64;81.45;2.9;
2021-10-03 07:00:00;333.0;615.9;99.0;22.62;78.75;3.03;
2021-10-03 08:00:00;490.0;653.23;139.0;22.62;78.75;2.83;
2021-10-03 09:00:00;629.0;740.15;144.0;22.57;81.4;2.55;
2021-10-03 10:00:00;588.0;389.96;305.0;22.83;76.15;1.03;
2021-10-03 11:00:00;610.0;404.63;309.0;22.79;76.15;1.1;
2021-10-03 12:00:00;576.0;396.61;295.0;22.79;76.15;2.0;
2021-10-03 13:00:00;567.0;623.78;179.0;22.91;76.15;2.62;
2021-10-03 14:00:00;407.0;477.26;173.0;22.86;76.15;2.97;
2021-10-03 15:00:00;229.0;310.24;129.0;22.89;78.75;3.24;
2021-10-03 16:00:00;65.0;123.5;49.0;22.88;78.75;3.38;
2021-10-03 17:00:00;0.0;0.0;0.0;22.86;78.75;3.72;
2021-10-03 18:00:00;0.0;0.0;0.0;22.91;78.75;4.07;
2021-10-03 19:00:00;0.0;0.0;0.0;22.86;78.75;3.93;
2021-10-03 20:00:00;0.0;0.0;0.0;22.84;78.75;3.59;
2021-10-03 21:00:00;0.0;0.0;0.0;22.83;76.15;3.17;
2021-10-03 22:00:00;0.0;0.0;0.0;22.86;76.15;3.03;
2021-10-03 23:00:00;0.0;0.0;0.0;22.81;78.75;3.24;
2021-10-04 00:00:00;0.0;0.0;0.0;22.79;78.75;3.66;
2021-10-04 01:00:00;0.0;0.0;0.0;22.72;78.75;3.86;
2021-10-04 02:00:00;0.0;0.0;0.0;22.71;78.75;3.66;
2021-10-04 03:00:00;0.0;0.0;0.0;22.75;78.75;3.66;
2021-10-04 04:00:00;0.0;0.0;0.0;22.69;76.15;3.17;
2021-10-04 05:00:00;0.0;0.0;0.0;22.59;78.7;2.55;
2021-10-04 06:00:00;12.0;0.0;12.0;21.88;81.35;2.28;
2021-10-04 07:00:00;54.0;0.0;54.0;21.41;84.05;2.07;
2021-10-04 08:00:00;384.0;282.97;233.0;21.19;84.05;2.07;
2021-10-04 09:00:00;462.0;247.2;301.0;20.9;86.9;2.28;
2021-10-04 10:00:00;371.0;55.44;331.0;21.71;81.35;1.52;
2021-10-04 11:00:00;499.0;192.07;357.0;21.82;81.35;1.79;
2021-10-04 12:00:00;295.0;17.05;283.0;21.78;81.35;1.31;
2021-10-04 13:00:00;283.0;32.42;263.0;21.78;81.35;1.24;
2021-10-04 14:00:00;40.0;0.0;40.0;21.94;78.65;1.1;
2021-10-04 15:00:00;48.0;0.0;48.0;21.41;84.05;0.69;
2021-10-04 16:00:00;7.0;0.0;7.0;20.66;86.9;1.45;
2021-10-04 17:00:00;0.0;0.0;0.0;20.57;89.85;2.28;
2021-10-04 18:00:00;0.0;0.0;0.0;20.81;86.9;2.69;
2021-10-04 19:00:00;0.0;0.0;0.0;21.08;84.05;2.97;
2021-10-04 20:00:00;0.0;0.0;0.0;21.1;86.9;2.76;
2021-10-04 21:00:00;0.0;0.0;0.0;21.12;84.05;2.55;
2021-10-04 22:00:00;0.0;0.0;0.0;20.83;84.05;4.14;
2021-10-04 23:00:00;0.0;0.0;0.0;20.79;84.05;4.34;
2021-10-05 00:00:00;0.0;0.0;0.0;20.74;84.05;4.14;
2021-10-05 01:00:00;0.0;0.0;0.0;20.71;84.05;3.66;
2021-10-05 02:00:00;0.0;0.0;0.0;20.71;84.05;3.1;
2021-10-05 03:00:00;0.0;0.0;0.0;20.59;86.85;2.83;
2021-10-05 04:00:00;0.0;0.0;0.0;20.47;86.85;3.45;
2021-10-05 05:00:00;0.0;0.0;0.0;20.25;89.85;4.34;
2021-10-05 06:00:00;81.0;58.73;70.0;20.21;86.85;4.97;
2021-10-05 07:00:00;213.0;128.69;165.0;20.63;84.05;5.03;
2021-10-05 08:00:00;438.0;468.03;190.0;21.19;81.3;5.31;
2021-10-05 09:00:00;474.0;278.09;294.0;21.36;81.3;5.59;
2021-10-05 10:00:00;668.0;654.0;199.0;21.81;73.45;5.93;
2021-10-05 11:00:00;723.0;783.97;147.0;22.01;73.45;6.34;
2021-10-05 12:00:00;594.0;473.64;263.0;22.16;71.05;6.69;
2021-10-05 13:00:00;448.0;281.07;276.0;22.3;71.05;6.41;
2021-10-05 14:00:00;423.0;595.91;137.0;22.27;71.05;6.62;
2021-10-05 15:00:00;246.0;458.59;103.0;22.4;73.55;7.03;
2021-10-05 16:00:00;77.0;293.97;42.0;22.47;73.55;7.66;
2021-10-05 17:00:00;0.0;0.0;0.0;22.42;73.55;8.0;
2021-10-05 18:00:00;0.0;0.0;0.0;22.4;76.1;8.0;
2021-10-05 19:00:00;0.0;0.0;0.0;22.48;76.1;7.79;
2021-10-05 20:00:00;0.0;0.0;0.0;22.65;73.6;7.66;
2021-10-05 21:00:00;0.0;0.0;0.0;22.73;73.6;7.79;
2021-10-05 22:00:00;0.0;0.0;0.0;22.79;71.15;6.97;
2021-10-05 23:00:00;0.0;0.0;0.0;22.82;73.6;7.1;
2021-10-06 00:00:00;0.0;0.0;0.0;22.81;73.6;7.03;
2021-10-06 01:00:00;0.0;0.0;0.0;22.75;71.15;6.97;
2021-10-06 02:00:00;0.0;0.0;0.0;22.71;71.15;6.97;
2021-10-06 03:00:00;0.0;0.0;0.0;22.65;71.15;6.76;
2021-10-06 04:00:00;0.0;0.0;0.0;22.69;68.75;6.62;
2021-10-06 05:00:00;0.0;0.0;0.0;22.7;68.75;6.48;
2021-10-06 06:00:00;125.0;320.66;66.0;22.75;66.45;6.28;
2021-10-06 07:00:00;311.0;538.58;112.0;22.78;64.2;6.0;
2021-10-06 08:00:00;493.0;701.37;124.0;22.83;64.2;5.72;
2021-10-06 09:00:00;631.0;772.69;134.0;22.89;64.2;5.59;
2021-10-06 10:00:00;713.0;805.29;139.0;23.05;64.2;5.24;
2021-10-06 11:00:00;628.0;471.16;284.0;23.04;64.2;4.62;
2021-10-06 12:00:00;700.0;819.89;131.0;23.04;64.2;4.21;
2021-10-06 13:00:00;587.0;748.06;133.0;23.04;62.05;4.0;
2021-10-06 14:00:00;431.0;638.21;128.0;23.13;62.05;4.0;
2021-10-06 15:00:00;268.0;606.65;82.0;23.16;60.05;3.79;
2021-10-06 16:00:00;70.0;263.49;40.0;23.2;60.05;3.59;
2021-10-06 17:00:00;0.0;0.0;0.0;23.19;60.05;3.31;
2021-10-06 18:00:00;0.0;0.0;0.0;23.15;62.15;2.97;
2021-10-06 19:00:00;0.0;0.0;0.0;23.12;64.2;2.9;
2021-10-06 20:00:00;0.0;0.0;0.0;23.07;64.2;2.76;
2021-10-06 21:00:00;0.0;0.0;0.0;23.03;66.45;2.41;
2021-10-06 22:00:00;0.0;0.0;0.0;23.08;66.45;2.55;
2021-10-06 23:00:00;0.0;0.0;0.0;22.99;66.45;2.07;
2021-10-07 00:00:00;0.0;0.0;0.0;22.97;66.45;1.79;
2021-10-07 01:00:00;0.0;0.0;0.0;22.94;66.45;1.52;
2021-10-07 02:00:00;0.0;0.0;0.0;22.9;68.75;1.79;
2021-10-07 03:00:00;0.0;0.0;0.0;22.9;68.75;2.34;
2021-10-07 04:00:00;0.0;0.0;0.0;22.88;68.75;2.69;
2021-10-07 05:00:00;0.0;0.0;0.0;22.95;68.75;2.83;
2021-10-07 06:00:00;132.0;404.03;59.0;22.93;68.75;2.48;
2021-10-07 07:00:00;314.0;579.32;102.0;22.92;68.75;2.0;
2021-10-07 08:00:00;507.0;765.82;107.0;22.92;68.75;1.93;
2021-10-07 09:00:00;636.0;801.1;124.0;22.98;68.75;2.28;
2021-10-07 10:00:00;723.0;846.96;123.0;22.93;71.15;3.03;
2021-10-07 11:00:00;756.0;889.07;111.0;22.98;71.15;3.17;
2021-10-07 12:00:00;701.0;838.74;123.0;23.02;71.15;3.24;
2021-10-07 13:00:00;597.0;795.87;118.0;23.04;71.15;3.38;
2021-10-07 14:00:00;446.0;726.13;105.0;23.08;73.6;3.59;
2021-10-07 15:00:00;262.0;597.22;82.0;23.12;73.6;3.86;
2021-10-07 16:00:00;68.0;266.83;39.0;23.16;73.7;4.34;
2021-10-07 17:00:00;0.0;0.0;0.0;23.26;73.7;4.76;
2021-10-07 18:00:00;0.0;0.0;0.0;23.31;73.7;5.03;
2021-10-07 19:00:00;0.0;0.0;0.0;23.33;76.2;5.1;
2021-10-07 20:00:00;0.0;0.0;0.0;23.35;76.2;5.24;
2021-10-07 21:00:00;0.0;0.0;0.0;23.34;78.85;5.66;
2021-10-07 22:00:00;0.0;0.0;0.0;23.37;81.5;6.21;
2021-10-07 23:00:00;0.0;0.0;0.0;23.34;81.5;6.41;
2021-10-08 00:00:00;0.0;0.0;0.0;23.38;84.25;6.28;
2021-10-08 01:00:00;0.0;0.0;0.0;23.4;84.25;6.14;
2021-10-08 02:00:00;0.0;0.0;0.0;23.37;84.25;6.14;
2021-10-08 03:00:00;0.0;0.0;0.0;23.29;84.25;6.41;
2021-10-08 04:00:00;0.0;0.0;0.0;23.25;84.25;6.69;
2021-10-08 05:00:00;0.0;0.0;0.0;23.24;84.25;7.17;
2021-10-08 06:00:00;125.0;366.54;60.0;23.26;84.25;7.59;
2021-10-08 07:00:00;264.0;322.87;147.0;23.22;84.25;8.14;
2021-10-08 08:00:00;477.0;659.62;135.0;23.29;84.25;8.34;
2021-10-08 09:00:00;615.0;746.45;141.0;23.4;84.25;8.55;
2021-10-08 10:00:00;650.0;615.03;217.0;23.52;81.5;8.28;
2021-10-08 11:00:00;700.0;726.95;176.0;23.58;81.5;8.48;
2021-10-08 12:00:00;681.0;793.56;138.0;23.6;84.25;8.48;
2021-10-08 13:00:00;560.0;675.25;157.0;23.58;84.25;8.62;
2021-10-08 14:00:00;417.0;617.91;130.0;23.58;84.25;8.62;
2021-10-08 15:00:00;246.0;533.38;88.0;23.65;81.55;8.55;
2021-10-08 16:00:00;59.0;202.8;38.0;23.73;81.55;8.69;
2021-10-08 17:00:00;0.0;0.0;0.0;23.72;81.55;8.76;
2021-10-08 18:00:00;0.0;0.0;0.0;23.7;81.55;8.83;
2021-10-08 19:00:00;0.0;0.0;0.0;23.65;81.55;8.83;
2021-10-08 20:00:00;0.0;0.0;0.0;23.69;81.55;8.97;
2021-10-08 21:00:00;0.0;0.0;0.0;23.71;81.55;9.17;
2021-10-08 22:00:00;0.0;0.0;0.0;23.75;81.55;9.66;
2021-10-08 23:00:00;0.0;0.0;0.0;23.69;81.55;9.93;
2021-10-09 00:00:00;0.0;0.0;0.0;23.65;81.55;10.14;
2021-10-09 01:00:00;0.0;0.0;0.0;23.57;81.5;10.21;
2021-10-09 02:00:00;0.0;0.0;0.0;23.53;81.5;10.28;
2021-10-09 03:00:00;0.0;0.0;0.0;23.46;81.5;10.41;
2021-10-09 04:00:00;0.0;0.0;0.0;23.41;81.5;10.69;
2021-10-09 05:00:00;0.0;0.0;0.0;23.38;81.5;10.9;
2021-10-09 06:00:00;111.0;264.42;65.0;23.38;81.5;11.03;
2021-10-09 07:00:00;294.0;496.13;116.0;23.39;81.5;11.03;
2021-10-09 08:00:00;470.0;652.91;134.0;23.49;81.5;11.03;
2021-10-09 09:00:00;594.0;684.77;162.0;23.61;81.5;11.03;
2021-10-09 10:00:00;669.0;698.96;180.0;23.56;81.5;10.76;
2021-10-09 11:00:00;684.0;692.59;188.0;23.56;81.5;10.83;
2021-10-09 12:00:00;618.0;591.72;216.0;23.57;81.5;10.69;
2021-10-09 13:00:00;531.0;582.99;186.0;23.58;81.5;10.55;
2021-10-09 14:00:00;380.0;472.42;163.0;23.61;81.5;10.34;
2021-10-09 15:00:00;211.0;336.68;113.0;23.64;81.55;10.21;
2021-10-09 16:00:00;52.0;152.35;37.0;23.64;81.55;10.21;
2021-10-09 17:00:00;0.0;0.0;0.0;23.61;84.25;10.41;
2021-10-09 18:00:00;0.0;0.0;0.0;23.56;84.25;10.62;
2021-10-09 19:00:00;0.0;0.0;0.0;23.56;84.25;10.76;
2021-10-09 20:00:00;0.0;0.0;0.0;23.56;84.25;10.76;
2021-10-09 21:00:00;0.0;0.0;0.0;23.54;84.25;10.55;
2021-10-09 22:00:00;0.0;0.0;0.0;23.57;84.25;10.28;
2021-10-09 23:00:00;0.0;0.0;0.0;23.55;84.25;10.21;
2021-10-10 00:00:00;0.0;0.0;0.0;23.51;84.25;10.14;
2021-10-10 01:00:00;0.0;0.0;0.0;23.47;84.25;10.21;
2021-10-10 02:00:00;0.0;0.0;0.0;23.39;84.25;10.21;
2021-10-10 03:00:00;0.0;0.0;0.0;23.32;84.25;10.14;
2021-10-10 04:00:00;0.0;0.0;0.0;23.29;84.25;10.21;
2021-10-10 05:00:00;0.0;0.0;0.0;23.25;84.25;10.21;
2021-10-10 06:00:00;105.0;234.5;65.0;23.25;84.25;10.34;
2021-10-10 07:00:00;284.0;450.52;124.0;23.22;84.25;10.48;
2021-10-10 08:00:00;460.0;616.77;145.0;23.29;84.25;10.48;
2021-10-10 09:00:00;599.0;713.26;152.0;23.39;84.25;10.55;
2021-10-10 10:00:00;681.0;758.09;154.0;23.39;84.25;10.14;
2021-10-10 11:00:00;712.0;803.97;140.0;23.51;84.25;10.34;
2021-10-10 12:00:00;651.0;722.03;164.0;23.59;84.25;10.41;
2021-10-10 13:00:00;558.0;710.7;141.0;23.65;81.55;10.34;
2021-10-10 14:00:00;406.0;612.03;128.0;23.72;81.55;10.07;
2021-10-10 15:00:00;236.0;528.05;85.0;23.76;78.9;9.86;
2021-10-10 16:00:00;53.0;214.12;33.0;23.73;78.9;9.72;
2021-10-10 17:00:00;0.0;0.0;0.0;23.74;81.55;9.59;
2021-10-10 18:00:00;0.0;0.0;0.0;23.66;81.55;9.45;
2021-10-10 19:00:00;0.0;0.0;0.0;23.58;84.25;9.38;
2021-10-10 20:00:00;0.0;0.0;0.0;23.55;84.25;9.45;
2021-10-10 21:00:00;0.0;0.0;0.0;23.53;84.25;9.52;
2021-10-10 22:00:00;0.0;0.0;0.0;23.5;84.25;9.72;
2021-10-10 23:00:00;0.0;0.0;0.0;23.46;84.25;9.66;
2021-10-11 00:00:00;0.0;0.0;0.0;23.41;84.25;9.66;
2021-10-11 01:00:00;0.0;0.0;0.0;23.39;84.25;9.45;
2021-10-11 02:00:00;0.0;0.0;0.0;23.32;84.25;9.24;
2021-10-11 03:00:00;0.0;0.0;0.0;23.27;84.25;9.17;
2021-10-11 04:00:00;0.0;0.0;0.0;23.23;84.25;9.31;
2021-10-11 05:00:00;0.0;0.0;0.0;23.21;84.25;9.45;
2021-10-11 06:00:00;76.0;71.79;64.0;23.22;84.25;9.52;
2021-10-11 07:00:00;290.0;512.1;110.0;23.26;84.25;9.52;
2021-10-11 08:00:00;435.0;522.89;170.0;23.31;84.25;9.59;
2021-10-11 09:00:00;431.0;216.87;296.0;23.44;84.25;9.52;
2021-10-11 10:00:00;613.0;535.68;243.0;23.36;84.25;8.83;
2021-10-11 11:00:00;501.0;227.8;340.0;23.41;84.25;8.76;
2021-10-11 12:00:00;548.0;404.72;277.0;23.41;84.25;8.28;
2021-10-11 13:00:00;494.0;479.61;215.0;23.44;84.25;8.34;
2021-10-11 14:00:00;316.0;258.27;200.0;23.49;87.1;7.86;
2021-10-11 15:00:00;173.0;185.14;121.0;23.57;87.1;7.72;
2021-10-11 16:00:00;46.0;158.37;32.0;23.55;87.1;7.93;
2021-10-11 17:00:00;0.0;0.0;0.0;23.57;87.1;7.79;
2021-10-11 18:00:00;0.0;0.0;0.0;23.55;87.1;7.79;
2021-10-11 19:00:00;0.0;0.0;0.0;23.53;87.1;8.0;
2021-10-11 20:00:00;0.0;0.0;0.0;23.53;87.1;8.14;
2021-10-11 21:00:00;0.0;0.0;0.0;23.53;90.05;8.21;
2021-10-11 22:00:00;0.0;0.0;0.0;23.4;87.1;8.83;
2021-10-11 23:00:00;0.0;0.0;0.0;23.4;87.1;8.76;
2021-10-12 00:00:00;0.0;0.0;0.0;23.4;87.1;8.55;
2021-10-12 01:00:00;0.0;0.0;0.0;23.38;87.1;8.14;
2021-10-12 02:00:00;0.0;0.0;0.0;23.43;87.1;7.59;
2021-10-12 03:00:00;0.0;0.0;0.0;23.42;90.05;7.31;
2021-10-12 04:00:00;0.0;0.0;0.0;23.38;90.05;7.38;
2021-10-12 05:00:00;0.0;0.0;0.0;23.33;90.05;7.86;
2021-10-12 06:00:00;83.0;116.05;64.0;23.33;87.1;8.34;
2021-10-12 07:00:00;256.0;345.01;136.0;23.29;87.1;8.69;
2021-10-12 08:00:00;371.0;304.27;218.0;23.34;87.1;8.97;
2021-10-12 09:00:00;473.0;325.1;272.0;23.46;87.1;8.83;
2021-10-12 10:00:00;355.0;55.38;317.0;23.33;87.1;7.86;
2021-10-12 11:00:00;383.0;72.64;332.0;23.36;87.1;8.0;
2021-10-12 12:00:00;537.0;389.64;278.0;23.39;87.1;8.14;
2021-10-12 13:00:00;454.0;367.6;242.0;23.43;87.1;8.34;
2021-10-12 14:00:00;273.0;153.13;205.0;23.49;90.05;8.55;
2021-10-12 15:00:00;182.0;246.53;114.0;23.5;90.05;8.55;
2021-10-12 16:00:00;36.0;83.89;29.0;23.55;90.05;8.48;
2021-10-12 17:00:00;0.0;0.0;0.0;23.5;90.05;8.28;
2021-10-12 18:00:00;0.0;0.0;0.0;23.44;90.05;8.28;
2021-10-12 19:00:00;0.0;0.0;0.0;23.41;90.05;8.28;
2021-10-12 20:00:00;0.0;0.0;0.0;23.41;90.05;8.48;
2021-10-12 21:00:00;0.0;0.0;0.0;23.4;90.05;8.55;
2021-10-12 22:00:00;0.0;0.0;0.0;23.37;93.05;8.69;
2021-10-12 23:00:00;0.0;0.0;0.0;23.32;93.05;8.62;
2021-10-13 00:00:00;0.0;0.0;0.0;23.31;93.05;8.9;
2021-10-13 01:00:00;0.0;0.0;0.0;23.27;93.05;9.03;
2021-10-13 02:00:00;0.0;0.0;0.0;23.26;93.05;9.24;
2021-10-13 03:00:00;0.0;0.0;0.0;23.24;93.05;9.52;
2021-10-13 04:00:00;0.0;0.0;0.0;23.23;93.05;9.72;
2021-10-13 05:00:00;0.0;0.0;0.0;23.24;93.05;9.93;
2021-10-13 06:00:00;86.0;143.51;63.0;23.26;90.05;10.14;
2021-10-13 07:00:00;180.0;87.18;150.0;23.27;90.05;10.0;
2021-10-13 08:00:00;346.0;240.54;226.0;23.41;90.05;9.79;
2021-10-13 09:00:00;527.0;496.72;222.0;23.51;93.05;9.52;
2021-10-13 10:00:00;486.0;237.63;324.0;23.71;90.1;9.31;
2021-10-13 11:00:00;418.0;111.85;340.0;23.76;93.1;8.62;
2021-10-13 12:00:00;509.0;327.36;293.0;23.81;93.1;8.0;
2021-10-13 13:00:00;374.0;178.41;272.0;23.83;93.1;7.59;
2021-10-13 14:00:00;255.0;120.72;202.0;23.88;93.1;7.52;
2021-10-13 15:00:00;146.0;110.78;116.0;23.91;96.2;6.9;
2021-10-13 16:00:00;36.0;101.88;28.0;23.91;96.2;5.86;
2021-10-13 17:00:00;0.0;0.0;0.0;23.84;96.2;5.1;
2021-10-13 18:00:00;0.0;0.0;0.0;23.8;96.2;6.28;
2021-10-13 19:00:00;0.0;0.0;0.0;23.74;96.2;8.62;
2021-10-13 20:00:00;0.0;0.0;0.0;23.66;96.2;9.79;
2021-10-13 21:00:00;0.0;0.0;0.0;23.58;96.2;10.0;
2021-10-13 22:00:00;0.0;0.0;0.0;23.7;93.1;10.48;
2021-10-13 23:00:00;0.0;0.0;0.0;23.75;93.1;9.24;
2021-10-14 00:00:00;0.0;0.0;0.0;23.78;90.1;8.76;
2021-10-14 01:00:00;0.0;0.0;0.0;23.76;90.1;8.83;
2021-10-14 02:00:00;0.0;0.0;0.0;23.7;90.1;8.41;
2021-10-14 03:00:00;0.0;0.0;0.0;23.67;90.1;7.86;
2021-10-14 04:00:00;0.0;0.0;0.0;23.67;90.1;8.28;
2021-10-14 05:00:00;0.0;0.0;0.0;23.7;87.15;9.03;
2021-10-14 06:00:00;101.0;280.64;57.0;23.8;87.15;9.38;
2021-10-14 07:00:00;123.0;11.75;119.0;23.86;87.15;9.66;
2021-10-14 08:00:00;450.0;634.5;136.0;24.06;87.15;10.07;
2021-10-14 09:00:00;229.0;6.56;225.0;24.22;84.35;10.9;
2021-10-14 10:00:00;634.0;645.29;197.0;24.72;79.05;10.76;
2021-10-14 11:00:00;673.0;732.0;166.0;24.95;79.05;11.31;
2021-10-14 12:00:00;170.0;0.0;170.0;25.12;79.05;11.31;
2021-10-14 13:00:00;458.0;398.77;232.0;25.25;76.5;10.69;
2021-10-14 14:00:00;48.0;0.0;48.0;25.41;76.5;10.83;
2021-10-14 15:00:00;136.0;86.51;113.0;25.48;76.5;11.1;
2021-10-14 16:00:00;27.0;54.3;23.0;25.53;76.5;11.24;
2021-10-14 17:00:00;0.0;0.0;0.0;25.57;76.5;11.17;
2021-10-14 18:00:00;0.0;0.0;0.0;25.57;76.5;11.66;
2021-10-14 19:00:00;0.0;0.0;0.0;25.6;76.5;12.0;
2021-10-14 20:00:00;0.0;0.0;0.0;25.61;76.5;12.0;
2021-10-14 21:00:00;0.0;0.0;0.0;25.56;76.5;12.0;
2021-10-14 22:00:00;0.0;0.0;0.0;25.19;76.5;10.9;
2021-10-14 23:00:00;0.0;0.0;0.0;25.21;76.5;10.62;
2021-10-15 00:00:00;0.0;0.0;0.0;25.31;76.5;10.55;
2021-10-15 01:00:00;0.0;0.0;0.0;25.41;74.0;10.76;
2021-10-15 02:00:00;0.0;0.0;0.0;25.33;76.5;8.9;
2021-10-15 03:00:00;0.0;0.0;0.0;25.32;79.1;7.1;
2021-10-15 04:00:00;0.0;0.0;0.0;25.24;79.1;5.79;
2021-10-15 05:00:00;0.0;0.0;0.0;25.02;84.4;5.1;
2021-10-15 06:00:00;95.0;247.91;57.0;24.63;87.2;4.83;
2021-10-15 07:00:00;261.0;415.91;121.0;24.1;93.1;4.48;
2021-10-15 08:00:00;381.0;368.75;200.0;23.63;90.1;4.07;
2021-10-15 09:00:00;566.0;672.19;159.0;23.36;93.05;5.24;
2021-10-15 10:00:00;639.0;688.28;176.0;23.43;90.05;4.62;
2021-10-15 11:00:00;649.0;670.16;188.0;23.37;87.1;6.14;
2021-10-15 12:00:00;621.0;707.62;161.0;23.26;84.25;6.21;
2021-10-15 13:00:00;522.0;665.74;148.0;23.49;78.85;5.1;
2021-10-15 14:00:00;379.0;601.33;121.0;23.51;78.85;3.31;
2021-10-15 15:00:00;200.0;425.41;89.0;23.46;76.2;1.86;
2021-10-15 16:00:00;33.0;130.7;24.0;23.45;78.85;0.28;
2021-10-15 17:00:00;0.0;0.0;0.0;23.67;78.9;2.9;
2021-10-15 18:00:00;0.0;0.0;0.0;24.26;73.85;4.21;
2021-10-15 19:00:00;0.0;0.0;0.0;24.55;73.85;3.79;
2021-10-15 20:00:00;0.0;0.0;0.0;24.74;71.5;4.14;
2021-10-15 21:00:00;0.0;0.0;0.0;24.73;71.5;4.62;
2021-10-15 22:00:00;0.0;0.0;0.0;24.41;73.85;4.9;
2021-10-15 23:00:00;0.0;0.0;0.0;24.42;76.35;3.86;
2021-10-16 00:00:00;0.0;0.0;0.0;24.19;76.35;3.93;
2021-10-16 01:00:00;0.0;0.0;0.0;23.56;81.5;5.38;
2021-10-16 02:00:00;0.0;0.0;0.0;23.18;78.85;5.72;
2021-10-16 03:00:00;0.0;0.0;0.0;23.1;78.75;5.31;
2021-10-16 04:00:00;0.0;0.0;0.0;23.15;73.7;4.07;
2021-10-16 05:00:00;0.0;0.0;0.0;23.19;73.7;4.41;
2021-10-16 06:00:00;95.0;273.78;54.0;23.15;76.2;4.83;
2021-10-16 07:00:00;273.0;504.76;105.0;23.09;78.75;5.1;
2021-10-16 08:00:00;448.0;673.78;120.0;23.06;78.75;4.76;
2021-10-16 09:00:00;575.0;726.91;138.0;23.05;78.75;4.76;
2021-10-16 10:00:00;660.0;781.26;138.0;23.14;76.2;4.07;
2021-10-16 11:00:00;663.0;736.28;160.0;23.12;81.45;4.48;
2021-10-16 12:00:00;627.0;748.6;144.0;23.13;81.45;4.41;
2021-10-16 13:00:00;489.0;545.94;185.0;23.11;81.45;3.79;
2021-10-16 14:00:00;331.0;389.05;166.0;23.15;76.2;3.66;
2021-10-16 15:00:00;188.0;367.12;94.0;23.18;76.2;3.59;
2021-10-16 16:00:00;30.0;124.78;22.0;23.15;76.2;2.69;
2021-10-16 17:00:00;0.0;0.0;0.0;23.09;78.75;2.07;
2021-10-16 18:00:00;0.0;0.0;0.0;23.05;78.75;1.86;
2021-10-16 19:00:00;0.0;0.0;0.0;23.03;78.75;1.93;
2021-10-16 20:00:00;0.0;0.0;0.0;23.04;78.75;1.86;
2021-10-16 21:00:00;0.0;0.0;0.0;23.0;78.75;1.38;
2021-10-16 22:00:00;0.0;0.0;0.0;22.86;76.15;0.41;
2021-10-16 23:00:00;0.0;0.0;0.0;22.8;76.15;0.07;
2021-10-17 00:00:00;0.0;0.0;0.0;22.78;78.75;0.83;
2021-10-17 01:00:00;0.0;0.0;0.0;22.75;78.75;1.86;
2021-10-17 02:00:00;0.0;0.0;0.0;22.78;78.75;2.69;
2021-10-17 03:00:00;0.0;0.0;0.0;22.89;78.75;3.03;
2021-10-17 04:00:00;0.0;0.0;0.0;22.96;81.45;3.31;
2021-10-17 05:00:00;0.0;0.0;0.0;23.03;81.45;3.79;
2021-10-17 06:00:00;93.0;280.42;52.0;23.13;81.45;4.48;
2021-10-17 07:00:00;274.0;528.83;100.0;23.12;81.45;5.31;
2021-10-17 08:00:00;446.0;675.32;120.0;23.16;81.5;6.0;
2021-10-17 09:00:00;566.0;700.34;148.0;23.18;81.5;6.62;
2021-10-17 10:00:00;611.0;614.83;203.0;23.61;84.25;6.97;
2021-10-17 11:00:00;632.0;632.34;203.0;23.72;84.35;7.03;
2021-10-17 12:00:00;583.0;594.99;202.0;23.85;84.35;6.48;
2021-10-17 13:00:00;517.0;679.44;142.0;23.9;84.35;5.59;
2021-10-17 14:00:00;375.0;625.0;113.0;23.91;84.35;4.69;
2021-10-17 15:00:00;195.0;449.81;82.0;23.89;87.15;4.14;
2021-10-17 16:00:00;26.0;100.98;20.0;23.87;87.15;4.07;
2021-10-17 17:00:00;0.0;0.0;0.0;23.89;87.15;3.79;
2021-10-17 18:00:00;0.0;0.0;0.0;23.87;87.15;3.45;
2021-10-17 19:00:00;0.0;0.0;0.0;23.85;87.15;3.52;
2021-10-17 20:00:00;0.0;0.0;0.0;23.83;87.15;3.79;
2021-10-17 21:00:00;0.0;0.0;0.0;23.83;87.15;3.93;
2021-10-17 22:00:00;0.0;0.0;0.0;23.91;87.15;4.07;
2021-10-17 23:00:00;0.0;0.0;0.0;23.89;87.15;3.86;
2021-10-18 00:00:00;0.0;0.0;0.0;23.87;87.15;3.45;
2021-10-18 01:00:00;0.0;0.0;0.0;23.86;87.15;2.97;
2021-10-18 02:00:00;0.0;0.0;0.0;23.8;84.35;2.48;
2021-10-18 03:00:00;0.0;0.0;0.0;23.78;84.35;2.21;
2021-10-18 04:00:00;0.0;0.0;0.0;23.74;84.35;2.0;
2021-10-18 05:00:00;0.0;0.0;0.0;23.69;84.35;1.86;
2021-10-18 06:00:00;98.0;357.52;47.0;23.64;84.35;1.72;
2021-10-18 07:00:00;286.0;614.99;86.0;23.53;84.25;1.45;
2021-10-18 08:00:00;460.0;741.67;105.0;23.44;84.25;1.1;
2021-10-18 09:00:00;592.0;801.67;117.0;23.37;84.25;0.83;
2021-10-18 10:00:00;669.0;825.44;125.0;23.47;81.5;1.24;
2021-10-18 11:00:00;690.0;843.1;122.0;23.48;81.5;1.59;
2021-10-18 12:00:00;620.0;744.29;147.0;23.5;81.5;1.93;
2021-10-18 13:00:00;525.0;725.73;128.0;23.59;81.5;2.0;
2021-10-18 14:00:00;390.0;704.75;98.0;23.67;76.3;2.07;
2021-10-18 15:00:00;201.0;511.29;75.0;23.7;76.3;2.21;
2021-10-18 16:00:00;25.0;127.76;18.0;23.7;76.3;2.28;
2021-10-18 17:00:00;0.0;0.0;0.0;23.68;76.3;2.48;
2021-10-18 18:00:00;0.0;0.0;0.0;23.64;78.9;2.69;
2021-10-18 19:00:00;0.0;0.0;0.0;23.57;81.5;3.1;
2021-10-18 20:00:00;0.0;0.0;0.0;23.52;81.5;3.45;
2021-10-18 21:00:00;0.0;0.0;0.0;23.45;81.5;3.93;
2021-10-18 22:00:00;0.0;0.0;0.0;23.31;84.25;4.41;
2021-10-18 23:00:00;0.0;0.0;0.0;23.32;84.25;4.69;
2021-10-19 00:00:00;0.0;0.0;0.0;23.32;81.5;5.1;
2021-10-19 01:00:00;0.0;0.0;0.0;23.32;81.5;5.52;
2021-10-19 02:00:00;0.0;0.0;0.0;23.24;81.5;6.14;
2021-10-19 03:00:00;0.0;0.0;0.0;23.19;81.5;6.34;
2021-10-19 04:00:00;0.0;0.0;0.0;23.13;81.5;6.41;
2021-10-19 05:00:00;0.0;0.0;0.0;23.09;84.25;6.48;
2021-10-19 06:00:00;80.0;186.96;54.0;23.06;84.25;6.34;
2021-10-19 07:00:00;258.0;454.32;112.0;23.0;84.25;5.93;
2021-10-19 08:00:00;411.0;526.82;161.0;22.98;84.25;5.45;
2021-10-19 09:00:00;551.0;649.48;169.0;23.06;81.45;5.1;
2021-10-19 10:00:00;643.0;745.63;155.0;23.03;78.75;4.69;
2021-10-19 11:00:00;668.0;781.78;145.0;23.2;73.7;4.28;
2021-10-19 12:00:00;579.0;593.01;205.0;23.32;73.7;4.28;
2021-10-19 13:00:00;492.0;593.91;170.0;23.35;73.7;4.55;
2021-10-19 14:00:00;266.0;188.03;189.0;23.33;73.7;4.9;
2021-10-19 15:00:00;152.0;202.73;103.0;23.38;73.7;5.17;
2021-10-19 16:00:00;17.0;39.82;15.0;23.45;73.7;5.17;
2021-10-19 17:00:00;0.0;0.0;0.0;23.57;73.7;5.1;
2021-10-19 18:00:00;0.0;0.0;0.0;23.65;71.35;4.83;
2021-10-19 19:00:00;0.0;0.0;0.0;23.63;71.35;4.55;
2021-10-19 20:00:00;0.0;0.0;0.0;23.62;76.2;4.0;
2021-10-19 21:00:00;0.0;0.0;0.0;23.57;76.2;3.52;
2021-10-19 22:00:00;0.0;0.0;0.0;23.51;76.2;3.45;
2021-10-19 23:00:00;0.0;0.0;0.0;23.41;76.2;3.03;
2021-10-20 00:00:00;0.0;0.0;0.0;23.34;76.2;2.62;
2021-10-20 01:00:00;0.0;0.0;0.0;23.26;76.2;2.28;
2021-10-20 02:00:00;0.0;0.0;0.0;23.14;76.2;2.07;
2021-10-20 03:00:00;0.0;0.0;0.0;23.02;78.75;2.0;
2021-10-20 04:00:00;0.0;0.0;0.0;22.95;81.45;1.93;
2021-10-20 05:00:00;0.0;0.0;0.0;22.78;81.45;2.0;
2021-10-20 06:00:00;68.0;118.11;52.0;22.65;81.45;2.21;
2021-10-20 07:00:00;268.0;551.18;93.0;22.57;84.15;2.34;
2021-10-20 08:00:00;444.0;707.88;111.0;22.55;84.15;2.21;
2021-10-20 09:00:00;567.0;745.12;132.0;22.54;84.15;1.93;
2021-10-20 10:00:00;634.0;737.02;155.0;22.61;84.15;1.66;
2021-10-20 11:00:00;630.0;662.39;190.0;22.65;81.45;1.24;
2021-10-20 12:00:00;540.0;482.53;238.0;22.7;78.75;0.97;
2021-10-20 13:00:00;484.0;584.36;170.0;22.72;78.75;1.24;
2021-10-20 14:00:00;334.0;464.52;146.0;22.74;78.75;1.52;
2021-10-20 15:00:00;172.0;350.16;89.0;22.78;76.15;2.07;
2021-10-20 16:00:00;17.0;65.62;14.0;22.85;76.15;2.62;
2021-10-20 17:00:00;0.0;0.0;0.0;22.87;76.15;3.31;
2021-10-20 18:00:00;0.0;0.0;0.0;22.89;73.6;3.79;
2021-10-20 19:00:00;0.0;0.0;0.0;22.85;73.6;4.07;
2021-10-20 20:00:00;0.0;0.0;0.0;22.77;73.6;3.93;
2021-10-20 21:00:00;0.0;0.0;0.0;22.66;73.6;3.59;
2021-10-20 22:00:00;0.0;0.0;0.0;22.51;76.1;2.48;
2021-10-20 23:00:00;0.0;0.0;0.0;22.41;73.55;1.93;
2021-10-21 00:00:00;0.0;0.0;0.0;22.38;73.55;1.31;
2021-10-21 01:00:00;0.0;0.0;0.0;22.31;73.55;1.59;
2021-10-21 02:00:00;0.0;0.0;0.0;22.24;73.55;2.14;
2021-10-21 03:00:00;0.0;0.0;0.0;22.15;73.55;2.69;
2021-10-21 04:00:00;0.0;0.0;0.0;22.1;76.0;2.9;
2021-10-21 05:00:00;0.0;0.0;0.0;22.12;76.0;2.76;
2021-10-21 06:00:00;87.0;318.54;45.0;22.11;76.0;2.34;
2021-10-21 07:00:00;270.0;577.13;89.0;22.01;76.0;1.93;
2021-10-21 08:00:00;448.0;737.76;104.0;21.97;76.0;1.52;
2021-10-21 09:00:00;573.0;778.36;122.0;22.05;76.0;1.79;
2021-10-21 10:00:00;649.0;802.67;131.0;22.14;76.1;3.1;
2021-10-21 11:00:00;623.0;650.44;194.0;22.35;76.1;4.07;
2021-10-21 12:00:00;551.0;528.11;223.0;22.55;78.7;4.97;
2021-10-21 13:00:00;486.0;610.28;161.0;22.79;78.75;5.31;
2021-10-21 14:00:00;328.0;457.53;145.0;23.02;81.45;5.93;
2021-10-21 15:00:00;173.0;378.63;85.0;23.24;78.85;6.69;
2021-10-21 16:00:00;15.0;72.67;12.0;23.36;76.2;7.24;
2021-10-21 17:00:00;0.0;0.0;0.0;23.4;78.85;7.45;
2021-10-21 18:00:00;0.0;0.0;0.0;23.54;81.5;7.45;
2021-10-21 19:00:00;0.0;0.0;0.0;23.71;81.55;7.66;
2021-10-21 20:00:00;0.0;0.0;0.0;23.92;84.35;8.07;
2021-10-21 21:00:00;0.0;0.0;0.0;24.16;81.65;8.28;
2021-10-21 22:00:00;0.0;0.0;0.0;24.22;78.95;8.28;
2021-10-21 23:00:00;0.0;0.0;0.0;24.18;76.35;9.24;
2021-10-22 00:00:00;0.0;0.0;0.0;24.05;76.3;10.83;
2021-10-22 01:00:00;0.0;0.0;0.0;23.84;71.35;12.41;
2021-10-22 02:00:00;0.0;0.0;0.0;23.79;68.95;12.97;
2021-10-22 03:00:00;0.0;0.0;0.0;23.78;66.65;13.31;
2021-10-22 04:00:00;0.0;0.0;0.0;23.72;66.65;13.31;
2021-10-22 05:00:00;0.0;0.0;0.0;23.54;66.55;13.17;
2021-10-22 06:00:00;83.0;296.37;45.0;23.29;66.55;13.59;
2021-10-22 07:00:00;224.0;313.18;127.0;23.13;64.3;13.86;
2021-10-22 08:00:00;420.0;616.72;135.0;23.0;62.05;14.14;
2021-10-22 09:00:00;384.0;180.86;280.0;22.8;62.05;13.93;
2021-10-22 10:00:00;313.0;37.45;289.0;22.27;61.95;14.21;
2021-10-22 11:00:00;588.0;534.47;238.0;21.74;61.85;14.28;
2021-10-22 12:00:00;385.0;131.43;304.0;21.31;61.7;13.31;
2021-10-22 13:00:00;430.0;401.68;218.0;21.5;61.7;13.03;
2021-10-22 14:00:00;245.0;154.32;184.0;21.74;59.7;13.24;
2021-10-22 15:00:00;67.0;4.39;66.0;21.95;57.65;13.24;
2021-10-22 16:00:00;10.0;0.0;10.0;21.83;53.75;12.97;
2021-10-22 17:00:00;0.0;0.0;0.0;21.64;50.05;12.62;
2021-10-22 18:00:00;0.0;0.0;0.0;21.44;48.2;12.14;
2021-10-22 19:00:00;0.0;0.0;0.0;21.34;48.2;11.93;
2021-10-22 20:00:00;0.0;0.0;0.0;21.11;48.2;12.07;
2021-10-22 21:00:00;0.0;0.0;0.0;21.11;48.05;12.83;
2021-10-22 22:00:00;0.0;0.0;0.0;21.08;48.05;14.28;
2021-10-22 23:00:00;0.0;0.0;0.0;20.66;48.05;14.97;
2021-10-23 00:00:00;0.0;0.0;0.0;20.2;47.9;14.76;
2021-10-23 01:00:00;0.0;0.0;0.0;19.96;47.9;14.55;
2021-10-23 02:00:00;0.0;0.0;0.0;19.8;47.9;13.38;
2021-10-23 03:00:00;0.0;0.0;0.0;19.72;47.9;12.34;
2021-10-23 04:00:00;0.0;0.0;0.0;19.77;46.2;11.66;
2021-10-23 05:00:00;0.0;0.0;0.0;19.82;46.2;11.45;
2021-10-23 06:00:00;87.0;369.26;41.0;19.8;46.2;11.38;
2021-10-23 07:00:00;246.0;447.99;109.0;19.82;46.2;10.83;
2021-10-23 08:00:00;398.0;519.69;160.0;20.0;47.9;10.34;
2021-10-23 09:00:00;561.0;750.01;133.0;20.15;47.9;10.14;
2021-10-23 10:00:00;575.0;545.41;228.0;20.07;44.6;9.93;
2021-10-23 11:00:00;673.0;845.93;123.0;20.06;46.2;9.93;
2021-10-23 12:00:00;583.0;660.59;179.0;20.12;46.2;10.28;
2021-10-23 13:00:00;454.0;495.16;195.0;20.16;47.9;10.28;
2021-10-23 14:00:00;315.0;417.26;152.0;20.26;49.7;10.76;
2021-10-23 15:00:00;177.0;465.6;73.0;20.4;51.5;11.03;
2021-10-23 16:00:00;9.0;0.0;9.0;20.6;51.65;11.45;
2021-10-23 17:00:00;0.0;0.0;0.0;20.85;51.65;11.38;
2021-10-23 18:00:00;0.0;0.0;0.0;21.1;51.65;11.1;
2021-10-23 19:00:00;0.0;0.0;0.0;21.33;49.95;10.9;
2021-10-23 20:00:00;0.0;0.0;0.0;21.49;51.75;11.66;
2021-10-23 21:00:00;0.0;0.0;0.0;21.5;51.75;12.07;
2021-10-23 22:00:00;0.0;0.0;0.0;21.3;49.95;10.34;
2021-10-23 23:00:00;0.0;0.0;0.0;21.11;49.95;10.21;
2021-10-24 00:00:00;0.0;0.0;0.0;20.98;53.5;9.93;
2021-10-24 01:00:00;0.0;0.0;0.0;20.49;55.3;11.59;
2021-10-24 02:00:00;0.0;0.0;0.0;20.27;55.3;13.17;
2021-10-24 03:00:00;0.0;0.0;0.0;19.79;57.3;13.79;
2021-10-24 04:00:00;0.0;0.0;0.0;19.26;59.25;14.48;
2021-10-24 05:00:00;0.0;0.0;0.0;19.11;61.4;14.62;
2021-10-24 06:00:00;75.0;264.65;43.0;19.09;61.4;13.66;
2021-10-24 07:00:00;220.0;327.94;121.0;19.23;61.4;12.55;
2021-10-24 08:00:00;370.0;431.92;174.0;19.35;61.4;12.28;
2021-10-24 09:00:00;498.0;528.02;199.0;19.71;59.35;12.28;
2021-10-24 10:00:00;561.0;530.35;226.0;19.91;59.35;10.55;
2021-10-24 11:00:00;627.0;723.46;160.0;20.08;57.3;10.14;
2021-10-24 12:00:00;567.0;641.0;178.0;20.22;57.3;10.34;
2021-10-24 13:00:00;480.0;648.18;144.0;20.31;59.35;10.41;
2021-10-24 14:00:00;346.0;624.26;105.0;20.29;59.35;10.21;
2021-10-24 15:00:00;166.0;415.65;75.0;20.39;59.35;9.79;
2021-10-24 16:00:00;5.0;0.0;5.0;20.61;57.45;9.59;
2021-10-24 17:00:00;0.0;0.0;0.0;20.83;59.5;9.66;
2021-10-24 18:00:00;0.0;0.0;0.0;20.94;61.6;9.66;
2021-10-24 19:00:00;0.0;0.0;0.0;21.09;61.6;9.86;
2021-10-24 20:00:00;0.0;0.0;0.0;21.22;59.6;10.28;
2021-10-24 21:00:00;0.0;0.0;0.0;21.11;61.7;10.69;
2021-10-24 22:00:00;0.0;0.0;0.0;21.36;59.6;10.48;
2021-10-24 23:00:00;0.0;0.0;0.0;21.39;59.6;10.62;
2021-10-25 00:00:00;0.0;0.0;0.0;21.38;59.6;10.83;
2021-10-25 01:00:00;0.0;0.0;0.0;21.29;61.7;10.97;
2021-10-25 02:00:00;0.0;0.0;0.0;21.05;63.8;11.1;
2021-10-25 03:00:00;0.0;0.0;0.0;20.83;63.8;10.97;
2021-10-25 04:00:00;0.0;0.0;0.0;20.72;61.6;10.76;
2021-10-25 05:00:00;0.0;0.0;0.0;20.66;61.6;10.62;
2021-10-25 06:00:00;78.0;332.65;39.0;20.61;61.6;10.62;
2021-10-25 07:00:00;231.0;402.76;111.0;20.64;63.8;10.76;
2021-10-25 08:00:00;410.0;622.77;130.0;20.69;63.8;10.76;
2021-10-25 09:00:00;554.0;761.74;126.0;20.75;63.8;10.69;
2021-10-25 10:00:00;631.0;795.72;132.0;21.25;59.6;9.59;
2021-10-25 11:00:00;644.0;791.13;137.0;21.36;59.6;9.79;
2021-10-25 12:00:00;608.0;805.4;123.0;21.44;57.55;9.86;
2021-10-25 13:00:00;501.0;745.52;118.0;21.53;57.55;9.72;
2021-10-25 14:00:00;355.0;681.47;95.0;21.55;55.55;9.59;
2021-10-25 15:00:00;173.0;498.67;66.0;21.52;57.55;9.24;
2021-10-25 16:00:00;6.0;0.0;6.0;21.47;57.55;8.69;
2021-10-25 17:00:00;0.0;0.0;0.0;21.41;57.55;8.14;
2021-10-25 18:00:00;0.0;0.0;0.0;21.34;57.55;7.52;
2021-10-25 19:00:00;0.0;0.0;0.0;21.23;59.6;6.9;
2021-10-25 20:00:00;0.0;0.0;0.0;21.14;59.6;6.48;
2021-10-25 21:00:00;0.0;0.0;0.0;21.04;61.6;6.07;
2021-10-25 22:00:00;0.0;0.0;0.0;20.95;59.5;5.79;
2021-10-25 23:00:00;0.0;0.0;0.0;20.85;61.6;5.52;
2021-10-26 00:00:00;0.0;0.0;0.0;20.82;61.6;5.45;
2021-10-26 01:00:00;0.0;0.0;0.0;20.73;61.6;5.24;
2021-10-26 02:00:00;0.0;0.0;0.0;20.68;61.6;5.38;
2021-10-26 03:00:00;0.0;0.0;0.0;20.62;63.8;5.52;
2021-10-26 04:00:00;0.0;0.0;0.0;20.59;65.95;5.52;
2021-10-26 05:00:00;0.0;0.0;0.0;20.56;65.95;5.38;
2021-10-26 06:00:00;39.0;0.0;39.0;20.55;65.95;5.17;
2021-10-26 07:00:00;250.0;557.83;86.0;20.46;65.95;5.03;
2021-10-26 08:00:00;403.0;619.65;127.0;20.37;65.95;4.97;
2021-10-26 09:00:00;455.0;403.6;230.0;20.3;65.95;5.1;
2021-10-26 10:00:00;573.0;600.74;199.0;20.03;65.95;4.48;
2021-10-26 11:00:00;629.0;765.45;142.0;20.01;65.95;4.41;
2021-10-26 12:00:00;574.0;704.56;153.0;19.94;65.95;4.62;
2021-10-26 13:00:00;438.0;498.88;184.0;19.95;65.95;4.9;
2021-10-26 14:00:00;317.0;501.26;128.0;19.95;63.7;5.03;
2021-10-26 15:00:00;158.0;408.99;72.0;19.98;65.95;4.9;
2021-10-26 16:00:00;0.0;0.0;0.0;20.02;65.95;4.83;
2021-10-26 17:00:00;0.0;0.0;0.0;20.02;65.95;4.62;
2021-10-26 18:00:00;0.0;0.0;0.0;20.0;65.95;4.21;
2021-10-26 19:00:00;0.0;0.0;0.0;19.91;63.7;3.59;
2021-10-26 20:00:00;0.0;0.0;0.0;19.81;63.7;3.17;
2021-10-26 21:00:00;0.0;0.0;0.0;19.71;63.7;2.83;
2021-10-26 22:00:00;0.0;0.0;0.0;20.06;63.7;2.14;
2021-10-26 23:00:00;0.0;0.0;0.0;19.96;63.7;1.72;
2021-10-27 00:00:00;0.0;0.0;0.0;19.8;61.5;1.59;
2021-10-27 01:00:00;0.0;0.0;0.0;19.68;61.5;1.59;
2021-10-27 02:00:00;0.0;0.0;0.0;19.49;65.85;2.0;
2021-10-27 03:00:00;0.0;0.0;0.0;19.42;65.85;2.34;
2021-10-27 04:00:00;0.0;0.0;0.0;19.18;65.85;2.97;
2021-10-27 05:00:00;0.0;0.0;0.0;19.02;68.1;3.24;
2021-10-27 06:00:00;38.0;0.0;38.0;18.96;68.1;3.31;
2021-10-27 07:00:00;224.0;410.29;105.0;19.01;65.75;3.1;
2021-10-27 08:00:00;297.0;208.51;205.0;19.06;65.75;2.97;
2021-10-27 09:00:00;378.0;204.31;265.0;19.12;61.4;2.55;
2021-10-27 10:00:00;610.0;766.95;136.0;19.16;61.4;2.76;
2021-10-27 11:00:00;609.0;704.54;164.0;19.14;59.25;2.48;
2021-10-27 12:00:00;521.0;517.77;214.0;19.2;59.25;1.93;
2021-10-27 13:00:00;172.0;3.96;170.0;19.27;59.25;2.0;
2021-10-27 14:00:00;151.0;18.79;144.0;19.28;61.4;2.76;
2021-10-27 15:00:00;92.0;53.39;81.0;19.43;61.4;3.93;
2021-10-27 16:00:00;0.0;0.0;0.0;19.63;61.5;5.31;
2021-10-27 17:00:00;0.0;0.0;0.0;19.74;61.5;6.0;
2021-10-27 18:00:00;0.0;0.0;0.0;19.77;61.5;6.28;
2021-10-27 19:00:00;0.0;0.0;0.0;19.71;61.5;6.28;
2021-10-27 20:00:00;0.0;0.0;0.0;19.66;63.7;5.79;
2021-10-27 21:00:00;0.0;0.0;0.0;19.58;63.6;4.97;
2021-10-27 22:00:00;0.0;0.0;0.0;19.47;63.6;3.93;
2021-10-27 23:00:00;0.0;0.0;0.0;19.41;63.6;2.28;
2021-10-28 00:00:00;0.0;0.0;0.0;19.33;63.6;0.76;
2021-10-28 01:00:00;0.0;0.0;0.0;19.01;65.75;1.03;
2021-10-28 02:00:00;0.0;0.0;0.0;18.97;65.75;2.34;
2021-10-28 03:00:00;0.0;0.0;0.0;18.98;65.75;3.72;
2021-10-28 04:00:00;0.0;0.0;0.0;18.94;65.75;3.79;
2021-10-28 05:00:00;0.0;0.0;0.0;18.78;65.75;3.72;
2021-10-28 06:00:00;36.0;0.0;36.0;18.6;65.75;4.28;
2021-10-28 07:00:00;243.0;555.8;84.0;18.46;70.45;4.41;
2021-10-28 08:00:00;409.0;691.05;107.0;18.37;70.45;3.72;
2021-10-28 09:00:00;533.0;743.58;125.0;18.27;70.45;2.62;
2021-10-28 10:00:00;495.0;373.26;266.0;17.94;75.45;1.66;
2021-10-28 11:00:00;545.0;486.42;240.0;18.05;75.45;0.62;
2021-10-28 12:00:00;412.0;217.56;284.0;18.11;72.95;0.28;
2021-10-28 13:00:00;426.0;483.91;184.0;18.23;72.95;1.24;
2021-10-28 14:00:00;318.0;556.64;113.0;18.39;72.95;2.14;
2021-10-28 15:00:00;152.0;416.07;68.0;18.52;72.95;2.9;
2021-10-28 16:00:00;0.0;0.0;0.0;18.67;70.55;3.38;
2021-10-28 17:00:00;0.0;0.0;0.0;18.72;70.55;3.72;
2021-10-28 18:00:00;0.0;0.0;0.0;18.72;70.55;3.72;
2021-10-28 19:00:00;0.0;0.0;0.0;18.72;70.55;3.17;
2021-10-28 20:00:00;0.0;0.0;0.0;18.71;70.55;2.55;
2021-10-28 21:00:00;0.0;0.0;0.0;18.68;70.55;1.79;
2021-10-28 22:00:00;0.0;0.0;0.0;18.52;70.45;1.24;
2021-10-28 23:00:00;0.0;0.0;0.0;18.53;70.45;1.59;
2021-10-29 00:00:00;0.0;0.0;0.0;18.54;70.45;1.79;
2021-10-29 01:00:00;0.0;0.0;0.0;18.55;70.45;2.07;
2021-10-29 02:00:00;0.0;0.0;0.0;18.56;72.95;2.48;
2021-10-29 03:00:00;0.0;0.0;0.0;18.61;70.55;2.83;
2021-10-29 04:00:00;0.0;0.0;0.0;18.65;68.1;3.1;
2021-10-29 05:00:00;0.0;0.0;0.0;18.7;68.1;3.03;
2021-10-29 06:00:00;35.0;0.0;35.0;18.68;68.1;3.03;
2021-10-29 07:00:00;217.0;400.56;104.0;18.52;70.45;3.03;
2021-10-29 08:00:00;341.0;381.22;176.0;18.49;70.45;2.76;
2021-10-29 09:00:00;348.0;152.48;265.0;18.53;70.45;2.28;
2021-10-29 10:00:00;485.0;354.68;269.0;18.72;68.1;2.69;
2021-10-29 11:00:00;589.0;653.84;182.0;18.78;68.1;2.48;
2021-10-29 12:00:00;514.0;519.0;211.0;18.84;68.1;2.28;
2021-10-29 13:00:00;464.0;667.81;133.0;18.98;68.1;1.86;
2021-10-29 14:00:00;324.0;612.66;101.0;19.1;65.85;1.45;
2021-10-29 15:00:00;151.0;439.82;64.0;19.21;65.85;1.24;
2021-10-29 16:00:00;0.0;0.0;0.0;19.31;65.85;1.52;
2021-10-29 17:00:00;0.0;0.0;0.0;19.34;65.85;1.66;
2021-10-29 18:00:00;0.0;0.0;0.0;19.36;65.85;1.86;
2021-10-29 19:00:00;0.0;0.0;0.0;19.39;65.85;2.0;
2021-10-29 20:00:00;0.0;0.0;0.0;19.4;65.85;2.21;
2021-10-29 21:00:00;0.0;0.0;0.0;19.41;65.85;2.28;
2021-10-29 22:00:00;0.0;0.0;0.0;19.42;65.85;2.28;
2021-10-29 23:00:00;0.0;0.0;0.0;19.39;65.85;2.07;
2021-10-30 00:00:00;0.0;0.0;0.0;19.34;65.85;1.52;
2021-10-30 01:00:00;0.0;0.0;0.0;19.34;65.85;1.17;
2021-10-30 02:00:00;0.0;0.0;0.0;19.26;65.85;1.17;
2021-10-30 03:00:00;0.0;0.0;0.0;19.29;65.85;0.83;
2021-10-30 04:00:00;0.0;0.0;0.0;19.3;63.6;0.83;
2021-10-30 05:00:00;0.0;0.0;0.0;19.27;63.6;1.45;
2021-10-30 06:00:00;34.0;0.0;34.0;19.22;63.6;2.14;
2021-10-30 07:00:00;232.0;535.72;83.0;19.21;63.6;2.62;
2021-10-30 08:00:00;407.0;713.92;101.0;19.22;63.6;2.69;
2021-10-30 09:00:00;527.0;750.08;122.0;19.19;63.6;2.55;
2021-10-30 10:00:00;597.0;764.24;135.0;18.95;68.1;2.28;
2021-10-30 11:00:00;619.0;792.94;129.0;19.0;68.1;2.69;
2021-10-30 12:00:00;527.0;585.17;188.0;19.0;70.55;3.31;
2021-10-30 13:00:00;476.0;740.96;112.0;19.08;70.55;4.07;
2021-10-30 14:00:00;322.0;625.41;97.0;19.1;68.2;4.55;
2021-10-30 15:00:00;148.0;438.59;63.0;19.04;70.55;4.9;
2021-10-30 16:00:00;0.0;0.0;0.0;19.02;73.05;5.03;
2021-10-30 17:00:00;0.0;0.0;0.0;18.97;73.05;5.17;
2021-10-30 18:00:00;0.0;0.0;0.0;18.86;75.65;5.03;
2021-10-30 19:00:00;0.0;0.0;0.0;19.02;73.05;5.03;
2021-10-30 20:00:00;0.0;0.0;0.0;19.14;70.65;5.31;
2021-10-30 21:00:00;0.0;0.0;0.0;18.89;73.05;5.59;
2021-10-30 22:00:00;0.0;0.0;0.0;19.53;68.2;5.59;
2021-10-30 23:00:00;0.0;0.0;0.0;19.49;68.2;6.21;
2021-10-31 00:00:00;0.0;0.0;0.0;19.39;68.2;6.76;
2021-10-31 01:00:00;0.0;0.0;0.0;19.32;68.2;6.9;
2021-10-31 02:00:00;0.0;0.0;0.0;19.3;65.85;6.83;
2021-10-31 03:00:00;0.0;0.0;0.0;19.31;63.6;6.76;
2021-10-31 04:00:00;0.0;0.0;0.0;19.23;63.6;6.9;
2021-10-31 05:00:00;0.0;0.0;0.0;19.1;63.6;6.9;
2021-10-31 06:00:00;33.0;0.0;33.0;18.88;65.75;6.76;
2021-10-31 07:00:00;124.0;43.77;112.0;18.68;68.1;6.48;
2021-10-31 08:00:00;290.0;216.77;198.0;18.5;70.45;6.28;
2021-10-31 09:00:00;412.0;317.41;242.0;18.46;70.45;6.14;
2021-10-31 10:00:00;420.0;209.98;294.0;19.11;59.25;5.79;
2021-10-31 11:00:00;574.0;621.07;193.0;19.24;59.25;5.72;
2021-10-31 12:00:00;504.0;500.98;216.0;19.29;59.25;6.28;
2021-10-31 13:00:00;441.0;589.42;154.0;19.26;59.25;7.03;
2021-10-31 14:00:00;315.0;596.16;103.0;19.23;59.25;7.59;
2021-10-31 15:00:00;124.0;252.8;76.0;19.17;59.25;7.86;
2021-10-31 16:00:00;0.0;0.0;0.0;19.09;61.82;7.9;
2021-10-31 17:00:00;0.0;0.0;0.0;19.17;61.37;7.81;
2021-10-31 18:00:00;0.0;0.0;0.0;19.24;60.92;7.73;
2021-10-31 19:00:00;0.0;0.0;0.0;19.31;60.47;7.65;
2021-10-31 20:00:00;0.0;0.0;0.0;19.38;60.02;7.57;
2021-10-31 21:00:00;0.0;0.0;0.0;19.45;59.57;7.48;
2021-10-31 22:00:00;0.0;0.0;0.0;19.52;59.12;7.4;
2021-10-31 23:00:00;0.0;0.0;0.0;19.59;58.67;7.32;
2021-11-01 00:00:00;0.0;0.0;0.0;19.67;58.22;7.23;
2021-11-01 01:00:00;0.0;0.0;0.0;19.74;57.77;7.15;
2021-11-01 02:00:00;0.0;0.0;0.0;19.81;57.32;7.07;
2021-11-01 03:00:00;0.0;0.0;0.0;19.88;56.87;6.99;
2021-11-01 04:00:00;0.0;0.0;0.0;19.95;56.43;6.9;
2021-11-01 05:00:00;0.0;0.0;0.0;20.02;55.98;6.82;
2021-11-01 06:00:00;28.0;0.0;28.0;20.09;55.53;6.74;
2021-11-01 07:00:00;237.0;642.38;66.0;20.17;55.08;6.66;
2021-11-01 08:00:00;399.0;740.3;91.0;19.73;57.2;6.41;
2021-11-01 09:00:00;529.0;814.2;100.0;19.71;57.2;6.07;
2021-11-01 10:00:00;603.0;837.27;108.0;19.63;55.2;4.41;
2021-11-01 11:00:00;612.0;822.06;115.0;19.73;55.2;4.34;
2021-11-01 12:00:00;576.0;835.52;103.0;19.81;53.35;4.34;
2021-11-01 13:00:00;472.0;783.81;97.0;19.88;55.3;4.34;
2021-11-01 14:00:00;321.0;687.76;82.0;19.93;55.3;4.48;
2021-11-01 15:00:00;147.0;526.74;51.0;19.92;57.3;4.76;
2021-11-01 16:00:00;0.0;0.0;0.0;19.9;59.35;5.17;
2021-11-01 17:00:00;0.0;0.0;0.0;19.85;59.35;5.24;
2021-11-01 18:00:00;0.0;0.0;0.0;19.76;61.4;5.24;
2021-11-01 19:00:00;0.0;0.0;0.0;19.67;61.4;5.03;
2021-11-01 20:00:00;0.0;0.0;0.0;19.64;61.4;4.97;
2021-11-01 21:00:00;0.0;0.0;0.0;19.64;59.25;4.69;
2021-11-01 22:00:00;0.0;0.0;0.0;19.49;61.4;4.21;
2021-11-01 23:00:00;0.0;0.0;0.0;19.49;59.25;3.31;
2021-11-02 00:00:00;0.0;0.0;0.0;19.51;57.2;2.62;
2021-11-02 01:00:00;0.0;0.0;0.0;19.56;55.2;2.21;
2021-11-02 02:00:00;0.0;0.0;0.0;19.61;55.2;2.21;
2021-11-02 03:00:00;0.0;0.0;0.0;19.67;55.2;2.28;
2021-11-02 04:00:00;0.0;0.0;0.0;19.67;55.2;2.41;
2021-11-02 05:00:00;0.0;0.0;0.0;19.74;57.2;2.48;
2021-11-02 06:00:00;30.0;0.0;30.0;19.77;59.25;2.48;
2021-11-02 07:00:00;215.0;503.38;83.0;19.77;63.6;2.41;
2021-11-02 08:00:00;392.0;725.96;93.0;19.74;65.85;2.28;
2021-11-02 09:00:00;504.0;719.51;128.0;19.76;68.2;2.21;
2021-11-02 10:00:00;601.0;841.83;107.0;19.6;75.7;3.31;
2021-11-02 11:00:00;610.0;826.39;114.0;19.7;78.35;3.52;
2021-11-02 12:00:00;571.0;829.46;105.0;19.83;75.75;3.79;
2021-11-02 13:00:00;469.0;788.57;95.0;20.0;75.75;3.93;
2021-11-02 14:00:00;320.0;698.57;80.0;20.17;75.75;3.66;
2021-11-02 15:00:00;143.0;515.22;51.0;20.26;75.75;3.38;
2021-11-02 16:00:00;0.0;0.0;0.0;20.33;73.3;3.66;
2021-11-02 17:00:00;0.0;0.0;0.0;20.36;75.85;4.41;
2021-11-02 18:00:00;0.0;0.0;0.0;20.41;75.85;5.03;
2021-11-02 19:00:00;0.0;0.0;0.0;20.45;75.85;5.38;
2021-11-02 20:00:00;0.0;0.0;0.0;20.5;75.85;5.59;
2021-11-02 21:00:00;0.0;0.0;0.0;20.57;75.85;5.79;
2021-11-02 22:00:00;0.0;0.0;0.0;20.81;81.3;5.79;
2021-11-02 23:00:00;0.0;0.0;0.0;20.84;81.3;6.55;
2021-11-03 00:00:00;0.0;0.0;0.0;20.87;78.55;6.69;
2021-11-03 01:00:00;0.0;0.0;0.0;20.94;78.55;6.76;
2021-11-03 02:00:00;0.0;0.0;0.0;21.01;78.55;6.62;
2021-11-03 03:00:00;0.0;0.0;0.0;21.04;78.55;6.21;
2021-11-03 04:00:00;0.0;0.0;0.0;21.04;78.55;5.93;
2021-11-03 05:00:00;0.0;0.0;0.0;20.92;78.55;5.79;
2021-11-03 06:00:00;28.0;0.0;28.0;20.77;81.2;5.86;
2021-11-03 07:00:00;165.0;209.09;111.0;20.68;81.2;6.14;
2021-11-03 08:00:00;302.0;309.05;176.0;20.61;78.5;5.93;
2021-11-03 09:00:00;450.0;509.37;186.0;20.62;78.5;5.72;
2021-11-03 10:00:00;473.0;384.58;249.0;20.86;75.95;5.52;
2021-11-03 11:00:00;511.0;469.91;231.0;20.8;75.95;5.52;
2021-11-03 12:00:00;505.0;582.89;180.0;20.76;78.5;5.45;
2021-11-03 13:00:00;386.0;429.61;184.0;20.84;75.95;5.24;
2021-11-03 14:00:00;238.0;264.94;148.0;20.9;73.35;4.97;
2021-11-03 15:00:00;74.0;45.72;66.0;20.91;75.95;4.9;
2021-11-03 16:00:00;0.0;0.0;0.0;20.89;75.95;5.1;
2021-11-03 17:00:00;0.0;0.0;0.0;20.92;75.95;5.24;
2021-11-03 18:00:00;0.0;0.0;0.0;20.94;75.95;5.52;
2021-11-03 19:00:00;0.0;0.0;0.0;21.0;75.95;5.86;
2021-11-03 20:00:00;0.0;0.0;0.0;21.07;75.95;6.07;
2021-11-03 21:00:00;0.0;0.0;0.0;21.12;73.35;6.14;
2021-11-03 22:00:00;0.0;0.0;0.0;21.33;76.0;6.28;
2021-11-03 23:00:00;0.0;0.0;0.0;21.33;73.45;6.14;
2021-11-04 00:00:00;0.0;0.0;0.0;21.28;73.35;6.0;
2021-11-04 01:00:00;0.0;0.0;0.0;21.14;70.9;5.93;
2021-11-04 02:00:00;0.0;0.0;0.0;21.01;68.5;5.93;
2021-11-04 03:00:00;0.0;0.0;0.0;20.94;66.15;5.72;
2021-11-04 04:00:00;0.0;0.0;0.0;20.85;63.9;5.38;
2021-11-04 05:00:00;0.0;0.0;0.0;20.84;63.9;5.24;
2021-11-04 06:00:00;25.0;0.0;25.0;20.79;66.05;5.31;
2021-11-04 07:00:00;220.0;605.59;66.0;20.77;68.4;5.45;
2021-11-04 08:00:00;378.0;701.27;95.0;20.66;68.4;5.1;
2021-11-04 09:00:00;505.0;772.36;108.0;20.6;68.4;4.34;
2021-11-04 10:00:00;580.0;806.04;114.0;20.77;68.4;3.45;
2021-11-04 11:00:00;596.0;813.1;115.0;20.74;68.4;3.24;
2021-11-04 12:00:00;563.0;838.49;99.0;20.7;70.8;3.17;
2021-11-04 13:00:00;457.0;774.39;96.0;20.72;73.3;2.62;
2021-11-04 14:00:00;307.0;672.81;81.0;20.72;73.3;2.48;
2021-11-04 15:00:00;129.0;437.46;54.0;20.79;73.3;2.48;
2021-11-04 16:00:00;0.0;0.0;0.0;20.8;73.3;2.28;
2021-11-04 17:00:00;0.0;0.0;0.0;20.82;73.35;2.48;
2021-11-04 18:00:00;0.0;0.0;0.0;20.81;73.35;2.83;
2021-11-04 19:00:00;0.0;0.0;0.0;20.74;78.5;2.97;
2021-11-04 20:00:00;0.0;0.0;0.0;20.67;78.5;3.24;
2021-11-04 21:00:00;0.0;0.0;0.0;20.62;81.2;4.0;
2021-11-04 22:00:00;0.0;0.0;0.0;20.61;81.2;4.9;
2021-11-04 23:00:00;0.0;0.0;0.0;20.68;81.2;5.45;
2021-11-05 00:00:00;0.0;0.0;0.0;20.72;81.2;5.24;
2021-11-05 01:00:00;0.0;0.0;0.0;20.78;84.05;5.03;
2021-11-05 02:00:00;0.0;0.0;0.0;20.84;81.3;5.03;
2021-11-05 03:00:00;0.0;0.0;0.0;20.92;84.05;5.24;
2021-11-05 04:00:00;0.0;0.0;0.0;21.02;86.95;6.07;
2021-11-05 05:00:00;0.0;0.0;0.0;21.09;86.95;7.17;
2021-11-05 06:00:00;25.0;0.0;25.0;21.11;89.95;8.07;
2021-11-05 07:00:00;151.0;171.76;108.0;21.07;89.95;8.69;
2021-11-05 08:00:00;294.0;305.44;172.0;21.14;89.95;8.83;
2021-11-05 09:00:00;378.0;288.37;231.0;21.33;89.95;8.97;
2021-11-05 10:00:00;448.0;336.33;255.0;21.41;89.95;9.03;
2021-11-05 11:00:00;454.0;321.81;265.0;21.38;89.95;10.0;
2021-11-05 12:00:00;524.0;702.79;138.0;21.33;89.95;9.86;
2021-11-05 13:00:00;426.0;655.53;123.0;21.33;89.95;10.0;
2021-11-05 14:00:00;254.0;376.29;129.0;21.33;87.0;9.66;
2021-11-05 15:00:00;107.0;249.98;65.0;21.35;87.0;9.66;
2021-11-05 16:00:00;0.0;0.0;0.0;21.46;84.1;9.79;
2021-11-05 17:00:00;0.0;0.0;0.0;21.69;81.35;9.72;
2021-11-05 18:00:00;0.0;0.0;0.0;21.94;78.7;9.79;
2021-11-05 19:00:00;0.0;0.0;0.0;22.19;76.1;9.86;
2021-11-05 20:00:00;0.0;0.0;0.0;22.37;73.6;10.07;
2021-11-05 21:00:00;0.0;0.0;0.0;22.5;73.6;10.14;
2021-11-05 22:00:00;0.0;0.0;0.0;22.19;78.7;9.66;
2021-11-05 23:00:00;0.0;0.0;0.0;22.29;76.1;9.93;
2021-11-06 00:00:00;0.0;0.0;0.0;22.34;73.6;10.9;
2021-11-06 01:00:00;0.0;0.0;0.0;22.3;73.55;11.1;
2021-11-06 02:00:00;0.0;0.0;0.0;22.21;73.55;11.52;
2021-11-06 03:00:00;0.0;0.0;0.0;22.14;71.05;11.03;
2021-11-06 04:00:00;0.0;0.0;0.0;22.07;71.05;10.48;
2021-11-06 05:00:00;0.0;0.0;0.0;22.01;68.7;9.93;
2021-11-06 06:00:00;23.0;0.0;23.0;21.95;68.7;9.52;
2021-11-06 07:00:00;18.0;0.0;18.0;21.8;73.45;9.1;
2021-11-06 08:00:00;202.0;65.77;176.0;21.64;73.45;8.97;
2021-11-06 09:00:00;199.0;11.87;193.0;21.47;73.45;8.0;
2021-11-06 10:00:00;274.0;36.87;253.0;21.52;73.45;8.0;
2021-11-06 11:00:00;412.0;226.37;280.0;21.46;73.45;8.0;
2021-11-06 12:00:00;397.0;264.14;253.0;21.41;71.0;9.79;
2021-11-06 13:00:00;418.0;637.08;126.0;21.36;71.0;8.9;
2021-11-06 14:00:00;272.0;499.14;108.0;21.37;73.45;7.59;
2021-11-06 15:00:00;111.0;309.72;60.0;21.4;76.0;6.62;
2021-11-06 16:00:00;0.0;0.0;0.0;21.4;76.0;6.28;
2021-11-06 17:00:00;0.0;0.0;0.0;21.47;78.65;6.28;
2021-11-06 18:00:00;0.0;0.0;0.0;21.49;78.65;6.48;
2021-11-06 19:00:00;0.0;0.0;0.0;21.51;78.65;5.45;
2021-11-06 20:00:00;0.0;0.0;0.0;21.51;81.35;3.79;
2021-11-06 21:00:00;0.0;0.0;0.0;21.61;76.0;2.69;
2021-11-06 22:00:00;0.0;0.0;0.0;21.68;78.65;3.66;
2021-11-06 23:00:00;0.0;0.0;0.0;21.63;71.0;5.45;
2021-11-07 00:00:00;0.0;0.0;0.0;21.21;70.9;8.07;
2021-11-07 01:00:00;0.0;0.0;0.0;20.81;73.35;8.48;
2021-11-07 02:00:00;0.0;0.0;0.0;20.56;75.85;7.93;
2021-11-07 03:00:00;0.0;0.0;0.0;20.37;73.3;5.93;
2021-11-07 04:00:00;0.0;0.0;0.0;20.27;73.2;4.07;
2021-11-07 05:00:00;0.0;0.0;0.0;20.18;73.2;3.17;
2021-11-07 06:00:00;21.0;0.0;21.0;20.08;70.7;2.41;
2021-11-07 07:00:00;116.0;65.99;100.0;19.7;73.15;1.59;
2021-11-07 08:00:00;309.0;416.66;146.0;19.68;70.65;1.31;
2021-11-07 09:00:00;212.0;19.95;202.0;19.7;68.2;2.0;
2021-11-07 10:00:00;168.0;0.0;168.0;19.76;75.7;4.9;
2021-11-07 11:00:00;92.0;0.0;92.0;19.76;78.35;6.21;
2021-11-07 12:00:00;121.0;0.0;121.0;19.72;78.35;7.72;
2021-11-07 13:00:00;125.0;0.0;125.0;19.48;78.35;10.21;
2021-11-07 14:00:00;84.0;0.0;84.0;19.4;78.35;12.62;
2021-11-07 15:00:00;51.0;12.39;49.0;19.69;81.1;14.28;
2021-11-07 16:00:00;0.0;0.0;0.0;20.05;81.15;13.66;
2021-11-07 17:00:00;0.0;0.0;0.0;20.22;86.85;7.38;
2021-11-07 18:00:00;0.0;0.0;0.0;20.57;84.05;8.14;
2021-11-07 19:00:00;0.0;0.0;0.0;19.79;86.85;9.86;
2021-11-07 20:00:00;0.0;0.0;0.0;17.57;89.7;10.48;
2021-11-07 21:00:00;0.0;0.0;0.0;16.44;89.65;10.48;
2021-11-07 22:00:00;0.0;0.0;0.0;17.16;86.6;10.14;
2021-11-07 23:00:00;0.0;0.0;0.0;17.15;86.6;8.07;
2021-11-08 00:00:00;0.0;0.0;0.0;17.14;89.65;5.45;
2021-11-08 01:00:00;0.0;0.0;0.0;17.18;86.6;2.97;
2021-11-08 02:00:00;0.0;0.0;0.0;16.98;83.65;4.69;
2021-11-08 03:00:00;0.0;0.0;0.0;17.03;78.0;4.48;
2021-11-08 04:00:00;0.0;0.0;0.0;17.09;78.0;3.03;
2021-11-08 05:00:00;0.0;0.0;0.0;17.11;75.3;2.55;
2021-11-08 06:00:00;19.0;0.0;19.0;16.91;75.3;3.52;
2021-11-08 07:00:00;165.0;297.61;94.0;17.05;80.8;4.83;
2021-11-08 08:00:00;245.0;173.07;178.0;16.99;80.8;6.34;
2021-11-08 09:00:00;255.0;58.33;226.0;16.89;83.65;7.17;
2021-11-08 10:00:00;407.0;258.37;262.0;17.13;86.6;8.62;
2021-11-08 11:00:00;334.0;99.15;277.0;16.65;89.65;11.31;
2021-11-08 12:00:00;207.0;9.31;202.0;16.39;92.8;11.38;
2021-11-08 13:00:00;356.0;385.97;182.0;16.22;92.75;10.55;
2021-11-08 14:00:00;158.0;62.2;138.0;16.24;92.75;10.07;
2021-11-08 15:00:00;71.0;63.19;61.0;16.31;86.55;10.97;
2021-11-08 16:00:00;0.0;0.0;0.0;16.48;86.55;12.55;
2021-11-08 17:00:00;0.0;0.0;0.0;16.32;83.6;12.55;
2021-11-08 18:00:00;0.0;0.0;0.0;15.59;86.5;9.24;
2021-11-08 19:00:00;0.0;0.0;0.0;14.93;86.45;9.38;
2021-11-08 20:00:00;0.0;0.0;0.0;14.52;86.4;12.0;
2021-11-08 21:00:00;0.0;0.0;0.0;15.47;77.8;11.45;
2021-11-08 22:00:00;0.0;0.0;0.0;15.79;70.0;9.52;
2021-11-08 23:00:00;0.0;0.0;0.0;16.71;65.25;10.48;
2021-11-09 00:00:00;0.0;0.0;0.0;17.34;58.8;12.07;
2021-11-09 01:00:00;0.0;0.0;0.0;16.94;60.85;13.72;
2021-11-09 02:00:00;0.0;0.0;0.0;16.58;56.5;14.97;
2021-11-09 03:00:00;0.0;0.0;0.0;15.95;54.35;14.28;
2021-11-09 04:00:00;0.0;0.0;0.0;15.81;56.35;14.0;
2021-11-09 05:00:00;0.0;0.0;0.0;15.96;58.45;13.79;
2021-11-09 06:00:00;18.0;0.0;18.0;16.15;60.65;13.79;
2021-11-09 07:00:00;0.0;0.0;0.0;16.09;58.45;13.52;
2021-11-09 08:00:00;332.0;535.14;127.0;16.11;58.45;13.79;
2021-11-09 09:00:00;441.0;557.75;166.0;16.24;58.45;13.59;
2021-11-09 10:00:00;465.0;416.45;233.0;16.14;58.45;13.93;
2021-11-09 11:00:00;311.0;68.32;272.0;16.33;58.6;13.45;
2021-11-09 12:00:00;415.0;326.25;241.0;16.62;56.5;12.48;
2021-11-09 13:00:00;400.0;570.27;145.0;16.94;54.6;11.45;
2021-11-09 14:00:00;265.0;493.44;108.0;17.58;54.7;11.24;
2021-11-09 15:00:00;103.0;289.99;58.0;18.31;51.15;10.0;
2021-11-09 16:00:00;0.0;0.0;0.0;18.36;54.95;7.93;
2021-11-09 17:00:00;0.0;0.0;0.0;18.16;56.85;6.48;
2021-11-09 18:00:00;0.0;0.0;0.0;17.9;63.3;7.59;
2021-11-09 19:00:00;0.0;0.0;0.0;17.92;70.35;9.24;
2021-11-09 20:00:00;0.0;0.0;0.0;17.88;72.9;9.03;
2021-11-09 21:00:00;0.0;0.0;0.0;18.11;72.9;9.52;
2021-11-09 22:00:00;0.0;0.0;0.0;18.43;70.45;11.03;
2021-11-09 23:00:00;0.0;0.0;0.0;18.87;63.5;12.48;
2021-11-10 00:00:00;0.0;0.0;0.0;18.86;61.3;12.69;
2021-11-10 01:00:00;0.0;0.0;0.0;18.81;59.15;12.28;
2021-11-10 02:00:00;0.0;0.0;0.0;18.7;61.2;11.59;
2021-11-10 03:00:00;0.0;0.0;0.0;18.69;61.2;11.66;
2021-11-10 04:00:00;0.0;0.0;0.0;18.66;61.2;12.41;
2021-11-10 05:00:00;0.0;0.0;0.0;18.69;61.2;11.93;
2021-11-10 06:00:00;17.0;0.0;17.0;18.77;61.2;11.66;
2021-11-10 07:00:00;187.0;498.28;72.0;18.76;61.2;11.38;
2021-11-10 08:00:00;313.0;451.12;142.0;18.79;59.15;10.97;
2021-11-10 09:00:00;437.0;556.29;165.0;18.79;59.15;10.62;
2021-11-10 10:00:00;503.0;569.61;188.0;18.63;59.05;11.86;
2021-11-10 11:00:00;505.0;527.49;206.0;18.63;59.05;10.97;
2021-11-10 12:00:00;526.0;783.73;111.0;18.66;56.95;9.93;
2021-11-10 13:00:00;428.0;741.69;99.0;18.72;56.95;9.66;
2021-11-10 14:00:00;226.0;292.17;134.0;18.83;57.1;9.79;
2021-11-10 15:00:00;103.0;315.37;55.0;18.9;59.15;9.86;
2021-11-10 16:00:00;0.0;0.0;0.0;18.99;59.15;9.93;
2021-11-10 17:00:00;0.0;0.0;0.0;19.24;59.15;10.07;
2021-11-10 18:00:00;0.0;0.0;0.0;19.44;57.2;10.21;
2021-11-10 19:00:00;0.0;0.0;0.0;19.54;57.2;10.41;
2021-11-10 20:00:00;0.0;0.0;0.0;19.53;55.2;10.41;
2021-11-10 21:00:00;0.0;0.0;0.0;19.49;57.2;10.28;
2021-11-10 22:00:00;0.0;0.0;0.0;19.31;57.2;10.62;
2021-11-10 23:00:00;0.0;0.0;0.0;19.13;59.15;10.0;
2021-11-11 00:00:00;0.0;0.0;0.0;18.99;59.15;9.24;
2021-11-11 01:00:00;0.0;0.0;0.0;18.95;59.15;8.69;
2021-11-11 02:00:00;0.0;0.0;0.0;18.9;59.15;8.21;
2021-11-11 03:00:00;0.0;0.0;0.0;18.87;59.15;7.86;
2021-11-11 04:00:00;0.0;0.0;0.0;18.84;61.3;7.66;
2021-11-11 05:00:00;0.0;0.0;0.0;18.82;61.3;7.52;
2021-11-11 06:00:00;15.0;0.0;15.0;18.78;63.4;7.31;
2021-11-11 07:00:00;147.0;224.73;96.0;18.78;63.4;7.17;
2021-11-11 08:00:00;334.0;599.9;109.0;18.75;63.4;7.03;
2021-11-11 09:00:00;229.0;37.12;211.0;18.77;63.4;6.76;
2021-11-11 10:00:00;544.0;783.28;114.0;18.84;57.1;5.93;
2021-11-11 11:00:00;273.0;37.31;252.0;18.8;59.15;6.83;
2021-11-11 12:00:00;439.0;431.74;212.0;18.82;61.3;7.59;
2021-11-11 13:00:00;271.0;140.88;209.0;18.86;61.3;7.93;
2021-11-11 14:00:00;270.0;583.93;88.0;19.1;61.3;8.0;
2021-11-11 15:00:00;85.0;174.13;59.0;19.3;59.25;8.28;
2021-11-11 16:00:00;0.0;0.0;0.0;19.42;59.25;9.03;
2021-11-11 17:00:00;0.0;0.0;0.0;19.41;59.25;9.79;
2021-11-11 18:00:00;0.0;0.0;0.0;19.42;61.4;10.28;
2021-11-11 19:00:00;0.0;0.0;0.0;19.45;61.4;10.41;
2021-11-11 20:00:00;0.0;0.0;0.0;19.5;63.6;10.83;
2021-11-11 21:00:00;0.0;0.0;0.0;18.45;70.45;11.79;
2021-11-11 22:00:00;0.0;0.0;0.0;18.02;72.9;9.24;
2021-11-11 23:00:00;0.0;0.0;0.0;17.05;86.6;9.31;
2021-11-12 00:00:00;0.0;0.0;0.0;16.26;89.65;10.76;
2021-11-12 01:00:00;0.0;0.0;0.0;17.26;83.65;11.38;
2021-11-12 02:00:00;0.0;0.0;0.0;17.51;78.1;10.28;
2021-11-12 03:00:00;0.0;0.0;0.0;17.7;75.4;10.55;
2021-11-12 04:00:00;0.0;0.0;0.0;17.88;70.35;11.66;
2021-11-12 05:00:00;0.0;0.0;0.0;18.12;65.55;11.59;
2021-11-12 06:00:00;14.0;0.0;14.0;18.11;61.05;11.79;
2021-11-12 07:00:00;176.0;452.69;75.0;17.83;58.9;11.45;
2021-11-12 08:00:00;343.0;670.98;94.0;17.44;58.8;11.45;
2021-11-12 09:00:00;401.0;434.61;192.0;17.17;60.85;11.17;
2021-11-12 10:00:00;530.0;721.1;137.0;17.08;60.85;11.1;
2021-11-12 11:00:00;476.0;448.97;225.0;16.99;60.85;11.24;
2021-11-12 12:00:00;476.0;582.25;172.0;16.93;60.85;10.62;
2021-11-12 13:00:00;369.0;467.17;165.0;16.95;58.7;10.0;
2021-11-12 14:00:00;220.0;281.95;133.0;17.01;60.85;9.31;
2021-11-12 15:00:00;97.0;300.28;53.0;17.09;60.85;8.69;
2021-11-12 16:00:00;0.0;0.0;0.0;17.13;60.85;8.14;
2021-11-12 17:00:00;0.0;0.0;0.0;17.2;60.85;7.72;
2021-11-12 18:00:00;0.0;0.0;0.0;17.3;56.75;6.97;
2021-11-12 19:00:00;0.0;0.0;0.0;17.35;56.75;6.07;
2021-11-12 20:00:00;0.0;0.0;0.0;17.39;52.75;5.24;
2021-11-12 21:00:00;0.0;0.0;0.0;17.46;52.75;4.69;
2021-11-12 22:00:00;0.0;0.0;0.0;17.75;50.85;4.41;
2021-11-12 23:00:00;0.0;0.0;0.0;17.77;49.15;4.76;
2021-11-13 00:00:00;0.0;0.0;0.0;17.76;52.75;5.38;
2021-11-13 01:00:00;0.0;0.0;0.0;17.72;52.75;5.72;
2021-11-13 02:00:00;0.0;0.0;0.0;17.67;52.75;5.66;
2021-11-13 03:00:00;0.0;0.0;0.0;17.59;54.7;5.17;
2021-11-13 04:00:00;0.0;0.0;0.0;17.58;54.7;4.69;
2021-11-13 05:00:00;0.0;0.0;0.0;17.6;54.7;4.34;
2021-11-13 06:00:00;13.0;0.0;13.0;17.62;52.75;3.86;
2021-11-13 07:00:00;182.0;547.18;62.0;17.63;52.75;3.24;
2021-11-13 08:00:00;323.0;571.94;113.0;17.54;52.75;2.83;
2021-11-13 09:00:00;473.0;784.2;99.0;17.6;52.75;2.97;
2021-11-13 10:00:00;535.0;763.29;122.0;17.57;56.75;3.38;
2021-11-13 11:00:00;515.0;608.72;177.0;17.67;56.75;4.41;
2021-11-13 12:00:00;477.0;605.57;163.0;17.79;56.85;4.76;
2021-11-13 13:00:00;370.0;486.91;159.0;17.83;56.85;4.69;
2021-11-13 14:00:00;86.0;0.0;86.0;17.83;58.9;4.07;
2021-11-13 15:00:00;94.0;285.05;53.0;17.79;58.9;3.1;
2021-11-13 16:00:00;0.0;0.0;0.0;17.75;63.2;2.55;
2021-11-13 17:00:00;0.0;0.0;0.0;17.76;65.45;2.34;
2021-11-13 18:00:00;0.0;0.0;0.0;17.81;63.3;2.07;
2021-11-13 19:00:00;0.0;0.0;0.0;17.91;65.55;1.93;
2021-11-13 20:00:00;0.0;0.0;0.0;18.02;65.55;2.34;
2021-11-13 21:00:00;0.0;0.0;0.0;18.1;67.95;3.66;
2021-11-13 22:00:00;0.0;0.0;0.0;17.32;78.1;5.17;
2021-11-13 23:00:00;0.0;0.0;0.0;17.53;78.1;5.86;
2021-11-14 00:00:00;0.0;0.0;0.0;17.3;78.1;6.28;
2021-11-14 01:00:00;0.0;0.0;0.0;16.76;83.65;5.45;
2021-11-14 02:00:00;0.0;0.0;0.0;16.76;83.65;3.79;
2021-11-14 03:00:00;0.0;0.0;0.0;16.66;89.65;3.79;
2021-11-14 04:00:00;0.0;0.0;0.0;16.88;86.6;4.14;
2021-11-14 05:00:00;0.0;0.0;0.0;16.8;86.6;4.14;
2021-11-14 06:00:00;5.0;0.0;5.0;16.97;86.6;3.66;
2021-11-14 07:00:00;122.0;143.83;91.0;17.6;83.7;3.1;
2021-11-14 08:00:00;327.0;646.89;92.0;17.8;80.9;2.97;
2021-11-14 09:00:00;331.0;234.67;220.0;17.96;80.9;2.28;
2021-11-14 10:00:00;352.0;169.39;261.0;18.16;75.45;1.52;
2021-11-14 11:00:00;232.0;16.32;223.0;18.21;72.9;2.76;
2021-11-14 12:00:00;235.0;29.13;220.0;17.6;78.1;4.21;
2021-11-14 13:00:00;179.0;18.6;171.0;16.66;83.6;5.45;
2021-11-14 14:00:00;160.0;89.22;133.0;17.08;80.8;5.59;
2021-11-14 15:00:00;63.0;63.72;54.0;17.31;80.85;4.9;
2021-11-14 16:00:00;0.0;0.0;0.0;17.59;80.85;4.0;
2021-11-14 17:00:00;0.0;0.0;0.0;17.75;83.7;2.9;
2021-11-14 18:00:00;0.0;0.0;0.0;17.99;78.15;3.31;
2021-11-14 19:00:00;0.0;0.0;0.0;18.11;80.9;6.9;
2021-11-14 20:00:00;0.0;0.0;0.0;18.08;80.9;8.41;
2021-11-14 21:00:00;0.0;0.0;0.0;17.46;83.7;8.48;
2021-11-14 22:00:00;0.0;0.0;0.0;17.46;83.7;9.24;
2021-11-14 23:00:00;0.0;0.0;0.0;17.7;83.7;8.34;
2021-11-15 00:00:00;0.0;0.0;0.0;17.99;80.9;7.31;
2021-11-15 01:00:00;0.0;0.0;0.0;18.35;81.0;6.55;
2021-11-15 02:00:00;0.0;0.0;0.0;18.78;78.25;5.86;
2021-11-15 03:00:00;0.0;0.0;0.0;19.05;75.65;5.72;
2021-11-15 04:00:00;0.0;0.0;0.0;18.9;78.3;6.34;
2021-11-15 05:00:00;0.0;0.0;0.0;18.6;81.0;6.62;
2021-11-15 06:00:00;8.0;0.0;8.0;17.98;83.75;6.34;
2021-11-15 07:00:00;146.0;302.19;82.0;17.12;89.65;5.72;
2021-11-15 08:00:00;300.0;500.8;120.0;16.67;92.8;4.34;
2021-11-15 09:00:00;433.0;656.54;125.0;16.52;92.8;5.52;
2021-11-15 10:00:00;491.0;628.04;156.0;17.05;89.65;4.76;
2021-11-15 11:00:00;210.0;9.13;205.0;17.16;86.6;3.93;
2021-11-15 12:00:00;81.0;0.0;81.0;17.44;80.85;3.45;
2021-11-15 13:00:00;36.0;0.0;36.0;18.11;78.15;4.76;
2021-11-15 14:00:00;179.0;150.1;134.0;18.34;78.25;4.62;
2021-11-15 15:00:00;47.0;14.41;45.0;18.45;78.25;3.66;
2021-11-15 16:00:00;0.0;0.0;0.0;18.52;78.25;2.69;
2021-11-15 17:00:00;0.0;0.0;0.0;18.4;81.0;2.69;
2021-11-15 18:00:00;0.0;0.0;0.0;18.35;81.0;3.66;
2021-11-15 19:00:00;0.0;0.0;0.0;18.46;81.0;4.28;
2021-11-15 20:00:00;0.0;0.0;0.0;18.53;81.0;5.17;
2021-11-15 21:00:00;0.0;0.0;0.0;18.54;81.0;6.0;
2021-11-15 22:00:00;0.0;0.0;0.0;18.48;83.8;4.76;
2021-11-15 23:00:00;0.0;0.0;0.0;18.55;81.0;4.69;
2021-11-16 00:00:00;0.0;0.0;0.0;18.6;81.0;4.07;
2021-11-16 01:00:00;0.0;0.0;0.0;18.62;83.8;4.48;
2021-11-16 02:00:00;0.0;0.0;0.0;18.56;83.8;5.38;
2021-11-16 03:00:00;0.0;0.0;0.0;18.54;83.8;5.59;
2021-11-16 04:00:00;0.0;0.0;0.0;18.55;83.8;5.38;
2021-11-16 05:00:00;0.0;0.0;0.0;18.57;83.8;5.31;
2021-11-16 06:00:00;9.0;0.0;9.0;18.61;81.0;5.59;
2021-11-16 07:00:00;127.0;197.05;86.0;18.6;81.0;6.07;
2021-11-16 08:00:00;228.0;188.41;161.0;18.43;83.8;6.62;
2021-11-16 09:00:00;351.0;320.22;202.0;18.55;83.8;7.52;
2021-11-16 10:00:00;231.0;22.66;219.0;19.18;75.65;0.0;
2021-11-16 11:00:00;154.0;0.0;154.0;19.34;75.7;0.0;
2021-11-16 12:00:00;230.0;29.51;215.0;19.55;78.35;8.28;
2021-11-16 13:00:00;150.0;7.08;147.0;19.77;78.35;8.55;
2021-11-16 14:00:00;90.0;3.37;89.0;19.76;81.1;8.48;
2021-11-16 15:00:00;51.0;29.34;47.0;19.76;81.1;8.0;
2021-11-16 16:00:00;0.0;0.0;0.0;19.56;81.1;7.79;
2021-11-16 17:00:00;0.0;0.0;0.0;19.6;81.1;7.86;
2021-11-16 18:00:00;0.0;0.0;0.0;19.45;81.1;8.28;
2021-11-16 19:00:00;0.0;0.0;0.0;19.32;81.1;8.83;
2021-11-16 20:00:00;0.0;0.0;0.0;19.18;86.8;9.31;
2021-11-16 21:00:00;0.0;0.0;0.0;19.11;86.8;10.62;
2021-11-16 22:00:00;0.0;0.0;0.0;19.21;83.85;10.28;
2021-11-16 23:00:00;0.0;0.0;0.0;19.24;83.85;9.72;
2021-11-17 00:00:00;0.0;0.0;0.0;19.15;86.8;9.38;
2021-11-17 01:00:00;0.0;0.0;0.0;19.11;86.8;9.1;
2021-11-17 02:00:00;0.0;0.0;0.0;19.08;86.8;9.1;
2021-11-17 03:00:00;0.0;0.0;0.0;18.97;86.8;9.03;
2021-11-17 04:00:00;0.0;0.0;0.0;18.93;86.8;8.9;
2021-11-17 05:00:00;0.0;0.0;0.0;18.89;86.8;8.41;
2021-11-17 06:00:00;6.0;0.0;6.0;18.82;86.8;8.21;
2021-11-17 07:00:00;131.0;239.73;82.0;18.89;83.85;8.28;
2021-11-17 08:00:00;166.0;48.32;149.0;18.95;83.85;8.48;
2021-11-17 09:00:00;173.0;8.67;169.0;18.73;86.75;8.21;
2021-11-17 10:00:00;202.0;9.51;197.0;19.32;81.1;10.76;
2021-11-17 11:00:00;183.0;1.85;182.0;19.47;83.9;10.9;
2021-11-17 12:00:00;57.0;0.0;57.0;19.47;83.9;10.97;
2021-11-17 13:00:00;76.0;0.0;76.0;19.23;86.8;9.45;
2021-11-17 14:00:00;90.0;3.4;89.0;19.0;86.8;8.69;
2021-11-17 15:00:00;53.0;44.76;47.0;18.9;86.8;8.14;
2021-11-17 16:00:00;0.0;0.0;0.0;18.89;86.8;8.21;
2021-11-17 17:00:00;0.0;0.0;0.0;18.96;86.8;8.28;
2021-11-17 18:00:00;0.0;0.0;0.0;18.99;86.8;8.14;
2021-11-17 19:00:00;0.0;0.0;0.0;19.0;86.8;7.93;
2021-11-17 20:00:00;0.0;0.0;0.0;18.98;86.8;7.86;
2021-11-17 21:00:00;0.0;0.0;0.0;18.99;86.8;7.86;
2021-11-17 22:00:00;0.0;0.0;0.0;19.09;89.8;7.38;
2021-11-17 23:00:00;0.0;0.0;0.0;18.87;89.8;7.38;
2021-11-18 00:00:00;0.0;0.0;0.0;18.76;89.75;7.59;
2021-11-18 01:00:00;0.0;0.0;0.0;18.65;89.75;8.14;
2021-11-18 02:00:00;0.0;0.0;0.0;18.73;89.75;9.1;
2021-11-18 03:00:00;0.0;0.0;0.0;18.49;86.75;8.76;
2021-11-18 04:00:00;0.0;0.0;0.0;18.16;89.75;8.62;
2021-11-18 05:00:00;0.0;0.0;0.0;18.35;83.8;8.69;
2021-11-18 06:00:00;4.0;0.0;4.0;18.34;83.8;9.52;
2021-11-18 07:00:00;82.0;34.87;75.0;18.09;89.75;10.62;
2021-11-18 08:00:00;38.0;0.0;38.0;17.83;86.7;11.31;
2021-11-18 09:00:00;127.0;0.0;127.0;18.0;86.7;11.1;
2021-11-18 10:00:00;424.0;407.76;211.0;17.92;89.75;13.1;
2021-11-18 11:00:00;486.0;597.37;165.0;17.62;92.85;12.76;
2021-11-18 12:00:00;409.0;420.51;198.0;17.35;89.7;12.9;
2021-11-18 13:00:00;376.0;629.12;113.0;17.17;92.8;12.55;
2021-11-18 14:00:00;98.0;6.85;96.0;17.2;92.8;11.72;
2021-11-18 15:00:00;49.0;30.34;45.0;17.4;89.7;11.45;
2021-11-18 16:00:00;0.0;0.0;0.0;17.28;86.65;10.83;
2021-11-18 17:00:00;0.0;0.0;0.0;17.18;92.8;10.76;
2021-11-18 18:00:00;0.0;0.0;0.0;17.28;89.7;11.1;
2021-11-18 19:00:00;0.0;0.0;0.0;17.23;92.8;10.76;
2021-11-18 20:00:00;0.0;0.0;0.0;17.15;92.8;10.48;
2021-11-18 21:00:00;0.0;0.0;0.0;17.36;89.7;10.55;
2021-11-18 22:00:00;0.0;0.0;0.0;17.62;89.7;11.38;
2021-11-18 23:00:00;0.0;0.0;0.0;17.76;89.7;11.31;
2021-11-19 00:00:00;0.0;0.0;0.0;17.84;83.75;11.52;
2021-11-19 01:00:00;0.0;0.0;0.0;17.97;83.75;11.72;
2021-11-19 02:00:00;0.0;0.0;0.0;17.83;83.75;11.79;
2021-11-19 03:00:00;0.0;0.0;0.0;17.48;86.65;11.31;
2021-11-19 04:00:00;0.0;0.0;0.0;17.23;92.8;10.41;
2021-11-19 05:00:00;0.0;0.0;0.0;17.12;92.8;9.52;
2021-11-19 06:00:00;0.0;0.0;0.0;17.1;89.65;9.31;
2021-11-19 07:00:00;49.0;0.0;49.0;17.1;89.65;9.31;
2021-11-19 08:00:00;49.0;0.0;49.0;17.29;86.65;9.24;
2021-11-19 09:00:00;163.0;6.61;160.0;17.23;89.65;9.31;
2021-11-19 10:00:00;232.0;25.06;219.0;17.43;89.7;10.34;
2021-11-19 11:00:00;371.0;219.1;254.0;17.22;92.8;9.31;
2021-11-19 12:00:00;234.0;36.1;216.0;17.25;92.8;8.55;
2021-11-19 13:00:00;391.0;717.63;93.0;17.25;92.8;7.52;
2021-11-19 14:00:00;236.0;500.98;91.0;17.2;92.8;6.83;
2021-11-19 15:00:00;85.0;315.95;44.0;17.37;89.7;5.66;
2021-11-19 16:00:00;0.0;0.0;0.0;17.64;89.7;5.1;
2021-11-19 17:00:00;0.0;0.0;0.0;17.9;86.7;5.1;
2021-11-19 18:00:00;0.0;0.0;0.0;18.02;86.7;4.97;
2021-11-19 19:00:00;0.0;0.0;0.0;17.98;86.7;4.41;
2021-11-19 20:00:00;0.0;0.0;0.0;17.87;86.7;3.93;
2021-11-19 21:00:00;0.0;0.0;0.0;17.73;86.65;3.86;
2021-11-19 22:00:00;0.0;0.0;0.0;18.21;78.15;2.28;
2021-11-19 23:00:00;0.0;0.0;0.0;18.0;78.15;1.59;
2021-11-20 00:00:00;0.0;0.0;0.0;17.75;83.7;1.38;
2021-11-20 01:00:00;0.0;0.0;0.0;17.9;78.15;2.0;
2021-11-20 02:00:00;0.0;0.0;0.0;17.96;80.9;2.28;
2021-11-20 03:00:00;0.0;0.0;0.0;18.0;80.9;2.21;
2021-11-20 04:00:00;0.0;0.0;0.0;17.98;80.9;2.14;
2021-11-20 05:00:00;0.0;0.0;0.0;17.98;80.9;2.07;
2021-11-20 06:00:00;0.0;0.0;0.0;17.97;78.15;2.34;
2021-11-20 07:00:00;136.0;330.6;72.0;18.01;78.15;2.62;
2021-11-20 08:00:00;301.0;616.15;91.0;18.01;78.15;2.76;
2021-11-20 09:00:00;420.0;683.58;112.0;18.09;78.15;2.97;
2021-11-20 10:00:00;493.0;721.86;121.0;18.42;75.55;3.03;
2021-11-20 11:00:00;508.0;716.01;128.0;18.46;75.55;2.48;
2021-11-20 12:00:00;465.0;683.93;126.0;18.51;75.55;2.07;
2021-11-20 13:00:00;383.0;690.79;98.0;18.56;75.55;1.59;
2021-11-20 14:00:00;248.0;595.64;77.0;18.59;75.55;1.1;
2021-11-20 15:00:00;81.0;281.75;45.0;18.62;75.55;0.97;
2021-11-20 16:00:00;0.0;0.0;0.0;18.59;75.55;1.59;
2021-11-20 17:00:00;0.0;0.0;0.0;18.52;75.55;2.48;
2021-11-20 18:00:00;0.0;0.0;0.0;18.53;75.55;2.41;
2021-11-20 19:00:00;0.0;0.0;0.0;18.53;75.55;1.86;
2021-11-20 20:00:00;0.0;0.0;0.0;18.56;75.55;1.24;
2021-11-20 21:00:00;0.0;0.0;0.0;18.56;75.55;1.1;
2021-11-20 22:00:00;0.0;0.0;0.0;18.61;72.95;2.14;
2021-11-20 23:00:00;0.0;0.0;0.0;18.58;72.95;2.07;
2021-11-21 00:00:00;0.0;0.0;0.0;18.52;75.55;2.14;
2021-11-21 01:00:00;0.0;0.0;0.0;18.49;75.55;2.34;
2021-11-21 02:00:00;0.0;0.0;0.0;18.46;75.55;2.69;
2021-11-21 03:00:00;0.0;0.0;0.0;18.45;75.55;2.55;
2021-11-21 04:00:00;0.0;0.0;0.0;18.41;75.55;2.62;
2021-11-21 05:00:00;0.0;0.0;0.0;18.46;72.95;2.83;
2021-11-21 06:00:00;0.0;0.0;0.0;18.39;72.95;3.03;
2021-11-21 07:00:00;150.0;489.29;57.0;18.27;78.15;3.1;
2021-11-21 08:00:00;305.0;655.3;84.0;18.14;78.15;3.31;
2021-11-21 09:00:00;430.0;742.67;98.0;18.06;78.15;3.52;
2021-11-21 10:00:00;503.0;773.54;107.0;17.3;89.7;3.72;
2021-11-21 11:00:00;515.0;762.05;113.0;17.92;83.75;4.28;
2021-11-21 12:00:00;483.0;771.18;103.0;18.38;75.55;4.9;
2021-11-21 13:00:00;382.0;695.16;97.0;18.66;75.55;4.76;
2021-11-21 14:00:00;250.0;617.88;74.0;18.76;78.25;4.55;
2021-11-21 15:00:00;86.0;365.41;40.0;18.85;75.65;4.41;
2021-11-21 16:00:00;0.0;0.0;0.0;18.88;78.3;4.41;
2021-11-21 17:00:00;0.0;0.0;0.0;18.91;78.3;4.76;
2021-11-21 18:00:00;0.0;0.0;0.0;18.92;78.3;5.45;
2021-11-21 19:00:00;0.0;0.0;0.0;18.89;78.3;6.0;
2021-11-21 20:00:00;0.0;0.0;0.0;18.81;81.05;6.34;
2021-11-21 21:00:00;0.0;0.0;0.0;18.78;81.05;6.62;
2021-11-21 22:00:00;0.0;0.0;0.0;18.82;78.3;7.79;
2021-11-21 23:00:00;0.0;0.0;0.0;18.78;81.0;8.41;
2021-11-22 00:00:00;0.0;0.0;0.0;18.68;83.8;8.76;
2021-11-22 01:00:00;0.0;0.0;0.0;18.51;83.8;8.62;
2021-11-22 02:00:00;0.0;0.0;0.0;18.32;83.8;8.21;
2021-11-22 03:00:00;0.0;0.0;0.0;18.29;83.8;7.93;
2021-11-22 04:00:00;0.0;0.0;0.0;18.39;83.8;8.07;
2021-11-22 05:00:00;0.0;0.0;0.0;18.44;83.8;8.48;
2021-11-22 06:00:00;0.0;0.0;0.0;18.43;83.8;8.9;
2021-11-22 07:00:00;145.0;471.6;57.0;18.44;83.8;9.31;
2021-11-22 08:00:00;245.0;314.62;140.0;18.44;83.8;9.52;
2021-11-22 09:00:00;357.0;401.29;179.0;18.58;81.0;9.66;
2021-11-22 10:00:00;457.0;574.12;165.0;18.93;81.05;9.38;
2021-11-22 11:00:00;413.0;352.77;228.0;18.99;81.05;9.31;
2021-11-22 12:00:00;465.0;702.15;121.0;19.04;81.05;9.38;
2021-11-22 13:00:00;352.0;534.99;134.0;19.16;81.05;9.31;
2021-11-22 14:00:00;239.0;558.88;81.0;19.28;81.05;9.17;
2021-11-22 15:00:00;81.0;314.26;42.0;19.37;78.35;9.31;
2021-11-22 16:00:00;0.0;0.0;0.0;19.37;81.1;9.38;
2021-11-22 17:00:00;0.0;0.0;0.0;19.33;81.1;9.52;
2021-11-22 18:00:00;0.0;0.0;0.0;19.32;81.1;9.59;
2021-11-22 19:00:00;0.0;0.0;0.0;19.4;81.1;9.72;
2021-11-22 20:00:00;0.0;0.0;0.0;19.45;81.1;10.07;
2021-11-22 21:00:00;0.0;0.0;0.0;19.48;81.1;10.28;
2021-11-22 22:00:00;0.0;0.0;0.0;19.32;78.35;10.41;
2021-11-22 23:00:00;0.0;0.0;0.0;19.34;78.35;10.69;
2021-11-23 00:00:00;0.0;0.0;0.0;19.35;78.35;10.48;
2021-11-23 01:00:00;0.0;0.0;0.0;19.37;78.35;10.14;
2021-11-23 02:00:00;0.0;0.0;0.0;19.39;78.35;10.14;
2021-11-23 03:00:00;0.0;0.0;0.0;19.38;78.35;10.07;
2021-11-23 04:00:00;0.0;0.0;0.0;19.37;78.35;10.07;
2021-11-23 05:00:00;0.0;0.0;0.0;19.4;78.35;9.93;
2021-11-23 06:00:00;0.0;0.0;0.0;19.43;78.35;10.07;
2021-11-23 07:00:00;132.0;365.77;65.0;19.43;78.35;10.34;
2021-11-23 08:00:00;228.0;245.25;147.0;19.43;78.35;10.55;
2021-11-23 09:00:00;343.0;349.87;189.0;19.43;78.35;10.9;
2021-11-23 10:00:00;276.0;73.22;239.0;19.47;81.1;11.24;
2021-11-23 11:00:00;416.0;364.41;226.0;19.43;81.1;11.24;
2021-11-23 12:00:00;277.0;90.31;233.0;19.49;81.1;11.03;
2021-11-23 13:00:00;305.0;320.92;175.0;19.53;83.9;10.83;
2021-11-23 14:00:00;148.0;89.07;123.0;19.59;83.9;10.62;
2021-11-23 15:00:00;65.0;147.03;47.0;19.65;83.9;10.41;
2021-11-23 16:00:00;0.0;0.0;0.0;19.68;83.9;10.55;
2021-11-23 17:00:00;0.0;0.0;0.0;19.57;83.9;10.83;
2021-11-23 18:00:00;0.0;0.0;0.0;19.46;83.9;11.1;
2021-11-23 19:00:00;0.0;0.0;0.0;19.39;83.9;11.24;
2021-11-23 20:00:00;0.0;0.0;0.0;19.33;83.9;11.72;
2021-11-23 21:00:00;0.0;0.0;0.0;19.39;83.9;11.86;
2021-11-23 22:00:00;0.0;0.0;0.0;19.51;83.9;13.79;
2021-11-23 23:00:00;0.0;0.0;0.0;19.61;83.9;13.86;
2021-11-24 00:00:00;0.0;0.0;0.0;19.56;86.85;13.38;
2021-11-24 01:00:00;0.0;0.0;0.0;19.56;86.85;13.1;
2021-11-24 02:00:00;0.0;0.0;0.0;19.48;86.85;12.62;
2021-11-24 03:00:00;0.0;0.0;0.0;19.46;86.85;12.69;
2021-11-24 04:00:00;0.0;0.0;0.0;19.4;86.85;13.31;
2021-11-24 05:00:00;0.0;0.0;0.0;19.31;86.85;13.03;
2021-11-24 06:00:00;0.0;0.0;0.0;19.18;89.8;13.72;
2021-11-24 07:00:00;81.0;55.62;71.0;19.13;89.8;14.48;
2021-11-24 08:00:00;162.0;61.19;142.0;19.11;89.8;14.28;
2021-11-24 09:00:00;261.0;125.91;206.0;19.18;89.8;14.55;
2021-11-24 10:00:00;246.0;45.8;223.0;19.43;86.85;16.28;
2021-11-24 11:00:00;208.0;11.57;202.0;19.5;86.85;16.34;
2021-11-24 12:00:00;219.0;28.89;205.0;19.61;86.85;15.1;
2021-11-24 13:00:00;90.0;0.0;90.0;19.6;86.85;14.14;
2021-11-24 14:00:00;79.0;0.0;79.0;19.69;89.85;13.79;
2021-11-24 15:00:00;45.0;33.1;41.0;19.8;83.95;13.72;
2021-11-24 16:00:00;0.0;0.0;0.0;19.93;83.95;14.14;
2021-11-24 17:00:00;0.0;0.0;0.0;19.81;83.95;14.55;
2021-11-24 18:00:00;0.0;0.0;0.0;19.72;86.85;15.38;
2021-11-24 19:00:00;0.0;0.0;0.0;19.71;86.85;14.07;
2021-11-24 20:00:00;0.0;0.0;0.0;19.5;86.85;13.38;
2021-11-24 21:00:00;0.0;0.0;0.0;19.58;83.9;13.59;
2021-11-24 22:00:00;0.0;0.0;0.0;18.92;86.8;14.55;
2021-11-24 23:00:00;0.0;0.0;0.0;18.58;89.75;13.45;
2021-11-25 00:00:00;0.0;0.0;0.0;17.99;92.85;10.14;
2021-11-25 01:00:00;0.0;0.0;0.0;17.55;89.7;6.55;
2021-11-25 02:00:00;0.0;0.0;0.0;16.59;86.55;5.38;
2021-11-25 03:00:00;0.0;0.0;0.0;16.16;83.55;4.69;
2021-11-25 04:00:00;0.0;0.0;0.0;15.97;83.55;2.28;
2021-11-25 05:00:00;0.0;0.0;0.0;16.16;80.65;2.76;
2021-11-25 06:00:00;0.0;0.0;0.0;16.27;77.95;3.66;
2021-11-25 07:00:00;88.0;90.66;72.0;16.79;72.7;4.69;
2021-11-25 08:00:00;222.0;244.17;143.0;17.27;70.3;5.38;
2021-11-25 09:00:00;202.0;36.9;186.0;17.75;70.3;5.86;
2021-11-25 10:00:00;322.0;162.3;241.0;18.09;65.55;8.48;
2021-11-25 11:00:00;254.0;44.61;231.0;18.11;65.55;8.48;
2021-11-25 12:00:00;411.0;483.38;178.0;18.16;65.55;7.72;
2021-11-25 13:00:00;359.0;609.08;115.0;18.23;67.95;7.03;
2021-11-25 14:00:00;233.0;552.52;80.0;18.16;67.95;6.48;
2021-11-25 15:00:00;78.0;326.7;39.0;18.09;67.95;6.14;
2021-11-25 16:00:00;0.0;0.0;0.0;18.07;67.95;6.0;
2021-11-25 17:00:00;0.0;0.0;0.0;18.01;67.95;6.14;
2021-11-25 18:00:00;0.0;0.0;0.0;17.97;67.95;6.0;
2021-11-25 19:00:00;0.0;0.0;0.0;17.91;67.95;5.86;
2021-11-25 20:00:00;0.0;0.0;0.0;17.87;67.95;5.93;
2021-11-25 21:00:00;0.0;0.0;0.0;17.87;67.95;5.59;
2021-11-25 22:00:00;0.0;0.0;0.0;18.1;67.95;6.55;
2021-11-25 23:00:00;0.0;0.0;0.0;18.05;67.95;6.48;
2021-11-26 00:00:00;0.0;0.0;0.0;18.02;65.55;5.79;
2021-11-26 01:00:00;0.0;0.0;0.0;17.98;65.55;5.03;
2021-11-26 02:00:00;0.0;0.0;0.0;18.0;65.55;4.76;
2021-11-26 03:00:00;0.0;0.0;0.0;17.98;65.55;4.97;
2021-11-26 04:00:00;0.0;0.0;0.0;17.94;65.55;5.31;
2021-11-26 05:00:00;0.0;0.0;0.0;17.92;65.55;5.66;
2021-11-26 06:00:00;0.0;0.0;0.0;17.83;67.95;5.72;
2021-11-26 07:00:00;133.0;450.31;55.0;17.73;70.3;5.72;
2021-11-26 08:00:00;287.0;615.11;90.0;17.65;70.3;5.52;
2021-11-26 09:00:00;415.0;724.93;103.0;17.61;70.3;5.45;
2021-11-26 10:00:00;459.0;604.74;159.0;17.69;67.85;4.41;
2021-11-26 11:00:00;463.0;551.81;180.0;17.73;67.85;4.55;
2021-11-26 12:00:00;468.0;740.23;113.0;17.78;65.55;5.03;
2021-11-26 13:00:00;375.0;687.55;101.0;17.86;65.55;5.31;
2021-11-26 14:00:00;236.0;559.6;82.0;17.94;65.55;5.66;
2021-11-26 15:00:00;74.0;271.16;42.0;17.97;65.55;5.86;
2021-11-26 16:00:00;0.0;0.0;0.0;18.0;65.55;5.86;
2021-11-26 17:00:00;0.0;0.0;0.0;17.93;65.55;6.0;
2021-11-26 18:00:00;0.0;0.0;0.0;17.84;65.55;6.48;
2021-11-26 19:00:00;0.0;0.0;0.0;17.75;70.3;6.83;
2021-11-26 20:00:00;0.0;0.0;0.0;17.7;70.3;6.62;
2021-11-26 21:00:00;0.0;0.0;0.0;17.65;70.3;6.34;
2021-11-26 22:00:00;0.0;0.0;0.0;17.58;70.3;5.03;
2021-11-26 23:00:00;0.0;0.0;0.0;17.56;72.8;4.62;
2021-11-27 00:00:00;0.0;0.0;0.0;17.55;72.8;4.14;
2021-11-27 01:00:00;0.0;0.0;0.0;17.53;72.8;3.79;
2021-11-27 02:00:00;0.0;0.0;0.0;17.53;72.8;3.59;
2021-11-27 03:00:00;0.0;0.0;0.0;17.51;72.8;3.38;
2021-11-27 04:00:00;0.0;0.0;0.0;17.52;72.8;3.1;
2021-11-27 05:00:00;0.0;0.0;0.0;17.52;72.8;2.9;
2021-11-27 06:00:00;0.0;0.0;0.0;17.5;72.8;2.69;
2021-11-27 07:00:00;131.0;458.82;53.0;17.46;72.8;2.62;
2021-11-27 08:00:00;284.0;627.64;85.0;17.36;72.8;2.55;
2021-11-27 09:00:00;407.0;711.48;103.0;17.32;72.8;2.21;
2021-11-27 10:00:00;480.0;738.1;116.0;17.48;78.1;1.93;
2021-11-27 11:00:00;500.0;746.77;119.0;17.5;78.1;2.07;
2021-11-27 12:00:00;454.0;687.28;126.0;17.49;78.1;2.21;
2021-11-27 13:00:00;345.0;532.11;134.0;17.5;75.4;1.93;
2021-11-27 14:00:00;232.0;548.28;82.0;17.58;75.4;1.79;
2021-11-27 15:00:00;78.0;334.04;39.0;17.57;75.4;2.07;
2021-11-27 16:00:00;0.0;0.0;0.0;17.56;75.4;2.41;
2021-11-27 17:00:00;0.0;0.0;0.0;17.55;78.1;2.97;
2021-11-27 18:00:00;0.0;0.0;0.0;17.56;78.1;3.1;
2021-11-27 19:00:00;0.0;0.0;0.0;17.55;78.1;2.97;
2021-11-27 20:00:00;0.0;0.0;0.0;17.49;78.1;2.83;
2021-11-27 21:00:00;0.0;0.0;0.0;17.47;75.4;2.48;
2021-11-27 22:00:00;0.0;0.0;0.0;17.36;75.4;0.34;
2021-11-27 23:00:00;0.0;0.0;0.0;17.35;75.4;0.76;
2021-11-28 00:00:00;0.0;0.0;0.0;17.22;75.3;1.59;
2021-11-28 01:00:00;0.0;0.0;0.0;17.14;75.3;1.93;
2021-11-28 02:00:00;0.0;0.0;0.0;17.01;75.3;2.07;
2021-11-28 03:00:00;0.0;0.0;0.0;16.92;75.3;2.21;
2021-11-28 04:00:00;0.0;0.0;0.0;16.8;75.3;2.07;
2021-11-28 05:00:00;0.0;0.0;0.0;16.6;77.95;2.07;
2021-11-28 06:00:00;0.0;0.0;0.0;16.6;77.95;2.14;
2021-11-28 07:00:00;97.0;173.81;68.0;16.51;77.95;2.21;
2021-11-28 08:00:00;280.0;624.36;84.0;16.43;77.95;2.07;
2021-11-28 09:00:00;368.0;520.92;147.0;16.22;80.65;1.72;
2021-11-28 10:00:00;51.0;0.0;51.0;16.36;77.95;0.21;
2021-11-28 11:00:00;391.0;319.13;229.0;16.07;77.85;1.93;
2021-11-28 12:00:00;87.0;0.0;87.0;16.24;77.85;2.0;
2021-11-28 13:00:00;89.0;0.0;89.0;16.34;75.25;2.0;
2021-11-28 14:00:00;139.0;77.18;118.0;16.45;75.25;2.14;
2021-11-28 15:00:00;39.0;17.3;37.0;16.63;72.65;1.86;
2021-11-28 16:00:00;0.0;0.0;0.0;16.77;67.75;0.0;
2021-11-28 17:00:00;0.0;0.0;0.0;16.96;67.75;0.0;
2021-11-28 18:00:00;0.0;0.0;0.0;17.05;65.35;3.24;
2021-11-28 19:00:00;0.0;0.0;0.0;17.15;65.35;3.38;
2021-11-28 20:00:00;0.0;0.0;0.0;17.07;65.35;4.41;
2021-11-28 21:00:00;0.0;0.0;0.0;17.03;63.05;5.17;
2021-11-28 22:00:00;0.0;0.0;0.0;17.22;67.75;5.38;
2021-11-28 23:00:00;0.0;0.0;0.0;17.03;67.75;5.59;
2021-11-29 00:00:00;0.0;0.0;0.0;16.72;70.1;5.79;
2021-11-29 01:00:00;0.0;0.0;0.0;16.76;67.75;5.72;
2021-11-29 02:00:00;0.0;0.0;0.0;16.9;67.75;6.14;
2021-11-29 03:00:00;0.0;0.0;0.0;16.97;67.75;7.03;
2021-11-29 04:00:00;0.0;0.0;0.0;16.97;67.75;7.72;
2021-11-29 05:00:00;0.0;0.0;0.0;16.84;67.75;7.93;
2021-11-29 06:00:00;0.0;0.0;0.0;16.55;72.65;8.21;
2021-11-29 07:00:00;88.0;128.24;67.0;16.22;72.55;8.76;
2021-11-29 08:00:00;188.0;144.76;143.0;15.94;75.15;9.52;
2021-11-29 09:00:00;247.0;111.56;200.0;15.78;75.15;9.86;
2021-11-29 10:00:00;223.0;28.71;209.0;15.67;80.6;8.48;
2021-11-29 11:00:00;198.0;9.9;193.0;15.8;75.15;8.55;
2021-11-29 12:00:00;58.0;0.0;58.0;15.72;75.1;9.52;
2021-11-29 13:00:00;166.0;20.36;158.0;15.57;72.45;10.69;
2021-11-29 14:00:00;175.0;206.89;119.0;15.34;69.9;11.72;
2021-11-29 15:00:00;77.0;357.91;36.0;15.15;69.85;11.59;
2021-11-29 16:00:00;0.0;0.0;0.0;15.02;69.85;10.97;
2021-11-29 17:00:00;0.0;0.0;0.0;14.94;64.95;10.55;
2021-11-29 18:00:00;0.0;0.0;0.0;14.88;62.65;10.28;
2021-11-29 19:00:00;0.0;0.0;0.0;14.84;60.4;10.41;
2021-11-29 20:00:00;0.0;0.0;0.0;14.66;60.3;10.83;
2021-11-29 21:00:00;0.0;0.0;0.0;14.41;60.3;11.1;
2021-11-29 22:00:00;0.0;0.0;0.0;14.13;62.45;10.97;
2021-11-29 23:00:00;0.0;0.0;0.0;13.76;62.45;10.48;
2021-11-30 00:00:00;0.0;0.0;0.0;13.47;60.2;10.62;
2021-11-30 01:00:00;0.0;0.0;0.0;13.29;60.2;10.9;
2021-11-30 02:00:00;0.0;0.0;0.0;13.18;62.3;11.59;
2021-11-30 03:00:00;0.0;0.0;0.0;13.18;64.65;12.21;
2021-11-30 04:00:00;0.0;0.0;0.0;13.06;62.3;11.79;
2021-11-30 05:00:00;0.0;0.0;0.0;12.98;62.3;11.38;
2021-11-30 06:00:00;0.0;0.0;0.0;13.01;60.05;11.31;
2021-11-30 07:00:00;123.0;441.73;52.0;13.14;57.9;11.17;
2021-11-30 08:00:00;239.0;367.06;126.0;13.35;55.9;10.97;
2021-11-30 09:00:00;360.0;477.98;160.0;13.54;55.9;10.55;
2021-11-30 10:00:00;309.0;142.29;240.0;14.58;50.1;11.1;
2021-11-30 11:00:00;337.0;171.04;251.0;14.92;48.4;10.14;
2021-11-30 12:00:00;314.0;174.16;232.0;15.15;48.4;9.45;
2021-11-30 13:00:00;39.0;0.0;39.0;15.43;46.75;8.9;
2021-11-30 14:00:00;46.0;0.0;46.0;15.61;48.55;8.76;
2021-11-30 15:00:00;63.0;176.03;43.0;15.77;46.9;9.03;
2021-11-30 16:00:00;0.0;0.0;0.0;15.45;50.02;7.32;
2021-11-30 17:00:00;0.0;0.0;0.0;15.4;50.65;7.12;
2021-11-30 18:00:00;0.0;0.0;0.0;15.36;51.28;6.92;
2021-11-30 19:00:00;0.0;0.0;0.0;15.31;51.91;6.72;
2021-11-30 20:00:00;0.0;0.0;0.0;15.26;52.53;6.52;
2021-11-30 21:00:00;0.0;0.0;0.0;15.21;53.16;6.32;
2021-11-30 22:00:00;0.0;0.0;0.0;15.17;53.79;6.12;
2021-11-30 23:00:00;0.0;0.0;0.0;15.12;54.42;5.92;
2021-12-01 00:00:00;0.0;0.0;0.0;15.07;55.05;5.72;
2021-12-01 01:00:00;0.0;0.0;0.0;15.03;55.67;5.52;
2021-12-01 02:00:00;0.0;0.0;0.0;14.98;56.3;5.32;
2021-12-01 03:00:00;0.0;0.0;0.0;14.93;56.93;5.12;
2021-12-01 04:00:00;0.0;0.0;0.0;14.89;57.56;4.92;
2021-12-01 05:00:00;0.0;0.0;0.0;14.84;58.18;4.72;
2021-12-01 06:00:00;0.0;0.0;0.0;14.79;58.81;4.52;
2021-12-01 07:00:00;83.0;114.09;65.0;14.74;59.44;4.32;
2021-12-01 08:00:00;268.0;567.34;95.0;15.07;60.4;5.72;
2021-12-01 09:00:00;273.0;170.82;202.0;15.0;60.4;5.93;
2021-12-01 10:00:00;349.0;238.41;234.0;15.13;60.4;6.69;
2021-12-01 11:00:00;221.0;19.98;211.0;15.16;60.4;6.55;
2021-12-01 12:00:00;172.0;4.27;170.0;15.12;60.4;6.28;
2021-12-01 13:00:00;219.0;89.82;184.0;15.2;60.4;6.28;
2021-12-01 14:00:00;186.0;261.0;116.0;15.24;60.4;5.86;
2021-12-01 15:00:00;70.0;266.0;40.0;15.31;58.35;5.1;
2021-12-01 16:00:00;0.0;0.0;0.0;15.39;56.25;4.55;
2021-12-01 17:00:00;0.0;0.0;0.0;15.41;56.25;4.62;
2021-12-01 18:00:00;0.0;0.0;0.0;15.42;58.35;4.83;
2021-12-01 19:00:00;0.0;0.0;0.0;15.42;58.35;4.76;
2021-12-01 20:00:00;0.0;0.0;0.0;15.42;60.5;4.76;
2021-12-01 21:00:00;0.0;0.0;0.0;15.42;60.5;4.83;
2021-12-01 22:00:00;0.0;0.0;0.0;15.82;58.45;4.14;
2021-12-01 23:00:00;0.0;0.0;0.0;15.94;58.45;4.41;
2021-12-02 00:00:00;0.0;0.0;0.0;16.02;60.65;4.9;
2021-12-02 01:00:00;0.0;0.0;0.0;16.03;58.45;5.31;
2021-12-02 02:00:00;0.0;0.0;0.0;16.09;60.65;5.52;
2021-12-02 03:00:00;0.0;0.0;0.0;16.06;60.65;5.66;
2021-12-02 04:00:00;0.0;0.0;0.0;16.01;60.65;5.79;
2021-12-02 05:00:00;0.0;0.0;0.0;16.0;60.65;5.93;
2021-12-02 06:00:00;0.0;0.0;0.0;15.94;58.45;5.79;
2021-12-02 07:00:00;113.0;380.96;54.0;15.96;58.45;5.52;
2021-12-02 08:00:00;248.0;456.82;110.0;15.96;60.65;5.52;
2021-12-02 09:00:00;406.0;757.97;93.0;15.98;58.45;5.52;
2021-12-02 10:00:00;480.0;781.43;105.0;16.65;56.5;3.59;
2021-12-02 11:00:00;312.0;130.43;247.0;16.72;56.5;3.24;
2021-12-02 12:00:00;175.0;6.42;172.0;16.73;56.5;4.14;
2021-12-02 13:00:00;114.0;0.0;114.0;16.74;58.6;4.62;
2021-12-02 14:00:00;81.0;3.74;80.0;16.76;56.5;4.55;
2021-12-02 15:00:00;38.0;17.85;36.0;16.78;54.6;4.41;
2021-12-02 16:00:00;0.0;0.0;0.0;16.82;54.6;4.21;
2021-12-02 17:00:00;0.0;0.0;0.0;16.83;54.6;4.21;
2021-12-02 18:00:00;0.0;0.0;0.0;16.78;54.6;4.0;
2021-12-02 19:00:00;0.0;0.0;0.0;16.71;56.5;3.66;
2021-12-02 20:00:00;0.0;0.0;0.0;16.65;54.45;3.45;
2021-12-02 21:00:00;0.0;0.0;0.0;16.61;54.45;3.38;
2021-12-02 22:00:00;0.0;0.0;0.0;16.37;56.5;4.55;
2021-12-02 23:00:00;0.0;0.0;0.0;16.37;56.5;4.76;
2021-12-03 00:00:00;0.0;0.0;0.0;16.37;56.5;4.55;
2021-12-03 01:00:00;0.0;0.0;0.0;16.37;56.5;4.41;
2021-12-03 02:00:00;0.0;0.0;0.0;16.39;54.45;3.93;
2021-12-03 03:00:00;0.0;0.0;0.0;16.37;56.5;3.31;
2021-12-03 04:00:00;0.0;0.0;0.0;16.34;56.5;3.1;
2021-12-03 05:00:00;0.0;0.0;0.0;16.3;58.6;3.31;
2021-12-03 06:00:00;0.0;0.0;0.0;16.2;58.45;3.79;
2021-12-03 07:00:00;110.0;388.05;51.0;16.17;60.65;4.21;
2021-12-03 08:00:00;236.0;410.93;113.0;16.06;62.85;4.41;
2021-12-03 09:00:00;347.0;472.78;153.0;16.1;62.85;4.55;
2021-12-03 10:00:00;147.0;0.0;147.0;16.28;62.95;6.97;
2021-12-03 11:00:00;232.0;32.24;216.0;16.41;62.95;6.62;
2021-12-03 12:00:00;186.0;12.89;180.0;16.46;65.25;5.79;
2021-12-03 13:00:00;101.0;0.0;101.0;16.53;65.25;5.45;
2021-12-03 14:00:00;86.0;3.76;85.0;16.68;65.25;5.86;
2021-12-03 15:00:00;38.0;26.92;35.0;16.85;63.05;6.07;
2021-12-03 16:00:00;0.0;0.0;0.0;16.87;63.05;5.72;
2021-12-03 17:00:00;0.0;0.0;0.0;16.56;67.65;6.0;
2021-12-03 18:00:00;0.0;0.0;0.0;16.15;72.55;6.28;
2021-12-03 19:00:00;0.0;0.0;0.0;15.82;75.15;6.34;
2021-12-03 20:00:00;0.0;0.0;0.0;15.73;77.8;6.55;
2021-12-03 21:00:00;0.0;0.0;0.0;15.27;80.6;7.52;
2021-12-03 22:00:00;0.0;0.0;0.0;16.0;75.15;8.34;
2021-12-03 23:00:00;0.0;0.0;0.0;16.16;75.15;7.66;
2021-12-04 00:00:00;0.0;0.0;0.0;16.01;77.85;0.0;
2021-12-04 01:00:00;0.0;0.0;0.0;15.5;80.6;0.0;
2021-12-04 02:00:00;0.0;0.0;0.0;15.24;86.45;7.17;
2021-12-04 03:00:00;0.0;0.0;0.0;15.21;86.45;6.41;
2021-12-04 04:00:00;0.0;0.0;0.0;15.3;83.5;5.93;
2021-12-04 05:00:00;0.0;0.0;0.0;15.51;83.5;5.93;
2021-12-04 06:00:00;0.0;0.0;0.0;15.7;83.5;6.07;
2021-12-04 07:00:00;112.0;435.41;47.0;15.89;77.85;6.14;
2021-12-04 08:00:00;267.0;640.52;77.0;15.99;77.85;6.21;
2021-12-04 09:00:00;389.0;720.91;95.0;16.1;77.85;6.34;
2021-12-04 10:00:00;467.0;768.02;102.0;16.64;75.25;7.45;
2021-12-04 11:00:00;492.0;790.96;101.0;16.81;72.7;7.17;
2021-12-04 12:00:00;451.0;750.35;103.0;17.01;72.7;6.83;
2021-12-04 13:00:00;362.0;702.68;91.0;17.21;70.2;6.69;
2021-12-04 14:00:00;228.0;584.21;73.0;17.42;67.85;6.62;
2021-12-04 15:00:00;74.0;342.58;36.0;17.47;67.85;6.62;
2021-12-04 16:00:00;0.0;0.0;0.0;17.5;67.85;6.55;
2021-12-04 17:00:00;0.0;0.0;0.0;17.6;67.85;6.48;
2021-12-04 18:00:00;0.0;0.0;0.0;17.63;70.3;6.55;
2021-12-04 19:00:00;0.0;0.0;0.0;17.55;70.3;6.62;
2021-12-04 20:00:00;0.0;0.0;0.0;17.52;72.8;6.97;
2021-12-04 21:00:00;0.0;0.0;0.0;17.5;75.4;7.31;
2021-12-04 22:00:00;0.0;0.0;0.0;17.65;72.8;8.76;
2021-12-04 23:00:00;0.0;0.0;0.0;17.42;72.8;9.03;
2021-12-05 00:00:00;0.0;0.0;0.0;17.33;72.8;8.97;
2021-12-05 01:00:00;0.0;0.0;0.0;17.08;78.0;8.62;
2021-12-05 02:00:00;0.0;0.0;0.0;16.95;75.3;8.62;
2021-12-05 03:00:00;0.0;0.0;0.0;16.83;78.0;8.55;
2021-12-05 04:00:00;0.0;0.0;0.0;16.44;80.75;8.69;
2021-12-05 05:00:00;0.0;0.0;0.0;16.64;80.75;8.97;
2021-12-05 06:00:00;0.0;0.0;0.0;16.63;80.75;9.03;
2021-12-05 07:00:00;77.0;122.78;59.0;16.66;80.75;9.1;
2021-12-05 08:00:00;173.0;139.44;132.0;16.84;78.0;9.17;
2021-12-05 09:00:00;65.0;0.0;65.0;16.93;78.0;9.38;
2021-12-05 10:00:00;216.0;31.71;201.0;17.18;78.0;10.55;
2021-12-05 11:00:00;138.0;0.0;138.0;17.01;78.0;10.83;
2021-12-05 12:00:00;154.0;2.16;153.0;16.87;78.0;10.76;
2021-12-05 13:00:00;158.0;20.8;150.0;16.7;83.6;9.86;
2021-12-05 14:00:00;69.0;0.0;69.0;16.58;83.6;9.45;
2021-12-05 15:00:00;49.0;81.43;40.0;16.6;86.55;9.1;
2021-12-05 16:00:00;0.0;0.0;0.0;16.9;83.65;0.0;
2021-12-05 17:00:00;0.0;0.0;0.0;17.06;83.65;0.0;
2021-12-05 18:00:00;0.0;0.0;0.0;17.17;83.65;9.45;
2021-12-05 19:00:00;0.0;0.0;0.0;17.24;80.8;9.66;
2021-12-05 20:00:00;0.0;0.0;0.0;17.23;80.8;9.86;
2021-12-05 21:00:00;0.0;0.0;0.0;17.08;80.8;10.0;
2021-12-05 22:00:00;0.0;0.0;0.0;17.09;80.8;10.48;
2021-12-05 23:00:00;0.0;0.0;0.0;17.09;80.8;10.34;
2021-12-06 00:00:00;0.0;0.0;0.0;17.2;80.8;10.21;
2021-12-06 01:00:00;0.0;0.0;0.0;17.38;80.85;10.21;
2021-12-06 02:00:00;0.0;0.0;0.0;17.2;83.65;10.41;
2021-12-06 03:00:00;0.0;0.0;0.0;16.89;83.65;10.62;
2021-12-06 04:00:00;0.0;0.0;0.0;16.83;83.65;9.93;
2021-12-06 05:00:00;0.0;0.0;0.0;16.94;83.65;9.66;
2021-12-06 06:00:00;0.0;0.0;0.0;16.94;83.65;9.45;
2021-12-06 07:00:00;87.0;215.3;56.0;16.9;80.8;9.59;
2021-12-06 08:00:00;179.0;168.09;130.0;16.76;83.65;9.59;
2021-12-06 09:00:00;191.0;42.18;174.0;16.72;86.55;9.86;
2021-12-06 10:00:00;264.0;91.29;221.0;17.27;80.85;10.34;
2021-12-06 11:00:00;252.0;57.06;224.0;17.29;80.85;10.07;
2021-12-06 12:00:00;177.0;10.85;172.0;17.23;83.65;10.0;
2021-12-06 13:00:00;259.0;224.22;173.0;17.04;83.65;9.72;
2021-12-06 14:00:00;108.0;26.52;101.0;17.07;83.65;9.24;
2021-12-06 15:00:00;52.0;108.87;40.0;16.95;83.65;8.62;
2021-12-06 16:00:00;0.0;0.0;0.0;16.82;86.6;7.93;
2021-12-06 17:00:00;0.0;0.0;0.0;16.77;86.6;7.52;
2021-12-06 18:00:00;0.0;0.0;0.0;16.72;89.65;7.03;
2021-12-06 19:00:00;0.0;0.0;0.0;16.63;89.65;6.41;
2021-12-06 20:00:00;0.0;0.0;0.0;16.62;89.65;6.0;
2021-12-06 21:00:00;0.0;0.0;0.0;16.64;89.65;6.0;
2021-12-06 22:00:00;0.0;0.0;0.0;16.99;86.6;6.62;
2021-12-06 23:00:00;0.0;0.0;0.0;16.99;83.65;6.69;
2021-12-07 00:00:00;0.0;0.0;0.0;17.0;83.65;6.34;
2021-12-07 01:00:00;0.0;0.0;0.0;17.12;83.65;6.14;
2021-12-07 02:00:00;0.0;0.0;0.0;17.21;83.65;5.45;
2021-12-07 03:00:00;0.0;0.0;0.0;17.2;80.8;5.17;
2021-12-07 04:00:00;0.0;0.0;0.0;17.3;78.1;4.97;
2021-12-07 05:00:00;0.0;0.0;0.0;17.34;75.4;4.34;
2021-12-07 06:00:00;0.0;0.0;0.0;17.14;78.0;3.72;
2021-12-07 07:00:00;55.0;35.35;50.0;16.99;78.0;3.93;
2021-12-07 08:00:00;148.0;79.56;125.0;17.06;78.0;4.48;
2021-12-07 09:00:00;237.0;124.75;187.0;17.08;78.0;5.03;
2021-12-07 10:00:00;375.0;390.16;192.0;17.2;78.0;5.38;
2021-12-07 11:00:00;356.0;271.93;223.0;17.24;78.0;4.97;
2021-12-07 12:00:00;263.0;102.25;216.0;17.17;78.0;5.03;
2021-12-07 13:00:00;214.0;101.92;175.0;17.16;80.8;5.03;
2021-12-07 14:00:00;25.0;0.0;25.0;16.97;83.65;6.48;
2021-12-07 15:00:00;39.0;27.27;36.0;16.92;80.8;6.48;
2021-12-07 16:00:00;0.0;0.0;0.0;17.17;80.8;6.41;
2021-12-07 17:00:00;0.0;0.0;0.0;17.29;78.1;6.76;
2021-12-07 18:00:00;0.0;0.0;0.0;17.16;80.8;6.69;
2021-12-07 19:00:00;0.0;0.0;0.0;17.31;78.1;6.34;
2021-12-07 20:00:00;0.0;0.0;0.0;17.31;78.1;6.21;
2021-12-07 21:00:00;0.0;0.0;0.0;17.32;78.1;5.86;
2021-12-07 22:00:00;0.0;0.0;0.0;17.02;78.0;5.86;
2021-12-07 23:00:00;0.0;0.0;0.0;16.97;80.8;5.59;
2021-12-08 00:00:00;0.0;0.0;0.0;16.96;80.8;4.83;
2021-12-08 01:00:00;0.0;0.0;0.0;16.92;80.8;4.14;
2021-12-08 02:00:00;0.0;0.0;0.0;16.89;78.0;3.93;
2021-12-08 03:00:00;0.0;0.0;0.0;16.85;78.0;3.66;
2021-12-08 04:00:00;0.0;0.0;0.0;16.88;78.0;3.72;
2021-12-08 05:00:00;0.0;0.0;0.0;16.91;78.0;3.93;
2021-12-08 06:00:00;0.0;0.0;0.0;16.96;78.0;4.14;
2021-12-08 07:00:00;100.0;395.7;45.0;16.97;78.0;4.28;
2021-12-08 08:00:00;244.0;561.5;83.0;16.94;78.0;4.69;
2021-12-08 09:00:00;320.0;411.37;156.0;16.98;78.0;4.76;
2021-12-08 10:00:00;349.0;299.68;209.0;17.47;72.8;3.86;
2021-12-08 11:00:00;407.0;449.16;188.0;17.48;72.8;3.24;
2021-12-08 12:00:00;389.0;486.38;166.0;17.48;70.3;2.83;
2021-12-08 13:00:00;349.0;662.49;96.0;17.53;70.3;2.69;
2021-12-08 14:00:00;222.0;562.71;74.0;17.66;67.85;3.31;
2021-12-08 15:00:00;63.0;209.2;40.0;17.79;65.55;3.66;
2021-12-08 16:00:00;0.0;0.0;0.0;17.85;67.95;4.34;
2021-12-08 17:00:00;0.0;0.0;0.0;17.81;67.95;6.0;
2021-12-08 18:00:00;0.0;0.0;0.0;17.69;70.3;6.34;
2021-12-08 19:00:00;0.0;0.0;0.0;17.61;70.3;6.07;
2021-12-08 20:00:00;0.0;0.0;0.0;17.54;70.3;5.72;
2021-12-08 21:00:00;0.0;0.0;0.0;17.52;70.3;5.31;
2021-12-08 22:00:00;0.0;0.0;0.0;17.44;70.3;4.34;
2021-12-08 23:00:00;0.0;0.0;0.0;17.37;70.3;4.07;
2021-12-09 00:00:00;0.0;0.0;0.0;17.3;70.3;3.72;
2021-12-09 01:00:00;0.0;0.0;0.0;17.22;75.3;2.97;
2021-12-09 02:00:00;0.0;0.0;0.0;17.23;75.3;2.34;
2021-12-09 03:00:00;0.0;0.0;0.0;17.22;75.3;1.93;
2021-12-09 04:00:00;0.0;0.0;0.0;17.17;75.3;1.93;
2021-12-09 05:00:00;0.0;0.0;0.0;17.19;75.3;1.79;
2021-12-09 06:00:00;0.0;0.0;0.0;17.17;75.3;1.79;
2021-12-09 07:00:00;90.0;285.47;51.0;17.18;75.3;2.14;
2021-12-09 08:00:00;158.0;108.97;127.0;17.12;75.3;2.69;
2021-12-09 09:00:00;330.0;453.83;150.0;17.11;75.3;2.97;
2021-12-09 10:00:00;448.0;724.09;111.0;16.69;80.75;2.34;
2021-12-09 11:00:00;254.0;59.65;225.0;16.7;80.75;2.48;
2021-12-09 12:00:00;165.0;6.56;162.0;16.8;75.3;3.03;
2021-12-09 13:00:00;263.0;233.45;174.0;16.88;75.3;3.93;
2021-12-09 14:00:00;142.0;102.77;115.0;16.99;75.3;4.97;
2021-12-09 15:00:00;58.0;154.6;41.0;17.04;75.3;5.79;
2021-12-09 16:00:00;0.0;0.0;0.0;17.04;75.3;6.34;
2021-12-09 17:00:00;0.0;0.0;0.0;16.97;75.3;6.41;
2021-12-09 18:00:00;0.0;0.0;0.0;16.86;72.7;6.0;
2021-12-09 19:00:00;0.0;0.0;0.0;16.78;72.7;5.38;
2021-12-09 20:00:00;0.0;0.0;0.0;16.73;75.25;5.1;
2021-12-09 21:00:00;0.0;0.0;0.0;16.7;72.65;5.24;
2021-12-09 22:00:00;0.0;0.0;0.0;16.39;72.65;4.69;
2021-12-09 23:00:00;0.0;0.0;0.0;16.3;72.65;4.69;
2021-12-10 00:00:00;0.0;0.0;0.0;16.14;72.55;4.97;
2021-12-10 01:00:00;0.0;0.0;0.0;16.04;72.55;5.38;
2021-12-10 02:00:00;0.0;0.0;0.0;16.0;75.15;5.86;
2021-12-10 03:00:00;0.0;0.0;0.0;15.85;72.55;6.07;
2021-12-10 04:00:00;0.0;0.0;0.0;15.73;75.1;5.86;
2021-12-10 05:00:00;0.0;0.0;0.0;15.58;72.45;5.45;
2021-12-10 06:00:00;0.0;0.0;0.0;15.52;69.9;5.17;
2021-12-10 07:00:00;95.0;364.8;46.0;15.48;69.9;5.1;
2021-12-10 08:00:00;242.0;545.5;88.0;15.42;69.9;5.17;
2021-12-10 09:00:00;362.0;620.76;117.0;15.39;72.45;5.17;
2021-12-10 10:00:00;387.0;422.63;191.0;15.67;72.45;5.52;
2021-12-10 11:00:00;389.0;363.0;213.0;15.81;70.0;5.38;
2021-12-10 12:00:00;396.0;492.86;171.0;16.01;70.0;4.97;
2021-12-10 13:00:00;255.0;199.64;179.0;16.3;65.25;4.76;
2021-12-10 14:00:00;172.0;213.31;116.0;16.57;65.25;4.97;
2021-12-10 15:00:00;56.0;127.17;42.0;16.82;63.05;5.45;
2021-12-10 16:00:00;0.0;0.0;0.0;16.96;63.05;5.52;
2021-12-10 17:00:00;0.0;0.0;0.0;17.02;63.05;5.17;
2021-12-10 18:00:00;0.0;0.0;0.0;17.02;63.05;4.76;
2021-12-10 19:00:00;0.0;0.0;0.0;16.98;60.85;6.0;
2021-12-10 20:00:00;0.0;0.0;0.0;16.91;60.85;6.0;
2021-12-10 21:00:00;0.0;0.0;0.0;16.84;60.85;6.0;
2021-12-10 22:00:00;0.0;0.0;0.0;16.79;60.85;6.0;
2021-12-10 23:00:00;0.0;0.0;0.0;16.67;65.25;6.0;
2021-12-11 00:00:00;0.0;0.0;0.0;16.49;65.25;6.0;
2021-12-11 01:00:00;0.0;0.0;0.0;16.37;65.25;6.0;
2021-12-11 02:00:00;0.0;0.0;0.0;16.29;65.25;6.0;
2021-12-11 03:00:00;0.0;0.0;0.0;16.23;67.55;6.0;
2021-12-11 04:00:00;0.0;0.0;0.0;16.15;67.55;6.0;
2021-12-11 05:00:00;0.0;0.0;0.0;16.12;67.55;6.0;
2021-12-11 06:00:00;0.0;0.0;0.0;16.1;67.55;6.0;
2021-12-11 07:00:00;78.0;196.81;52.0;16.11;67.55;6.0;
2021-12-11 08:00:00;248.0;613.76;76.0;16.02;65.15;6.0;
2021-12-11 09:00:00;374.0;712.77;94.0;15.95;65.15;6.0;
2021-12-11 10:00:00;452.0;752.9;104.0;15.98;62.85;6.0;
2021-12-11 11:00:00;480.0;775.34;105.0;16.01;62.85;6.0;
2021-12-11 12:00:00;398.0;515.69;163.0;16.11;62.85;6.0;
2021-12-11 13:00:00;341.0;596.97;114.0;16.18;62.85;6.0;
2021-12-11 14:00:00;120.0;45.72;108.0;16.33;60.75;6.0;
2021-12-11 15:00:00;13.0;0.0;13.0;16.47;62.95;6.0;
2021-12-11 16:00:00;0.0;0.0;0.0;16.63;62.95;6.0;
2021-12-11 17:00:00;0.0;0.0;0.0;16.74;65.25;6.0;
2021-12-11 18:00:00;0.0;0.0;0.0;16.86;63.05;6.0;
2021-12-11 19:00:00;0.0;0.0;0.0;16.91;65.35;6.0;
2021-12-11 20:00:00;0.0;0.0;0.0;16.93;67.75;6.0;
2021-12-11 21:00:00;0.0;0.0;0.0;16.61;72.65;6.0;
2021-12-11 22:00:00;0.0;0.0;0.0;17.16;67.75;6.0;
2021-12-11 23:00:00;0.0;0.0;0.0;17.15;70.2;6.0;
2021-12-12 00:00:00;0.0;0.0;0.0;17.15;70.2;6.0;
2021-12-12 01:00:00;0.0;0.0;0.0;17.12;70.2;6.0;
2021-12-12 02:00:00;0.0;0.0;0.0;17.06;70.2;6.0;
2021-12-12 03:00:00;0.0;0.0;0.0;17.02;70.2;6.0;
2021-12-12 04:00:00;0.0;0.0;0.0;16.96;70.2;6.0;
2021-12-12 05:00:00;0.0;0.0;0.0;17.15;70.2;6.0;
2021-12-12 06:00:00;0.0;0.0;0.0;17.29;67.85;6.0;
2021-12-12 07:00:00;73.0;161.57;52.0;17.37;67.85;6.0;
2021-12-12 08:00:00;201.0;309.06;115.0;17.46;70.3;6.0;
2021-12-12 09:00:00;343.0;547.19;129.0;17.49;70.3;6.0;
2021-12-12 10:00:00;425.0;620.69;139.0;17.62;67.85;6.0;
2021-12-12 11:00:00;377.0;337.77;214.0;17.51;67.85;6.0;
2021-12-12 12:00:00;197.0;21.98;187.0;17.42;67.85;6.0;
2021-12-12 13:00:00;261.0;226.35;175.0;17.36;67.85;6.0;
2021-12-12 14:00:00;140.0;95.24;115.0;17.44;67.85;6.0;
2021-12-12 15:00:00;63.0;207.85;40.0;17.46;67.85;6.0;
2021-12-12 16:00:00;0.0;0.0;0.0;17.49;70.3;6.0;
2021-12-12 17:00:00;0.0;0.0;0.0;17.44;65.45;6.0;
2021-12-12 18:00:00;0.0;0.0;0.0;17.27;63.2;6.0;
2021-12-12 19:00:00;0.0;0.0;0.0;17.12;65.35;6.0;
2021-12-12 20:00:00;0.0;0.0;0.0;17.1;65.35;6.0;
2021-12-12 21:00:00;0.0;0.0;0.0;17.19;65.35;6.0;
2021-12-12 22:00:00;0.0;0.0;0.0;17.29;65.45;6.0;
2021-12-12 23:00:00;0.0;0.0;0.0;17.28;65.45;6.0;
2021-12-13 00:00:00;0.0;0.0;0.0;17.06;67.75;6.0;
2021-12-13 01:00:00;0.0;0.0;0.0;16.99;70.2;6.0;
2021-12-13 02:00:00;0.0;0.0;0.0;17.06;67.75;6.0;
2021-12-13 03:00:00;0.0;0.0;0.0;17.03;67.75;6.0;
2021-12-13 04:00:00;0.0;0.0;0.0;16.89;67.75;6.0;
2021-12-13 05:00:00;0.0;0.0;0.0;16.73;72.65;6.0;
2021-12-13 06:00:00;0.0;0.0;0.0;16.65;72.65;6.0;
2021-12-13 07:00:00;93.0;406.46;41.0;16.62;72.65;6.0;
2021-12-13 08:00:00;245.0;611.49;76.0;16.56;72.65;6.0;
2021-12-13 09:00:00;346.0;559.76;128.0;16.52;70.1;6.0;
2021-12-13 10:00:00;451.0;750.89;106.0;16.61;65.25;6.0;
2021-12-13 11:00:00;482.0;784.86;104.0;16.59;62.95;6.0;
2021-12-13 12:00:00;445.0;746.0;106.0;16.64;62.95;6.0;
2021-12-13 13:00:00;363.0;721.56;89.0;16.7;60.75;6.0;
2021-12-13 14:00:00;231.0;609.22;71.0;16.78;58.7;6.0;
2021-12-13 15:00:00;76.0;378.04;34.0;16.8;58.7;6.0;
2021-12-13 16:00:00;0.0;0.0;0.0;16.77;58.7;6.0;
2021-12-13 17:00:00;0.0;0.0;0.0;16.64;60.75;6.0;
2021-12-13 18:00:00;0.0;0.0;0.0;16.55;60.75;6.0;
2021-12-13 19:00:00;0.0;0.0;0.0;16.5;58.6;6.0;
2021-12-13 20:00:00;0.0;0.0;0.0;16.45;56.5;6.0;
2021-12-13 21:00:00;0.0;0.0;0.0;16.41;56.5;6.0;
2021-12-13 22:00:00;0.0;0.0;0.0;16.34;58.6;6.0;
2021-12-13 23:00:00;0.0;0.0;0.0;16.27;58.6;6.0;
2021-12-14 00:00:00;0.0;0.0;0.0;16.17;60.65;6.0;
2021-12-14 01:00:00;0.0;0.0;0.0;16.12;62.85;6.0;
2021-12-14 02:00:00;0.0;0.0;0.0;16.07;65.15;6.0;
2021-12-14 03:00:00;0.0;0.0;0.0;16.0;65.15;6.0;
2021-12-14 04:00:00;0.0;0.0;0.0;15.97;65.15;6.0;
2021-12-14 05:00:00;0.0;0.0;0.0;15.97;67.55;6.0;
2021-12-14 06:00:00;0.0;0.0;0.0;15.95;67.55;6.0;
2021-12-14 07:00:00;94.0;436.59;39.0;15.98;67.55;6.0;
2021-12-14 08:00:00;245.0;622.75;74.0;15.96;67.55;6.0;
2021-12-14 09:00:00;337.0;520.73;135.0;16.01;67.55;6.0;
2021-12-14 10:00:00;448.0;746.34;106.0;15.76;62.85;6.0;
2021-12-14 11:00:00;392.0;386.88;206.0;15.83;62.85;6.0;
2021-12-14 12:00:00;387.0;467.01;175.0;15.86;62.85;6.0;
2021-12-14 13:00:00;310.0;424.08;149.0;15.91;62.85;6.0;
2021-12-14 14:00:00;143.0;102.71;116.0;15.99;62.85;6.0;
2021-12-14 15:00:00;40.0;26.87;37.0;16.09;62.85;6.0;
2021-12-14 16:00:00;0.0;0.0;0.0;16.21;62.85;6.0;
2021-12-14 17:00:00;0.0;0.0;0.0;16.33;60.75;6.0;
2021-12-14 18:00:00;0.0;0.0;0.0;16.43;62.95;6.0;
2021-12-14 19:00:00;0.0;0.0;0.0;16.5;62.95;6.0;
2021-12-14 20:00:00;0.0;0.0;0.0;16.54;62.95;6.0;
2021-12-14 21:00:00;0.0;0.0;0.0;16.51;65.25;6.0;
2021-12-14 22:00:00;0.0;0.0;0.0;15.69;80.6;6.0;
2021-12-14 23:00:00;0.0;0.0;0.0;15.57;80.6;6.0;
2021-12-15 00:00:00;0.0;0.0;0.0;15.49;80.6;6.0;
2021-12-15 01:00:00;0.0;0.0;0.0;15.46;80.6;6.0;
2021-12-15 02:00:00;0.0;0.0;0.0;15.44;80.6;6.0;
2021-12-15 03:00:00;0.0;0.0;0.0;15.36;80.6;6.0;
2021-12-15 04:00:00;0.0;0.0;0.0;15.27;80.6;6.0;
2021-12-15 05:00:00;0.0;0.0;0.0;15.21;83.45;6.0;
2021-12-15 06:00:00;0.0;0.0;0.0;15.18;86.45;6.0;
2021-12-15 07:00:00;67.0;145.03;49.0;15.2;83.45;6.0;
2021-12-15 08:00:00;169.0;172.23;122.0;15.29;80.6;6.0;
2021-12-15 09:00:00;214.0;90.56;179.0;15.3;80.6;6.0;
2021-12-15 10:00:00;272.0;113.75;220.0;15.69;75.1;6.0;
2021-12-15 11:00:00;203.0;16.67;195.0;15.75;72.45;6.0;
2021-12-15 12:00:00;236.0;61.73;208.0;15.85;70.0;6.0;
2021-12-15 13:00:00;179.0;42.14;163.0;15.89;70.0;6.0;
2021-12-15 14:00:00;121.0;45.58;109.0;15.99;70.0;6.0;
2021-12-15 15:00:00;53.0;97.96;42.0;16.03;72.55;6.0;
2021-12-15 16:00:00;0.0;0.0;0.0;16.12;72.55;6.0;
2021-12-15 17:00:00;0.0;0.0;0.0;16.21;72.55;6.0;
2021-12-15 18:00:00;0.0;0.0;0.0;16.37;70.1;6.0;
2021-12-15 19:00:00;0.0;0.0;0.0;16.37;70.1;6.0;
2021-12-15 20:00:00;0.0;0.0;0.0;16.34;70.1;6.0;
2021-12-15 21:00:00;0.0;0.0;0.0;16.26;72.55;6.0;
2021-12-15 22:00:00;0.0;0.0;0.0;15.8;70.0;6.0;
2021-12-15 23:00:00;0.0;0.0;0.0;15.76;70.0;6.0;
2021-12-16 00:00:00;0.0;0.0;0.0;15.73;72.45;6.0;
2021-12-16 01:00:00;0.0;0.0;0.0;15.75;70.0;6.0;
2021-12-16 02:00:00;0.0;0.0;0.0;15.76;70.0;6.0;
2021-12-16 03:00:00;0.0;0.0;0.0;15.77;70.0;6.0;
2021-12-16 04:00:00;0.0;0.0;0.0;15.81;70.0;6.0;
2021-12-16 05:00:00;0.0;0.0;0.0;15.84;70.0;6.0;
2021-12-16 06:00:00;0.0;0.0;0.0;15.8;70.0;6.0;
2021-12-16 07:00:00;87.0;392.38;39.0;15.75;70.0;6.0;
2021-12-16 08:00:00;239.0;604.48;75.0;15.66;72.45;6.0;
2021-12-16 09:00:00;368.0;719.17;91.0;15.66;72.45;6.0;
2021-12-16 10:00:00;444.0;738.8;107.0;15.92;67.55;6.0;
2021-12-16 11:00:00;463.0;713.38;121.0;16.02;67.55;6.0;
2021-12-16 12:00:00;411.0;584.51;146.0;16.11;65.15;6.0;
2021-12-16 13:00:00;320.0;479.19;138.0;16.32;62.95;6.0;
2021-12-16 14:00:00;20.0;0.0;20.0;16.61;62.95;6.0;
2021-12-16 15:00:00;60.0;159.23;42.0;16.54;62.95;6.0;
2021-12-16 16:00:00;0.0;0.0;0.0;16.63;62.95;6.0;
2021-12-16 17:00:00;0.0;0.0;0.0;16.61;62.95;6.0;
2021-12-16 18:00:00;0.0;0.0;0.0;16.48;65.25;6.0;
2021-12-16 19:00:00;0.0;0.0;0.0;16.35;65.25;6.0;
2021-12-16 20:00:00;0.0;0.0;0.0;16.22;67.55;6.0;
2021-12-16 21:00:00;0.0;0.0;0.0;16.14;65.15;6.0;
2021-12-16 22:00:00;0.0;0.0;0.0;15.86;62.85;6.0;
2021-12-16 23:00:00;0.0;0.0;0.0;15.68;65.05;6.0;
2021-12-17 00:00:00;0.0;0.0;0.0;15.35;62.75;6.0;
2021-12-17 01:00:00;0.0;0.0;0.0;15.12;64.95;6.0;
2021-12-17 02:00:00;0.0;0.0;0.0;14.94;67.35;6.0;
2021-12-17 03:00:00;0.0;0.0;0.0;14.95;67.35;6.0;
2021-12-17 04:00:00;0.0;0.0;0.0;15.16;67.35;6.0;
2021-12-17 05:00:00;0.0;0.0;0.0;15.2;69.85;6.0;
2021-12-17 06:00:00;0.0;0.0;0.0;15.34;67.45;6.0;
2021-12-17 07:00:00;85.0;381.29;39.0;15.3;67.45;6.0;
2021-12-17 08:00:00;240.0;615.23;74.0;15.19;72.4;6.0;
2021-12-17 09:00:00;367.0;711.02;94.0;15.46;69.9;6.0;
2021-12-17 10:00:00;440.0;709.47;117.0;15.53;69.9;6.0;
2021-12-17 11:00:00;469.0;737.09;116.0;15.73;69.9;6.0;
2021-12-17 12:00:00;436.0;708.21;115.0;15.86;65.15;6.0;
2021-12-17 13:00:00;290.0;328.89;165.0;16.09;65.15;6.0;
2021-12-17 14:00:00;125.0;52.97;111.0;16.33;62.95;6.0;
2021-12-17 15:00:00;47.0;52.68;41.0;16.37;62.95;6.0;
2021-12-17 16:00:00;0.0;0.0;0.0;16.22;65.15;6.0;
2021-12-17 17:00:00;0.0;0.0;0.0;16.0;65.15;6.0;
2021-12-17 18:00:00;0.0;0.0;0.0;15.85;65.15;6.0;
2021-12-17 19:00:00;0.0;0.0;0.0;15.74;69.9;6.0;
2021-12-17 20:00:00;0.0;0.0;0.0;15.7;67.45;6.0;
2021-12-17 21:00:00;0.0;0.0;0.0;15.67;67.45;6.0;
2021-12-17 22:00:00;0.0;0.0;0.0;15.79;65.15;6.0;
2021-12-17 23:00:00;0.0;0.0;0.0;15.57;67.45;6.0;
2021-12-18 00:00:00;0.0;0.0;0.0;15.4;67.45;6.0;
2021-12-18 01:00:00;0.0;0.0;0.0;15.31;67.45;6.0;
2021-12-18 02:00:00;0.0;0.0;0.0;15.28;67.45;6.0;
2021-12-18 03:00:00;0.0;0.0;0.0;15.21;69.85;6.0;
2021-12-18 04:00:00;0.0;0.0;0.0;15.16;69.85;6.0;
2021-12-18 05:00:00;0.0;0.0;0.0;15.18;69.85;6.0;
2021-12-18 06:00:00;0.0;0.0;0.0;15.15;69.85;6.0;
2021-12-18 07:00:00;82.0;352.79;40.0;15.13;69.85;6.0;
2021-12-18 08:00:00;229.0;558.8;79.0;15.01;67.35;6.0;
2021-12-18 09:00:00;358.0;681.73;97.0;14.92;67.35;6.0;
2021-12-18 10:00:00;434.0;706.26;113.0;15.12;64.95;6.0;
2021-12-18 11:00:00;472.0;766.95;105.0;15.14;62.65;6.0;
2021-12-18 12:00:00;437.0;730.27;106.0;15.23;62.65;6.0;
2021-12-18 13:00:00;357.0;693.95;93.0;15.33;60.5;6.0;
2021-12-18 14:00:00;223.0;547.15;78.0;15.52;60.5;6.0;
2021-12-18 15:00:00;73.0;304.73;38.0;15.74;62.75;6.0;
2021-12-18 16:00:00;0.0;0.0;0.0;15.96;60.65;6.0;
2021-12-18 17:00:00;0.0;0.0;0.0;16.08;62.85;6.0;
2021-12-18 18:00:00;0.0;0.0;0.0;16.11;62.85;6.0;
2021-12-18 19:00:00;0.0;0.0;0.0;16.0;62.85;6.0;
2021-12-18 20:00:00;0.0;0.0;0.0;15.82;62.85;6.0;
2021-12-18 21:00:00;0.0;0.0;0.0;15.55;65.05;6.0;
2021-12-18 22:00:00;0.0;0.0;0.0;14.75;69.85;6.0;
2021-12-18 23:00:00;0.0;0.0;0.0;14.34;72.3;6.0;
2021-12-19 00:00:00;0.0;0.0;0.0;14.0;74.85;6.0;
2021-12-19 01:00:00;0.0;0.0;0.0;13.77;74.85;6.0;
2021-12-19 02:00:00;0.0;0.0;0.0;13.63;77.6;6.0;
2021-12-19 03:00:00;0.0;0.0;0.0;13.85;77.6;6.0;
2021-12-19 04:00:00;0.0;0.0;0.0;14.06;77.6;6.0;
2021-12-19 05:00:00;0.0;0.0;0.0;14.56;77.65;6.0;
2021-12-19 06:00:00;0.0;0.0;0.0;15.04;77.75;6.0;
2021-12-19 07:00:00;18.0;0.0;18.0;15.54;77.8;6.0;
2021-12-19 08:00:00;74.0;0.0;74.0;15.77;75.15;6.0;
2021-12-19 09:00:00;171.0;31.43;159.0;16.0;77.85;6.0;
2021-12-19 10:00:00;269.0;114.57;217.0;15.76;75.15;6.0;
2021-12-19 11:00:00;368.0;328.28;211.0;16.08;80.65;6.0;
2021-12-19 12:00:00;125.0;0.0;125.0;16.46;80.75;6.0;
2021-12-19 13:00:00;120.0;2.63;119.0;16.71;83.6;6.0;
2021-12-19 14:00:00;106.0;22.57;100.0;16.8;80.8;6.0;
2021-12-19 15:00:00;39.0;17.25;37.0;16.75;86.55;6.0;
2021-12-19 16:00:00;0.0;0.0;0.0;16.85;86.6;6.0;
2021-12-19 17:00:00;0.0;0.0;0.0;16.97;83.65;6.0;
2021-12-19 18:00:00;0.0;0.0;0.0;16.92;86.6;6.0;
2021-12-19 19:00:00;0.0;0.0;0.0;17.02;83.65;6.0;
2021-12-19 20:00:00;0.0;0.0;0.0;16.98;83.65;6.0;
2021-12-19 21:00:00;0.0;0.0;0.0;17.0;83.65;6.0;
2021-12-19 22:00:00;0.0;0.0;0.0;17.2;80.8;6.0;
2021-12-19 23:00:00;0.0;0.0;0.0;17.24;83.65;6.0;
2021-12-20 00:00:00;0.0;0.0;0.0;17.28;80.85;6.0;
2021-12-20 01:00:00;0.0;0.0;0.0;17.22;83.65;6.0;
2021-12-20 02:00:00;0.0;0.0;0.0;17.08;83.65;6.0;
2021-12-20 03:00:00;0.0;0.0;0.0;16.72;83.6;6.0;
2021-12-20 04:00:00;0.0;0.0;0.0;17.08;80.8;6.0;
2021-12-20 05:00:00;0.0;0.0;0.0;17.78;67.95;6.0;
2021-12-20 06:00:00;0.0;0.0;0.0;17.44;63.2;6.0;
2021-12-20 07:00:00;72.0;258.3;42.0;17.12;65.35;6.0;
2021-12-20 08:00:00;220.0;500.07;87.0;16.99;67.75;6.0;
2021-12-20 09:00:00;351.0;648.34;104.0;16.81;70.2;6.0;
2021-12-20 10:00:00;430.0;683.83;120.0;16.77;65.35;6.0;
2021-12-20 11:00:00;453.0;671.4;132.0;16.68;67.65;6.0;
2021-12-20 12:00:00;394.0;504.84;165.0;16.59;67.65;6.0;
2021-12-20 13:00:00;306.0;401.04;153.0;16.56;67.65;6.0;
2021-12-20 14:00:00;217.0;483.65;88.0;16.62;67.65;6.0;
2021-12-20 15:00:00;71.0;247.71;42.0;16.66;67.65;6.0;
2021-12-20 16:00:00;0.0;0.0;0.0;16.71;67.65;6.0;
2021-12-20 17:00:00;0.0;0.0;0.0;16.79;65.35;6.0;
2021-12-20 18:00:00;0.0;0.0;0.0;16.85;65.35;6.0;
2021-12-20 19:00:00;0.0;0.0;0.0;16.89;65.35;6.0;
2021-12-20 20:00:00;0.0;0.0;0.0;16.9;65.35;6.0;
2021-12-20 21:00:00;0.0;0.0;0.0;16.88;65.35;6.0;
2021-12-20 22:00:00;0.0;0.0;0.0;17.06;67.75;6.0;
2021-12-20 23:00:00;0.0;0.0;0.0;17.06;67.75;6.0;
2021-12-21 00:00:00;0.0;0.0;0.0;16.97;67.75;6.0;
2021-12-21 01:00:00;0.0;0.0;0.0;16.86;67.75;6.0;
2021-12-21 02:00:00;0.0;0.0;0.0;16.75;72.65;6.0;
2021-12-21 03:00:00;0.0;0.0;0.0;16.69;72.65;6.0;
2021-12-21 04:00:00;0.0;0.0;0.0;16.6;72.65;6.0;
2021-12-21 05:00:00;0.0;0.0;0.0;16.5;72.65;6.0;
2021-12-21 06:00:00;0.0;0.0;0.0;16.45;72.65;6.0;
2021-12-21 07:00:00;59.0;130.62;44.0;16.33;72.65;6.0;
2021-12-21 08:00:00;194.0;324.67;108.0;16.11;75.15;6.0;
2021-12-21 09:00:00;317.0;460.28;142.0;16.1;75.15;6.0;
2021-12-21 10:00:00;398.0;525.49;160.0;16.36;75.25;6.0;
2021-12-21 11:00:00;412.0;483.19;181.0;16.45;75.25;6.0;
2021-12-21 12:00:00;418.0;619.0;137.0;16.54;75.25;6.0;
2021-12-21 13:00:00;348.0;633.15;106.0;16.67;75.25;6.0;
2021-12-21 14:00:00;223.0;522.9;83.0;16.84;70.2;6.0;
2021-12-21 15:00:00;73.0;261.99;42.0;16.99;70.2;6.0;
2021-12-21 16:00:00;0.0;0.0;0.0;17.06;70.2;6.0;
2021-12-21 17:00:00;0.0;0.0;0.0;17.11;70.2;6.0;
2021-12-21 18:00:00;0.0;0.0;0.0;17.12;72.7;6.0;
2021-12-21 19:00:00;0.0;0.0;0.0;17.04;75.3;6.0;
2021-12-21 20:00:00;0.0;0.0;0.0;16.98;75.3;6.0;
2021-12-21 21:00:00;0.0;0.0;0.0;16.97;78.0;6.0;
2021-12-21 22:00:00;0.0;0.0;0.0;16.71;80.75;6.0;
2021-12-21 23:00:00;0.0;0.0;0.0;16.63;80.75;6.0;
2021-12-22 00:00:00;0.0;0.0;0.0;16.56;80.75;6.0;
2021-12-22 01:00:00;0.0;0.0;0.0;16.55;80.75;6.0;
2021-12-22 02:00:00;0.0;0.0;0.0;16.6;80.75;6.0;
2021-12-22 03:00:00;0.0;0.0;0.0;16.6;80.75;6.0;
2021-12-22 04:00:00;0.0;0.0;0.0;16.59;80.75;6.0;
2021-12-22 05:00:00;0.0;0.0;0.0;16.64;77.95;6.0;
2021-12-22 06:00:00;0.0;0.0;0.0;16.61;77.95;6.0;
2021-12-22 07:00:00;70.0;255.23;41.0;16.38;77.95;6.0;
2021-12-22 08:00:00;226.0;568.36;76.0;16.15;77.85;6.0;
2021-12-22 09:00:00;339.0;590.19;115.0;16.04;77.85;6.0;
2021-12-22 10:00:00;304.0;192.22;217.0;16.07;75.15;6.0;
2021-12-22 11:00:00;332.0;215.41;229.0;15.89;75.15;6.0;
2021-12-22 12:00:00;232.0;55.01;207.0;15.8;72.55;6.0;
2021-12-22 13:00:00;177.0;36.55;163.0;15.73;75.1;6.0;
2021-12-22 14:00:00;143.0;96.7;117.0;15.77;72.55;6.0;
2021-12-22 15:00:00;71.0;225.6;44.0;15.93;72.55;6.0;
2021-12-22 16:00:00;0.0;0.0;0.0;16.0;70.0;6.0;
2021-12-22 17:00:00;0.0;0.0;0.0;16.05;70.0;6.0;
2021-12-22 18:00:00;0.0;0.0;0.0;16.11;67.55;6.0;
2021-12-22 19:00:00;0.0;0.0;0.0;16.09;65.15;6.0;
2021-12-22 20:00:00;0.0;0.0;0.0;16.05;65.15;6.0;
2021-12-22 21:00:00;0.0;0.0;0.0;16.0;65.15;6.0;
2021-12-22 22:00:00;0.0;0.0;0.0;15.78;65.15;6.0;
2021-12-22 23:00:00;0.0;0.0;0.0;15.78;65.15;6.0;
2021-12-23 00:00:00;0.0;0.0;0.0;15.78;65.15;6.0;
2021-12-23 01:00:00;0.0;0.0;0.0;15.83;65.15;6.0;
2021-12-23 02:00:00;0.0;0.0;0.0;15.99;62.85;6.0;
2021-12-23 03:00:00;0.0;0.0;0.0;16.21;62.85;6.0;
2021-12-23 04:00:00;0.0;0.0;0.0;16.33;60.75;6.0;
2021-12-23 05:00:00;0.0;0.0;0.0;16.41;60.75;6.0;
2021-12-23 06:00:00;0.0;0.0;0.0;16.45;60.75;6.0;
2021-12-23 07:00:00;66.0;204.43;43.0;16.47;62.95;6.0;
2021-12-23 08:00:00;190.0;304.12;110.0;16.52;62.95;6.0;
2021-12-23 09:00:00;353.0;667.56;100.0;16.57;62.95;6.0;
2021-12-23 10:00:00;295.0;165.77;220.0;16.02;65.15;6.0;
2021-12-23 11:00:00;415.0;487.09;182.0;15.94;65.15;6.0;
2021-12-23 12:00:00;258.0;90.11;217.0;15.98;65.15;6.0;
2021-12-23 13:00:00;343.0;583.38;119.0;16.09;65.15;6.0;
2021-12-23 14:00:00;227.0;533.15;83.0;16.2;65.15;6.0;
2021-12-23 15:00:00;70.0;198.13;46.0;16.3;62.95;6.0;
2021-12-23 16:00:00;0.0;0.0;0.0;16.26;62.95;6.0;
2021-12-23 17:00:00;0.0;0.0;0.0;16.22;67.55;6.0;
2021-12-23 18:00:00;0.0;0.0;0.0;16.15;67.55;6.0;
2021-12-23 19:00:00;0.0;0.0;0.0;16.11;67.55;6.0;
2021-12-23 20:00:00;0.0;0.0;0.0;16.07;67.55;6.0;
2021-12-23 21:00:00;0.0;0.0;0.0;16.04;67.55;6.0;
2021-12-23 22:00:00;0.0;0.0;0.0;15.88;65.15;6.0;
2021-12-23 23:00:00;0.0;0.0;0.0;15.9;65.15;6.0;
2021-12-24 00:00:00;0.0;0.0;0.0;15.89;65.15;6.0;
2021-12-24 01:00:00;0.0;0.0;0.0;15.9;65.15;6.0;
2021-12-24 02:00:00;0.0;0.0;0.0;15.95;65.15;6.0;
2021-12-24 03:00:00;0.0;0.0;0.0;15.96;67.55;6.0;
2021-12-24 04:00:00;0.0;0.0;0.0;15.96;67.55;6.0;
2021-12-24 05:00:00;0.0;0.0;0.0;15.97;70.0;6.0;
2021-12-24 06:00:00;0.0;0.0;0.0;16.01;70.0;6.0;
2021-12-24 07:00:00;76.0;358.77;36.0;16.08;72.55;6.0;
2021-12-24 08:00:00;232.0;610.01;72.0;16.07;72.55;6.0;
2021-12-24 09:00:00;361.0;710.59;92.0;15.94;72.55;6.0;
2021-12-24 10:00:00;447.0;764.88;101.0;15.72;75.1;6.0;
2021-12-24 11:00:00;472.0;760.43;108.0;15.72;75.1;6.0;
2021-12-24 12:00:00;377.0;416.94;187.0;15.82;72.55;6.0;
2021-12-24 13:00:00;319.0;446.73;147.0;15.89;72.55;6.0;
2021-12-24 14:00:00;209.0;386.84;104.0;15.98;72.55;6.0;
2021-12-24 15:00:00;82.0;334.2;41.0;16.02;70.0;6.0;
2021-12-24 16:00:00;0.0;0.0;0.0;16.07;70.0;6.0;
2021-12-24 17:00:00;0.0;0.0;0.0;16.08;70.0;6.0;
2021-12-24 18:00:00;0.0;0.0;0.0;16.11;70.0;6.0;
2021-12-24 19:00:00;0.0;0.0;0.0;16.09;70.0;6.0;
2021-12-24 20:00:00;0.0;0.0;0.0;16.05;70.0;6.0;
2021-12-24 21:00:00;0.0;0.0;0.0;16.02;70.0;6.0;
2021-12-24 22:00:00;0.0;0.0;0.0;16.12;70.0;6.0;
2021-12-24 23:00:00;0.0;0.0;0.0;16.14;70.0;6.0;
2021-12-25 00:00:00;0.0;0.0;0.0;16.16;70.0;6.0;
2021-12-25 01:00:00;0.0;0.0;0.0;16.16;70.0;6.0;
2021-12-25 02:00:00;0.0;0.0;0.0;16.11;70.0;6.0;
2021-12-25 03:00:00;0.0;0.0;0.0;15.98;70.0;6.0;
2021-12-25 04:00:00;0.0;0.0;0.0;15.88;70.0;6.0;
2021-12-25 05:00:00;0.0;0.0;0.0;15.96;70.0;6.0;
2021-12-25 06:00:00;0.0;0.0;0.0;16.12;70.0;6.0;
2021-12-25 07:00:00;54.0;108.52;42.0;16.36;65.25;6.0;
2021-12-25 08:00:00;213.0;470.11;90.0;16.42;67.65;6.0;
2021-12-25 09:00:00;338.0;579.01;119.0;16.33;67.65;6.0;
2021-12-25 10:00:00;411.0;587.96;145.0;16.14;70.0;6.0;
2021-12-25 11:00:00;433.0;563.54;163.0;16.07;70.0;6.0;
2021-12-25 12:00:00;386.0;455.62;178.0;16.08;70.0;6.0;
2021-12-25 13:00:00;217.0;95.81;180.0;16.21;70.0;6.0;
2021-12-25 14:00:00;164.0;153.92;122.0;16.3;67.65;6.0;
2021-12-25 15:00:00;65.0;144.78;47.0;16.32;67.65;6.0;
2021-12-25 16:00:00;0.0;0.0;0.0;16.3;67.65;6.0;
2021-12-25 17:00:00;0.0;0.0;0.0;16.31;67.65;6.0;
2021-12-25 18:00:00;0.0;0.0;0.0;16.31;67.65;6.0;
2021-12-25 19:00:00;0.0;0.0;0.0;16.28;67.65;6.0;
2021-12-25 20:00:00;0.0;0.0;0.0;16.22;70.0;6.0;
2021-12-25 21:00:00;0.0;0.0;0.0;16.24;70.0;6.0;
2021-12-25 22:00:00;0.0;0.0;0.0;15.96;75.15;6.0;
2021-12-25 23:00:00;0.0;0.0;0.0;15.9;75.15;6.0;
2021-12-26 00:00:00;0.0;0.0;0.0;15.8;72.55;6.0;
2021-12-26 01:00:00;0.0;0.0;0.0;15.77;72.55;6.0;
2021-12-26 02:00:00;0.0;0.0;0.0;15.81;72.55;6.0;
2021-12-26 03:00:00;0.0;0.0;0.0;15.85;72.55;6.0;
2021-12-26 04:00:00;0.0;0.0;0.0;15.89;72.55;6.0;
2021-12-26 05:00:00;0.0;0.0;0.0;15.97;70.0;6.0;
2021-12-26 06:00:00;0.0;0.0;0.0;16.01;70.0;6.0;
2021-12-26 07:00:00;42.0;36.44;38.0;16.05;70.0;6.0;
2021-12-26 08:00:00;167.0;199.16;115.0;16.05;70.0;6.0;
2021-12-26 09:00:00;296.0;365.05;158.0;15.99;67.55;6.0;
2021-12-26 10:00:00;393.0;503.78;165.0;16.22;70.0;6.0;
2021-12-26 11:00:00;388.0;383.6;204.0;16.07;70.0;6.0;
2021-12-26 12:00:00;354.0;332.28;202.0;15.98;72.55;6.0;
2021-12-26 13:00:00;340.0;554.93;125.0;15.94;72.55;6.0;
2021-12-26 14:00:00;202.0;335.27;110.0;15.94;72.55;6.0;
2021-12-26 15:00:00;84.0;333.17;42.0;15.94;75.15;6.0;
2021-12-26 16:00:00;0.0;0.0;0.0;15.97;75.15;6.0;
2021-12-26 17:00:00;0.0;0.0;0.0;15.96;75.15;6.0;
2021-12-26 18:00:00;0.0;0.0;0.0;15.96;72.55;6.0;
2021-12-26 19:00:00;0.0;0.0;0.0;15.92;72.55;6.0;
2021-12-26 20:00:00;0.0;0.0;0.0;15.9;72.55;6.0;
2021-12-26 21:00:00;0.0;0.0;0.0;15.87;72.55;6.0;
2021-12-26 22:00:00;0.0;0.0;0.0;15.58;75.1;6.0;
2021-12-26 23:00:00;0.0;0.0;0.0;15.55;75.1;6.0;
2021-12-27 00:00:00;0.0;0.0;0.0;15.62;75.1;6.0;
2021-12-27 01:00:00;0.0;0.0;0.0;15.61;75.1;6.0;
2021-12-27 02:00:00;0.0;0.0;0.0;15.62;75.1;6.0;
2021-12-27 03:00:00;0.0;0.0;0.0;15.61;77.8;6.0;
2021-12-27 04:00:00;0.0;0.0;0.0;15.64;77.8;6.0;
2021-12-27 05:00:00;0.0;0.0;0.0;15.58;77.8;6.0;
2021-12-27 06:00:00;0.0;0.0;0.0;15.72;77.8;6.0;
2021-12-27 07:00:00;71.0;311.8;37.0;15.87;75.15;6.0;
2021-12-27 08:00:00;224.0;567.78;76.0;15.96;75.15;6.0;
2021-12-27 09:00:00;329.0;534.49;127.0;16.05;75.15;6.0;
2021-12-27 10:00:00;395.0;507.89;165.0;16.31;75.25;6.0;
2021-12-27 11:00:00;342.0;231.09;231.0;16.39;75.25;6.0;
2021-12-27 12:00:00;344.0;292.26;210.0;16.51;75.25;6.0;
2021-12-27 13:00:00;306.0;370.36;162.0;16.56;75.25;6.0;
2021-12-27 14:00:00;226.0;485.42;92.0;16.59;75.25;6.0;
2021-12-27 15:00:00;55.0;62.55;47.0;16.58;75.25;6.0;
2021-12-27 16:00:00;0.0;0.0;0.0;16.56;77.95;6.0;
2021-12-27 17:00:00;0.0;0.0;0.0;16.53;77.95;6.0;
2021-12-27 18:00:00;0.0;0.0;0.0;16.46;77.95;6.0;
2021-12-27 19:00:00;0.0;0.0;0.0;16.42;77.95;6.0;
2021-12-27 20:00:00;0.0;0.0;0.0;16.38;77.95;6.0;
2021-12-27 21:00:00;0.0;0.0;0.0;16.34;77.95;6.0;
2021-12-27 22:00:00;0.0;0.0;0.0;16.3;75.25;6.0;
2021-12-27 23:00:00;0.0;0.0;0.0;16.22;77.85;6.0;
2021-12-28 00:00:00;0.0;0.0;0.0;16.14;77.85;6.0;
2021-12-28 01:00:00;0.0;0.0;0.0;16.04;77.85;6.0;
2021-12-28 02:00:00;0.0;0.0;0.0;16.06;77.85;6.0;
2021-12-28 03:00:00;0.0;0.0;0.0;16.14;77.85;6.0;
2021-12-28 04:00:00;0.0;0.0;0.0;16.1;72.55;6.0;
2021-12-28 05:00:00;0.0;0.0;0.0;15.94;67.55;6.0;
2021-12-28 06:00:00;0.0;0.0;0.0;15.86;65.15;6.0;
2021-12-28 07:00:00;75.0;368.89;35.0;15.77;60.65;6.0;
2021-12-28 08:00:00;223.0;545.44;81.0;15.57;58.35;6.0;
2021-12-28 09:00:00;365.0;727.61;90.0;15.33;54.25;6.0;
2021-12-28 10:00:00;451.0;769.98;102.0;15.19;52.15;6.0;
2021-12-28 11:00:00;487.0;798.14;103.0;14.99;50.25;6.0;
2021-12-28 12:00:00;455.0;761.46;105.0;14.87;48.4;6.0;
2021-12-28 13:00:00;378.0;732.78;92.0;14.76;48.4;6.0;
2021-12-28 14:00:00;250.0;637.16;73.0;14.73;48.25;6.0;
2021-12-28 15:00:00;94.0;415.99;40.0;14.77;46.6;6.0;
2021-12-28 16:00:00;0.0;0.0;0.0;14.84;44.9;6.0;
2021-12-28 17:00:00;0.0;0.0;0.0;14.95;43.25;6.0;
2021-12-28 18:00:00;0.0;0.0;0.0;15.1;41.65;6.0;
2021-12-28 19:00:00;0.0;0.0;0.0;15.21;44.9;6.0;
2021-12-28 20:00:00;0.0;0.0;0.0;15.26;54.25;6.0;
2021-12-28 21:00:00;0.0;0.0;0.0;15.46;65.05;6.0;
2021-12-28 22:00:00;0.0;0.0;0.0;15.86;65.15;6.0;
2021-12-28 23:00:00;0.0;0.0;0.0;15.94;65.15;6.0;
2021-12-29 00:00:00;0.0;0.0;0.0;15.99;65.15;6.0;
2021-12-29 01:00:00;0.0;0.0;0.0;16.08;62.85;6.0;
2021-12-29 02:00:00;0.0;0.0;0.0;16.22;62.85;6.0;
2021-12-29 03:00:00;0.0;0.0;0.0;16.24;62.85;6.0;
2021-12-29 04:00:00;0.0;0.0;0.0;16.07;60.65;6.0;
2021-12-29 05:00:00;0.0;0.0;0.0;14.67;72.3;6.0;
2021-12-29 06:00:00;0.0;0.0;0.0;13.45;72.2;6.0;
2021-12-29 07:00:00;33.0;9.27;32.0;13.21;67.05;6.0;
2021-12-29 08:00:00;164.0;176.84;118.0;13.2;60.05;6.0;
2021-12-29 09:00:00;242.0;161.34;181.0;13.33;53.85;6.0;
2021-12-29 10:00:00;382.0;434.14;185.0;13.53;51.9;6.0;
2021-12-29 11:00:00;473.0;732.33;120.0;12.88;51.75;6.0;
2021-12-29 12:00:00;334.0;247.33;220.0;12.24;55.65;6.0;
2021-12-29 13:00:00;206.0;66.35;180.0;11.78;57.65;6.0;
2021-12-29 14:00:00;121.0;32.18;112.0;11.42;57.55;6.0;
2021-12-29 15:00:00;97.0;432.4;40.0;11.23;57.55;6.0;
2021-12-29 16:00:00;0.0;0.0;0.0;11.23;53.35;6.0;
2021-12-29 17:00:00;0.0;0.0;0.0;11.34;53.35;6.0;
2021-12-29 18:00:00;0.0;0.0;0.0;11.44;51.35;6.0;
2021-12-29 19:00:00;0.0;0.0;0.0;11.68;49.45;6.0;
2021-12-29 20:00:00;0.0;0.0;0.0;11.76;47.75;6.0;
2021-12-29 21:00:00;0.0;0.0;0.0;11.76;49.6;6.0;
2021-12-29 22:00:00;0.0;0.0;0.0;11.66;55.4;6.0;
2021-12-29 23:00:00;0.0;0.0;0.0;11.51;55.4;6.0;
2021-12-30 00:00:00;0.0;0.0;0.0;11.5;55.4;6.0;
2021-12-30 01:00:00;0.0;0.0;0.0;11.45;57.55;6.0;
2021-12-30 02:00:00;0.0;0.0;0.0;11.38;53.35;6.0;
2021-12-30 03:00:00;0.0;0.0;0.0;11.23;53.35;6.0;
2021-12-30 04:00:00;0.0;0.0;0.0;10.95;57.4;6.0;
2021-12-30 05:00:00;0.0;0.0;0.0;11.02;57.4;6.0;
2021-12-30 06:00:00;0.0;0.0;0.0;11.19;57.4;6.0;
2021-12-30 07:00:00;52.0;102.31;41.0;11.29;55.4;6.0;
2021-12-30 08:00:00;157.0;149.99;118.0;11.37;55.4;6.0;
2021-12-30 09:00:00;137.0;5.29;135.0;11.51;53.35;6.0;
2021-12-30 10:00:00;258.0;85.83;219.0;12.33;42.7;6.0;
2021-12-30 11:00:00;248.0;49.69;224.0;12.5;42.7;6.0;
2021-12-30 12:00:00;248.0;64.89;218.0;12.68;42.7;6.0;
2021-12-30 13:00:00;66.0;0.0;66.0;12.97;42.8;6.0;
2021-12-30 14:00:00;75.0;0.0;75.0;13.23;44.65;6.0;
2021-12-30 15:00:00;63.0;82.14;52.0;13.29;50.0;6.0;
2021-12-30 16:00:00;0.0;0.0;0.0;12.76;55.75;6.0;
2021-12-30 17:00:00;0.0;0.0;0.0;12.32;62.2;6.0;
2021-12-30 18:00:00;0.0;0.0;0.0;12.26;64.55;6.0;
2021-12-30 19:00:00;0.0;0.0;0.0;12.28;59.95;6.0;
2021-12-30 20:00:00;0.0;0.0;0.0;12.16;59.85;6.0;
2021-12-30 21:00:00;0.0;0.0;0.0;11.98;55.5;6.0;
2021-12-30 22:00:00;0.0;0.0;0.0;12.23;49.7;6.0;
2021-12-30 23:00:00;0.0;0.0;0.0;12.21;51.5;6.0;
2021-12-31 00:00:00;0.0;0.0;0.0;12.21;49.6;6.0;
2021-12-31 01:00:00;0.0;0.0;0.0;12.16;51.5;6.0;
2021-12-31 02:00:00;0.0;0.0;0.0;12.09;53.5;6.0;
2021-12-31 03:00:00;0.0;0.0;0.0;12.05;53.5;6.0;
2021-12-31 04:00:00;0.0;0.0;0.0;11.98;51.5;6.0;
2021-12-31 05:00:00;0.0;0.0;0.0;11.93;51.5;6.0;
2021-12-31 06:00:00;0.0;0.0;0.0;12.02;51.5;6.0;
2021-12-31 07:00:00;47.0;65.29;40.0;12.18;51.5;6.0;
2021-12-31 08:00:00;154.0;134.6;119.0;12.34;51.65;6.0;
2021-12-31 09:00:00;293.0;330.08;168.0;12.39;51.65;6.0;
2021-12-31 10:00:00;449.0;740.41;112.0;12.65;49.7;6.0;
2021-12-31 11:00:00;488.0;784.84;108.0;12.77;48.0;6.0;
2021-12-31 12:00:00;420.0;551.98;164.0;12.9;48.0;6.0;
2021-12-31 13:00:00;349.0;528.61;140.0;12.97;48.0;6.0;
2021-12-31 14:00:00;139.0;56.41;123.0;13.06;48.0;6.0;
2021-12-31 15:00:00;73.0;139.59;54.0;13.21;48.0;6.0;
2021-12-31 16:00:00;0.0;0.0;0.0;12.9;41.12;6.56;
2021-12-31 17:00:00;0.0;0.0;0.0;13.06;42.71;6.19;
2021-12-31 18:00:00;0.0;0.0;0.0;13.23;44.31;5.83;
2021-12-31 19:00:00;0.0;0.0;0.0;13.4;45.9;5.46;
2021-12-31 20:00:00;0.0;0.0;0.0;13.57;47.49;5.09;
2021-12-31 21:00:00;0.0;0.0;0.0;13.74;49.09;4.73;
2021-12-31 22:00:00;0.0;0.0;0.0;13.9;50.68;4.36;
2021-12-31 23:00:00;0.0;0.0;0.0;14.07;52.28;3.99;
