Unnamed: 0;Demand;Import limit;Export limit;Import price;Export price;Import emission factor;Export emission factor;Generic production
2021-01-01 00:00:00;16.484715981735164;;;;;;;
2021-01-01 01:00:00;16.48471280146333;;;;;;;
2021-01-01 02:00:00;16.48470326064947;;;;;;;
2021-01-01 03:00:00;16.4846873592985;;;;;;;
2021-01-01 04:00:00;16.484665097418592;;;;;;;
2021-01-01 05:00:00;16.484636475021198;;;;;;;
2021-01-01 06:00:00;16.484601492121048;;;;;;;
2021-01-01 07:00:00;16.48456014873613;;;;;;;
2021-01-01 08:00:00;16.484512444887727;;;;;;;
2021-01-01 09:00:00;16.48445838060037;;;;;;;
2021-01-01 10:00:00;16.48439795590188;;;;;;;
2021-01-01 11:00:00;16.484331170823335;;;;;;;
2021-01-01 12:00:00;16.484258025399104;;;;;;;
2021-01-01 13:00:00;16.48417851966681;;;;;;;
2021-01-01 14:00:00;16.484092653667354;;;;;;;
2021-01-01 15:00:00;16.48400042744492;;;;;;;
2021-01-01 16:00:00;16.48390184104694;;;;;;;
2021-01-01 17:00:00;16.483796894524147;;;;;;;
2021-01-01 18:00:00;16.483685587930527;;;;;;;
2021-01-01 19:00:00;16.483567921323335;;;;;;;
2021-01-01 20:00:00;16.48344389476312;;;;;;;
2021-01-01 21:00:00;16.48331350831367;;;;;;;
2021-01-01 22:00:00;16.483176762042085;;;;;;;
2021-01-01 23:00:00;16.4830336560187;;;;;;;
2021-01-02 00:00:00;16.482884190317147;;;;;;;
2021-01-02 01:00:00;16.482728365014314;;;;;;;
2021-01-02 02:00:00;16.482566180190368;;;;;;;
2021-01-02 03:00:00;16.482397635928745;;;;;;;
2021-01-02 04:00:00;16.48222273231616;;;;;;;
2021-01-02 05:00:00;16.48204146944259;;;;;;;
2021-01-02 06:00:00;16.481853847401283;;;;;;;
2021-01-02 07:00:00;16.48165986628877;;;;;;;
2021-01-02 08:00:00;16.481459526204848;;;;;;;
2021-01-02 09:00:00;16.48125282725258;;;;;;;
2021-01-02 10:00:00;16.481039769538295;;;;;;;
2021-01-02 11:00:00;16.48082035317162;;;;;;;
2021-01-02 12:00:00;16.480594578265425;;;;;;;
2021-01-02 13:00:00;16.480362444935867;;;;;;;
2021-01-02 14:00:00;16.480123953302368;;;;;;;
2021-01-02 15:00:00;16.47987910348762;;;;;;;
2021-01-02 16:00:00;16.479627895617586;;;;;;;
2021-01-02 17:00:00;16.479370329821517;;;;;;;
2021-01-02 18:00:00;16.479106406231903;;;;;;;
2021-01-02 19:00:00;16.47883612498453;;;;;;;
2021-01-02 20:00:00;16.478559486218444;;;;;;;
2021-01-02 21:00:00;16.478276490075967;;;;;;;
2021-01-02 22:00:00;16.47798713670269;;;;;;;
2021-01-02 23:00:00;16.47769142624748;;;;;;;
2021-01-03 00:00:00;16.477389358862442;;;;;;;
2021-01-03 01:00:00;16.47708093470301;;;;;;;
2021-01-03 02:00:00;16.476766153927837;;;;;;;
2021-01-03 03:00:00;16.476445016698868;;;;;;;
2021-01-03 04:00:00;16.476117523181323;;;;;;;
2021-01-03 05:00:00;16.47578367354367;;;;;;;
2021-01-03 06:00:00;16.475443467957678;;;;;;;
2021-01-03 07:00:00;16.475096906598353;;;;;;;
2021-01-03 08:00:00;16.474743989644;;;;;;;
2021-01-03 09:00:00;16.474384717276173;;;;;;;
2021-01-03 10:00:00;16.474019089679704;;;;;;;
2021-01-03 11:00:00;16.4736471070427;;;;;;;
2021-01-03 12:00:00;16.473268769556523;;;;;;;
2021-01-03 13:00:00;16.472884077415817;;;;;;;
2021-01-03 14:00:00;16.472493030818487;;;;;;;
2021-01-03 15:00:00;16.472095629965715;;;;;;;
2021-01-03 16:00:00;16.471691875061946;;;;;;;
2021-01-03 17:00:00;16.471281766314895;;;;;;;
2021-01-03 18:00:00;16.470865303935547;;;;;;;
2021-01-03 19:00:00;16.470442488138154;;;;;;;
2021-01-03 20:00:00;16.470013319140243;;;;;;;
2021-01-03 21:00:00;16.469577797162597;;;;;;;
2021-01-03 22:00:00;16.469135922429277;;;;;;;
2021-01-03 23:00:00;16.46868769516761;;;;;;;
2021-01-04 00:00:00;16.468233115608196;;;;;;;
2021-01-04 01:00:00;16.46777218398489;;;;;;;
2021-01-04 02:00:00;16.46730490053483;;;;;;;
2021-01-04 03:00:00;16.466831265498413;;;;;;;
2021-01-04 04:00:00;16.466351279119298;;;;;;;
2021-01-04 05:00:00;16.465864941644426;;;;;;;
2021-01-04 06:00:00;16.465372253323995;;;;;;;
2021-01-04 07:00:00;16.464873214411472;;;;;;;
2021-01-04 08:00:00;16.4643678251636;;;;;;;
2021-01-04 09:00:00;16.463856085840373;;;;;;;
2021-01-04 10:00:00;16.463337996705068;;;;;;;
2021-01-04 11:00:00;16.462813558024212;;;;;;;
2021-01-04 12:00:00;16.462282770067613;;;;;;;
2021-01-04 13:00:00;16.461745633108347;;;;;;;
2021-01-04 14:00:00;16.461202147422735;;;;;;;
2021-01-04 15:00:00;16.460652313290385;;;;;;;
2021-01-04 16:00:00;16.460096130994163;;;;;;;
2021-01-04 17:00:00;16.459533600820208;;;;;;;
2021-01-04 18:00:00;16.458964723057917;;;;;;;
2021-01-04 19:00:00;16.458389497999956;;;;;;;
2021-01-04 20:00:00;16.457807925942248;;;;;;;
2021-01-04 21:00:00;16.457220007184;;;;;;;
2021-01-04 22:00:00;16.45662574202766;;;;;;;
2021-01-04 23:00:00;16.45602513077896;;;;;;;
2021-01-05 00:00:00;16.45541817374689;;;;;;;
2021-01-05 01:00:00;16.454804871243706;;;;;;;
2021-01-05 02:00:00;16.454185223584926;;;;;;;
2021-01-05 03:00:00;16.453559231089333;;;;;;;
2021-01-05 04:00:00;16.45292689407898;;;;;;;
2021-01-05 05:00:00;16.45228821287917;;;;;;;
2021-01-05 06:00:00;16.451643187818494;;;;;;;
2021-01-05 07:00:00;16.450991819228772;;;;;;;
2021-01-05 08:00:00;16.45033410744512;;;;;;;
2021-01-05 09:00:00;16.4496700528059;;;;;;;
2021-01-05 10:00:00;16.448999655652745;;;;;;;
2021-01-05 11:00:00;16.448322916330543;;;;;;;
2021-01-05 12:00:00;16.447639835187452;;;;;;;
2021-01-05 13:00:00;16.44695041257489;;;;;;;
2021-01-05 14:00:00;16.446254648847532;;;;;;;
2021-01-05 15:00:00;16.445552544363327;;;;;;;
2021-01-05 16:00:00;16.44484409948348;;;;;;;
2021-01-05 17:00:00;16.444129314572454;;;;;;;
2021-01-05 18:00:00;16.443408189997974;;;;;;;
2021-01-05 19:00:00;16.442680726131034;;;;;;;
2021-01-05 20:00:00;16.441946923345895;;;;;;;
2021-01-05 21:00:00;16.441206782020046;;;;;;;
2021-01-05 22:00:00;16.440460302534277;;;;;;;
2021-01-05 23:00:00;16.43970748527262;;;;;;;
2021-01-06 00:00:00;16.438948330622367;;;;;;;
2021-01-06 01:00:00;16.43818283897407;;;;;;;
2021-01-06 02:00:00;16.437411010721547;;;;;;;
2021-01-06 03:00:00;16.43663284626187;;;;;;;
2021-01-06 04:00:00;16.435848345995375;;;;;;;
2021-01-06 05:00:00;16.43505751032566;;;;;;;
2021-01-06 06:00:00;16.434260339659573;;;;;;;
2021-01-06 07:00:00;16.433456834407224;;;;;;;
2021-01-06 08:00:00;16.43264699498199;;;;;;;
2021-01-06 09:00:00;16.431830821800503;;;;;;;
2021-01-06 10:00:00;16.431008315282636;;;;;;;
2021-01-06 11:00:00;16.430179475851553;;;;;;;
2021-01-06 12:00:00;16.429344303933654;;;;;;;
2021-01-06 13:00:00;16.4285027999586;;;;;;;
2021-01-06 14:00:00;16.427654964359313;;;;;;;
2021-01-06 15:00:00;16.426800797571964;;;;;;;
2021-01-06 16:00:00;16.425940300035986;;;;;;;
2021-01-06 17:00:00;16.425073472194082;;;;;;;
2021-01-06 18:00:00;16.424200314492193;;;;;;;
2021-01-06 19:00:00;16.423320827379523;;;;;;;
2021-01-06 20:00:00;16.42243501130854;;;;;;;
2021-01-06 21:00:00;16.421542866734956;;;;;;;
2021-01-06 22:00:00;16.42064439411774;;;;;;;
2021-01-06 23:00:00;16.41973959391912;;;;;;;
2021-01-07 00:00:00;16.418828466604587;;;;;;;
2021-01-07 01:00:00;16.417911012642875;;;;;;;
2021-01-07 02:00:00;16.416987232505978;;;;;;;
2021-01-07 03:00:00;16.416057126669145;;;;;;;
2021-01-07 04:00:00;16.415120695610874;;;;;;;
2021-01-07 05:00:00;16.414177939812912;;;;;;;
2021-01-07 06:00:00;16.413228859760295;;;;;;;
2021-01-07 07:00:00;16.412273455941268;;;;;;;
2021-01-07 08:00:00;16.41131172884735;;;;;;;
2021-01-07 09:00:00;16.410343678973316;;;;;;;
2021-01-07 10:00:00;16.409369306817183;;;;;;;
2021-01-07 11:00:00;16.408388612880234;;;;;;;
2021-01-07 12:00:00;16.407401597666986;;;;;;;
2021-01-07 13:00:00;16.406408261685225;;;;;;;
2021-01-07 14:00:00;16.405408605445988;;;;;;;
2021-01-07 15:00:00;16.404402629463547;;;;;;;
2021-01-07 16:00:00;16.403390334255445;;;;;;;
2021-01-07 17:00:00;16.402371720342458;;;;;;;
2021-01-07 18:00:00;16.40134678824863;;;;;;;
2021-01-07 19:00:00;16.400315538501246;;;;;;;
2021-01-07 20:00:00;16.39927797163084;;;;;;;
2021-01-07 21:00:00;16.3982340881712;;;;;;;
2021-01-07 22:00:00;16.39718388865937;;;;;;;
2021-01-07 23:00:00;16.396127373635622;;;;;;;
2021-01-08 00:00:00;16.395064543643496;;;;;;;
2021-01-08 01:00:00;16.393995399229777;;;;;;;
2021-01-08 02:00:00;16.39291994094449;;;;;;;
2021-01-08 03:00:00;16.391838169340925;;;;;;;
2021-01-08 04:00:00;16.39075008497561;;;;;;;
2021-01-08 05:00:00;16.38965568840831;;;;;;;
2021-01-08 06:00:00;16.38855498020206;;;;;;;
2021-01-08 07:00:00;16.387447960923126;;;;;;;
2021-01-08 08:00:00;16.38633463114102;;;;;;;
2021-01-08 09:00:00;16.38521499142851;;;;;;;
2021-01-08 10:00:00;16.384089042361605;;;;;;;
2021-01-08 11:00:00;16.382956784519553;;;;;;;
2021-01-08 12:00:00;16.381818218484877;;;;;;;
2021-01-08 13:00:00;16.380673344843302;;;;;;;
2021-01-08 14:00:00;16.379522164183832;;;;;;;
2021-01-08 15:00:00;16.37836467709869;;;;;;;
2021-01-08 16:00:00;16.377200884183377;;;;;;;
2021-01-08 17:00:00;16.376030786036594;;;;;;;
2021-01-08 18:00:00;16.37485438326033;;;;;;;
2021-01-08 19:00:00;16.373671676459786;;;;;;;
2021-01-08 20:00:00;16.372482666243414;;;;;;;
2021-01-08 21:00:00;16.371287353222925;;;;;;;
2021-01-08 22:00:00;16.37008573801325;;;;;;;
2021-01-08 23:00:00;16.36887782123257;;;;;;;
2021-01-09 00:00:00;16.36766360350232;;;;;;;
2021-01-09 01:00:00;16.366443085447155;;;;;;;
2021-01-09 02:00:00;16.36521626769499;;;;;;;
2021-01-09 03:00:00;16.36398315087697;;;;;;;
2021-01-09 04:00:00;16.362743735627486;;;;;;;
2021-01-09 05:00:00;16.361498022584165;;;;;;;
2021-01-09 06:00:00;16.36024601238788;;;;;;;
2021-01-09 07:00:00;16.358987705682733;;;;;;;
2021-01-09 08:00:00;16.357723103116086;;;;;;;
2021-01-09 09:00:00;16.35645220533851;;;;;;;
2021-01-09 10:00:00;16.355175013003844;;;;;;;
2021-01-09 11:00:00;16.35389152676914;;;;;;;
2021-01-09 12:00:00;16.352601747294713;;;;;;;
2021-01-09 13:00:00;16.351305675244095;;;;;;;
2021-01-09 14:00:00;16.350003311284063;;;;;;;
2021-01-09 15:00:00;16.348694656084632;;;;;;;
2021-01-09 16:00:00;16.347379710319057;;;;;;;
2021-01-09 17:00:00;16.346058474663817;;;;;;;
2021-01-09 18:00:00;16.34473094979864;;;;;;;
2021-01-09 19:00:00;16.343397136406484;;;;;;;
2021-01-09 20:00:00;16.342057035173543;;;;;;;
2021-01-09 21:00:00;16.34071064678924;;;;;;;
2021-01-09 22:00:00;16.339357971946246;;;;;;;
2021-01-09 23:00:00;16.33799901134045;;;;;;;
2021-01-10 00:00:00;16.33663376567099;;;;;;;
2021-01-10 01:00:00;16.33526223564022;;;;;;;
2021-01-10 02:00:00;16.333884421953744;;;;;;;
2021-01-10 03:00:00;16.332500325320403;;;;;;;
2021-01-10 04:00:00;16.331109946452234;;;;;;;
2021-01-10 05:00:00;16.329713286064553;;;;;;;
2021-01-10 06:00:00;16.328310344875874;;;;;;;
2021-01-10 07:00:00;16.32690112360796;;;;;;;
2021-01-10 08:00:00;16.32548562298579;;;;;;;
2021-01-10 09:00:00;16.324063843737598;;;;;;;
2021-01-10 10:00:00;16.32263578659482;;;;;;;
2021-01-10 11:00:00;16.321201452292126;;;;;;;
2021-01-10 12:00:00;16.319760841567444;;;;;;;
2021-01-10 13:00:00;16.3183139551619;;;;;;;
2021-01-10 14:00:00;16.316860793819863;;;;;;;
2021-01-10 15:00:00;16.31540135828892;;;;;;;
2021-01-10 16:00:00;16.31393564931989;;;;;;;
2021-01-10 17:00:00;16.312463667666833;;;;;;;
2021-01-10 18:00:00;16.310985414087018;;;;;;;
2021-01-10 19:00:00;16.309500889340942;;;;;;;
2021-01-10 20:00:00;16.308010094192344;;;;;;;
2021-01-10 21:00:00;16.30651302940817;;;;;;;
2021-01-10 22:00:00;16.305009695758606;;;;;;;
2021-01-10 23:00:00;16.303500094017043;;;;;;;
2021-01-11 00:00:00;16.30198422496013;;;;;;;
2021-01-11 01:00:00;16.300462089367706;;;;;;;
2021-01-11 02:00:00;16.298933688022863;;;;;;;
2021-01-11 03:00:00;16.297399021711886;;;;;;;
2021-01-11 04:00:00;16.29585809122431;;;;;;;
2021-01-11 05:00:00;16.29431089735288;;;;;;;
2021-01-11 06:00:00;16.292757440893563;;;;;;;
2021-01-11 07:00:00;16.291197722645546;;;;;;;
2021-01-11 08:00:00;16.28963174341125;;;;;;;
2021-01-11 09:00:00;16.288059503996305;;;;;;;
2021-01-11 10:00:00;16.286481005209566;;;;;;;
2021-01-11 11:00:00;16.284896247863102;;;;;;;
2021-01-11 12:00:00;16.283305232772214;;;;;;;
2021-01-11 13:00:00;16.281707960755412;;;;;;;
2021-01-11 14:00:00;16.28010443263443;;;;;;;
2021-01-11 15:00:00;16.278494649234222;;;;;;;
2021-01-11 16:00:00;16.27687861138294;;;;;;;
2021-01-11 17:00:00;16.275256319911996;;;;;;;
2021-01-11 18:00:00;16.273627775655978;;;;;;;
2021-01-11 19:00:00;16.27199297945271;;;;;;;
2021-01-11 20:00:00;16.270351932143225;;;;;;;
2021-01-11 21:00:00;16.26870463457178;;;;;;;
2021-01-11 22:00:00;16.26705108758585;;;;;;;
2021-01-11 23:00:00;16.265391292036107;;;;;;;
2021-01-12 00:00:00;16.263725248776456;;;;;;;
2021-01-12 01:00:00;16.262052958664007;;;;;;;
2021-01-12 02:00:00;16.260374422559085;;;;;;;
2021-01-12 03:00:00;16.258689641325237;;;;;;;
2021-01-12 04:00:00;16.256998615829207;;;;;;;
2021-01-12 05:00:00;16.255301346940964;;;;;;;
2021-01-12 06:00:00;16.253597835533675;;;;;;;
2021-01-12 07:00:00;16.25188808248375;;;;;;;
2021-01-12 08:00:00;16.25017208867076;;;;;;;
2021-01-12 09:00:00;16.24844985497754;;;;;;;
2021-01-12 10:00:00;16.246721382290094;;;;;;;
2021-01-12 11:00:00;16.244986671497664;;;;;;;
2021-01-12 12:00:00;16.243245723492677;;;;;;;
2021-01-12 13:00:00;16.241498539170788;;;;;;;
2021-01-12 14:00:00;16.239745119430857;;;;;;;
2021-01-12 15:00:00;16.237985465174937;;;;;;;
2021-01-12 16:00:00;16.236219577308304;;;;;;;
2021-01-12 17:00:00;16.23444745673944;;;;;;;
2021-01-12 18:00:00;16.23266910438003;;;;;;;
2021-01-12 19:00:00;16.23088452114496;;;;;;;
2021-01-12 20:00:00;16.229093707952334;;;;;;;
2021-01-12 21:00:00;16.227296665723443;;;;;;;
2021-01-12 22:00:00;16.22549339538281;;;;;;;
2021-01-12 23:00:00;16.22368389785812;;;;;;;
2021-01-13 00:00:00;16.221868174080306;;;;;;;
2021-01-13 01:00:00;16.22004622498348;;;;;;;
2021-01-13 02:00:00;16.21821805150496;;;;;;;
2021-01-13 03:00:00;16.216383654585275;;;;;;;
2021-01-13 04:00:00;16.214543035168138;;;;;;;
2021-01-13 05:00:00;16.212696194200483;;;;;;;
2021-01-13 06:00:00;16.21084313263243;;;;;;;
2021-01-13 07:00:00;16.208983851417305;;;;;;;
2021-01-13 08:00:00;16.207118351511642;;;;;;;
2021-01-13 09:00:00;16.205246633875152;;;;;;;
2021-01-13 10:00:00;16.20336869947076;;;;;;;
2021-01-13 11:00:00;16.201484549264606;;;;;;;
2021-01-13 12:00:00;16.199594184225987;;;;;;;
2021-01-13 13:00:00;16.197697605327434;;;;;;;
2021-01-13 14:00:00;16.19579481354466;;;;;;;
2021-01-13 15:00:00;16.193885809856567;;;;;;;
2021-01-13 16:00:00;16.19197059524527;;;;;;;
2021-01-13 17:00:00;16.190049170696057;;;;;;;
2021-01-13 18:00:00;16.188121537197443;;;;;;;
2021-01-13 19:00:00;16.1861876957411;;;;;;;
2021-01-13 20:00:00;16.18424764732192;;;;;;;
2021-01-13 21:00:00;16.18230139293798;;;;;;;
2021-01-13 22:00:00;16.180348933590555;;;;;;;
2021-01-13 23:00:00;16.178390270284094;;;;;;;
2021-01-14 00:00:00;16.17642540402626;;;;;;;
2021-01-14 01:00:00;16.174454335827903;;;;;;;
2021-01-14 02:00:00;16.172477066703042;;;;;;;
2021-01-14 03:00:00;16.170493597668916;;;;;;;
2021-01-14 04:00:00;16.168503929745935;;;;;;;
2021-01-14 05:00:00;16.1665080639577;;;;;;;
2021-01-14 06:00:00;16.16450600133101;;;;;;;
2021-01-14 07:00:00;16.162497742895845;;;;;;;
2021-01-14 08:00:00;16.160483289685377;;;;;;;
2021-01-14 09:00:00;16.15846264273595;;;;;;;
2021-01-14 10:00:00;16.156435803087113;;;;;;;
2021-01-14 11:00:00;16.1544027717816;;;;;;;
2021-01-14 12:00:00;16.15236354986531;;;;;;;
2021-01-14 13:00:00;16.150318138387355;;;;;;;
2021-01-14 14:00:00;16.14826653840001;;;;;;;
2021-01-14 15:00:00;16.146208750958735;;;;;;;
2021-01-14 16:00:00;16.144144777122186;;;;;;;
2021-01-14 17:00:00;16.142074617952197;;;;;;;
2021-01-14 18:00:00;16.13999827451378;;;;;;;
2021-01-14 19:00:00;16.13791574787512;;;;;;;
2021-01-14 20:00:00;16.135827039107618;;;;;;;
2021-01-14 21:00:00;16.1337321492858;;;;;;;
2021-01-14 22:00:00;16.131631079487423;;;;;;;
2021-01-14 23:00:00;16.129523830793406;;;;;;;
2021-01-15 00:00:00;16.12741040428783;;;;;;;
2021-01-15 01:00:00;16.125290801057968;;;;;;;
2021-01-15 02:00:00;16.123165022194282;;;;;;;
2021-01-15 03:00:00;16.1210330687904;;;;;;;
2021-01-15 04:00:00;16.118894941943115;;;;;;;
2021-01-15 05:00:00;16.116750642752415;;;;;;;
2021-01-15 06:00:00;16.11460017232146;;;;;;;
2021-01-15 07:00:00;16.112443531756572;;;;;;;
2021-01-15 08:00:00;16.11028072216726;;;;;;;
2021-01-15 09:00:00;16.108111744666196;;;;;;;
2021-01-15 10:00:00;16.105936600369244;;;;;;;
2021-01-15 11:00:00;16.103755290395423;;;;;;;
2021-01-15 12:00:00;16.10156781586693;;;;;;;
2021-01-15 13:00:00;16.09937417790913;;;;;;;
2021-01-15 14:00:00;16.097174377650564;;;;;;;
2021-01-15 15:00:00;16.094968416222937;;;;;;;
2021-01-15 16:00:00;16.09275629476114;;;;;;;
2021-01-15 17:00:00;16.090538014403208;;;;;;;
2021-01-15 18:00:00;16.088313576290357;;;;;;;
2021-01-15 19:00:00;16.086082981566978;;;;;;;
2021-01-15 20:00:00;16.083846231380626;;;;;;;
2021-01-15 21:00:00;16.081603326882;;;;;;;
2021-01-15 22:00:00;16.079354269225007;;;;;;;
2021-01-15 23:00:00;16.077099059566685;;;;;;;
2021-01-16 00:00:00;16.07483769906725;;;;;;;
2021-01-16 01:00:00;16.072570188890083;;;;;;;
2021-01-16 02:00:00;16.07029653020173;;;;;;;
2021-01-16 03:00:00;16.06801672417189;;;;;;;
2021-01-16 04:00:00;16.065730771973435;;;;;;;
2021-01-16 05:00:00;16.063438674782397;;;;;;;
2021-01-16 06:00:00;16.061140433777965;;;;;;;
2021-01-16 07:00:00;16.0588360501425;;;;;;;
2021-01-16 08:00:00;16.056525525061502;;;;;;;
2021-01-16 09:00:00;16.054208859723655;;;;;;;
2021-01-16 10:00:00;16.051886055320782;;;;;;;
2021-01-16 11:00:00;16.049557113047875;;;;;;;
2021-01-16 12:00:00;16.047222034103086;;;;;;;
2021-01-16 13:00:00;16.044880819687716;;;;;;;
2021-01-16 14:00:00;16.042533471006227;;;;;;;
2021-01-16 15:00:00;16.040179989266225;;;;;;;
2021-01-16 16:00:00;16.037820375678503;;;;;;;
2021-01-16 17:00:00;16.035454631456968;;;;;;;
2021-01-16 18:00:00;16.033082757818715;;;;;;;
2021-01-16 19:00:00;16.03070475598397;;;;;;;
2021-01-16 20:00:00;16.028320627176118;;;;;;;
2021-01-16 21:00:00;16.025930372621694;;;;;;;
2021-01-16 22:00:00;16.02353399355041;;;;;;;
2021-01-16 23:00:00;16.021131491195078;;;;;;;
2021-01-17 00:00:00;16.01872286679171;;;;;;;
2021-01-17 01:00:00;16.01630812157943;;;;;;;
2021-01-17 02:00:00;16.013887256800544;;;;;;;
2021-01-17 03:00:00;16.011460273700482;;;;;;;
2021-01-17 04:00:00;16.009027173527826;;;;;;;
2021-01-17 05:00:00;16.00658795753431;;;;;;;
2021-01-17 06:00:00;16.004142626974826;;;;;;;
2021-01-17 07:00:00;16.001691183107372;;;;;;;
2021-01-17 08:00:00;15.999233627193142;;;;;;;
2021-01-17 09:00:00;15.99676996049644;;;;;;;
2021-01-17 10:00:00;15.994300184284723;;;;;;;
2021-01-17 11:00:00;15.991824299828597;;;;;;;
2021-01-17 12:00:00;15.989342308401795;;;;;;;
2021-01-17 13:00:00;15.98685421128121;;;;;;;
2021-01-17 14:00:00;15.984360009746869;;;;;;;
2021-01-17 15:00:00;15.981859705081934;;;;;;;
2021-01-17 16:00:00;15.979353298572713;;;;;;;
2021-01-17 17:00:00;15.976840791508652;;;;;;;
2021-01-17 18:00:00;15.974322185182334;;;;;;;
2021-01-17 19:00:00;15.971797480889485;;;;;;;
2021-01-17 20:00:00;15.969266679928962;;;;;;;
2021-01-17 21:00:00;15.966729783602755;;;;;;;
2021-01-17 22:00:00;15.964186793216;;;;;;;
2021-01-17 23:00:00;15.961637710076964;;;;;;;
2021-01-18 00:00:00;15.959082535497053;;;;;;;
2021-01-18 01:00:00;15.95652127079079;;;;;;;
2021-01-18 02:00:00;15.953953917275847;;;;;;;
2021-01-18 03:00:00;15.951380476273036;;;;;;;
2021-01-18 04:00:00;15.948800949106273;;;;;;;
2021-01-18 05:00:00;15.946215337102629;;;;;;;
2021-01-18 06:00:00;15.943623641592291;;;;;;;
2021-01-18 07:00:00;15.941025863908592;;;;;;;
2021-01-18 08:00:00;15.93842200538798;;;;;;;
2021-01-18 09:00:00;15.935812067370039;;;;;;;
2021-01-18 10:00:00;15.93319605119747;;;;;;;
2021-01-18 11:00:00;15.930573958216113;;;;;;;
2021-01-18 12:00:00;15.927945789774931;;;;;;;
2021-01-18 13:00:00;15.925311547226011;;;;;;;
2021-01-18 14:00:00;15.922671231924555;;;;;;;
2021-01-18 15:00:00;15.920024845228916;;;;;;;
2021-01-18 16:00:00;15.917372388500544;;;;;;;
2021-01-18 17:00:00;15.914713863104025;;;;;;;
2021-01-18 18:00:00;15.912049270407056;;;;;;;
2021-01-18 19:00:00;15.909378611780472;;;;;;;
2021-01-18 20:00:00;15.906701888598215;;;;;;;
2021-01-18 21:00:00;15.904019102237354;;;;;;;
2021-01-18 22:00:00;15.901330254078072;;;;;;;
2021-01-18 23:00:00;15.89863534550368;;;;;;;
2021-01-19 00:00:00;15.895934377900591;;;;;;;
2021-01-19 01:00:00;15.89322735265835;;;;;;;
2021-01-19 02:00:00;15.89051427116962;;;;;;;
2021-01-19 03:00:00;15.887795134830151;;;;;;;
2021-01-19 04:00:00;15.885069945038854;;;;;;;
2021-01-19 05:00:00;15.882338703197716;;;;;;;
2021-01-19 06:00:00;15.87960141071185;;;;;;;
2021-01-19 07:00:00;15.876858068989495;;;;;;;
2021-01-19 08:00:00;15.874108679441978;;;;;;;
2021-01-19 09:00:00;15.871353243483755;;;;;;;
2021-01-19 10:00:00;15.868591762532386;;;;;;;
2021-01-19 11:00:00;15.865824238008543;;;;;;;
2021-01-19 12:00:00;15.863050671336007;;;;;;;
2021-01-19 13:00:00;15.86027106394166;;;;;;;
2021-01-19 14:00:00;15.85748541725551;;;;;;;
2021-01-19 15:00:00;15.854693732710654;;;;;;;
2021-01-19 16:00:00;15.851896011743303;;;;;;;
2021-01-19 17:00:00;15.849092255792769;;;;;;;
2021-01-19 18:00:00;15.846282466301476;;;;;;;
2021-01-19 19:00:00;15.843466644714947;;;;;;;
2021-01-19 20:00:00;15.840644792481807;;;;;;;
2021-01-19 21:00:00;15.83781691105379;;;;;;;
2021-01-19 22:00:00;15.834983001885725;;;;;;;
2021-01-19 23:00:00;15.832143066435544;;;;;;;
2021-01-20 00:00:00;15.82929710616427;;;;;;;
2021-01-20 01:00:00;15.826445122536061;;;;;;;
2021-01-20 02:00:00;15.823587117018125;;;;;;;
2021-01-20 03:00:00;15.820723091080794;;;;;;;
2021-01-20 04:00:00;15.81785304619751;;;;;;;
2021-01-20 05:00:00;15.81497698384478;;;;;;;
2021-01-20 06:00:00;15.812094905502228;;;;;;;
2021-01-20 07:00:00;15.809206812652569;;;;;;;
2021-01-20 08:00:00;15.806312706781604;;;;;;;
2021-01-20 09:00:00;15.803412589378246;;;;;;;
2021-01-20 10:00:00;15.800506461934477;;;;;;;
2021-01-20 11:00:00;15.797594325945393;;;;;;;
2021-01-20 12:00:00;15.79467618290917;;;;;;;
2021-01-20 13:00:00;15.791752034327065;;;;;;;
2021-01-20 14:00:00;15.788821881703441;;;;;;;
2021-01-20 15:00:00;15.785885726545756;;;;;;;
2021-01-20 16:00:00;15.782943570364521;;;;;;;
2021-01-20 17:00:00;15.77999541467338;;;;;;;
2021-01-20 18:00:00;15.777041260989026;;;;;;;
2021-01-20 19:00:00;15.774081110831258;;;;;;;
2021-01-20 20:00:00;15.771114965722953;;;;;;;
2021-01-20 21:00:00;15.768142827190072;;;;;;;
2021-01-20 22:00:00;15.765164696761664;;;;;;;
2021-01-20 23:00:00;15.762180575969863;;;;;;;
2021-01-21 00:00:00;15.759190466349866;;;;;;;
2021-01-21 01:00:00;15.756194369439973;;;;;;;
2021-01-21 02:00:00;15.753192286781553;;;;;;;
2021-01-21 03:00:00;15.750184219919058;;;;;;;
2021-01-21 04:00:00;15.747170170400018;;;;;;;
2021-01-21 05:00:00;15.744150139775044;;;;;;;
2021-01-21 06:00:00;15.741124129597816;;;;;;;
2021-01-21 07:00:00;15.738092141425096;;;;;;;
2021-01-21 08:00:00;15.735054176816723;;;;;;;
2021-01-21 09:00:00;15.732010237335599;;;;;;;
2021-01-21 10:00:00;15.72896032454772;;;;;;;
2021-01-21 11:00:00;15.725904440022129;;;;;;;
2021-01-21 12:00:00;15.722842585330971;;;;;;;
2021-01-21 13:00:00;15.719774762049443;;;;;;;
2021-01-21 14:00:00;15.71670097175582;;;;;;;
2021-01-21 15:00:00;15.71362121603143;;;;;;;
2021-01-21 16:00:00;15.710535496460704;;;;;;;
2021-01-21 17:00:00;15.7074438146311;;;;;;;
2021-01-21 18:00:00;15.704346172133178;;;;;;;
2021-01-21 19:00:00;15.701242570560547;;;;;;;
2021-01-21 20:00:00;15.698133011509885;;;;;;;
2021-01-21 21:00:00;15.69501749658094;;;;;;;
2021-01-21 22:00:00;15.691896027376512;;;;;;;
2021-01-21 23:00:00;15.688768605502473;;;;;;;
2021-01-22 00:00:00;15.685635232567764;;;;;;;
2021-01-22 01:00:00;15.68249591018437;;;;;;;
2021-01-22 02:00:00;15.679350639967348;;;;;;;
2021-01-22 03:00:00;15.67619942353482;;;;;;;
2021-01-22 04:00:00;15.673042262507956;;;;;;;
2021-01-22 05:00:00;15.669879158510982;;;;;;;
2021-01-22 06:00:00;15.666710113171204;;;;;;;
2021-01-22 07:00:00;15.663535128118951;;;;;;;
2021-01-22 08:00:00;15.660354204987636;;;;;;;
2021-01-22 09:00:00;15.657167345413715;;;;;;;
2021-01-22 10:00:00;15.653974551036699;;;;;;;
2021-01-22 11:00:00;15.650775823499155;;;;;;;
2021-01-22 12:00:00;15.647571164446688;;;;;;;
2021-01-22 13:00:00;15.644360575527978;;;;;;;
2021-01-22 14:00:00;15.641144058394747;;;;;;;
2021-01-22 15:00:00;15.637921614701751;;;;;;;
2021-01-22 16:00:00;15.634693246106824;;;;;;;
2021-01-22 17:00:00;15.63145895427082;;;;;;;
2021-01-22 18:00:00;15.628218740857656;;;;;;;
2021-01-22 19:00:00;15.624972607534291;;;;;;;
2021-01-22 20:00:00;15.621720555970725;;;;;;;
2021-01-22 21:00:00;15.618462587840025;;;;;;;
2021-01-22 22:00:00;15.615198704818267;;;;;;;
2021-01-22 23:00:00;15.611928908584597;;;;;;;
2021-01-23 00:00:00;15.608653200821195;;;;;;;
2021-01-23 01:00:00;15.605371583213273;;;;;;;
2021-01-23 02:00:00;15.602084057449094;;;;;;;
2021-01-23 03:00:00;15.59879062521997;;;;;;;
2021-01-23 04:00:00;15.595491288220225;;;;;;;
2021-01-23 05:00:00;15.59218604814724;;;;;;;
2021-01-23 06:00:00;15.588874906701431;;;;;;;
2021-01-23 07:00:00;15.585557865586242;;;;;;;
2021-01-23 08:00:00;15.582234926508166;;;;;;;
2021-01-23 09:00:00;15.578906091176712;;;;;;;
2021-01-23 10:00:00;15.575571361304442;;;;;;;
2021-01-23 11:00:00;15.572230738606937;;;;;;;
2021-01-23 12:00:00;15.568884224802808;;;;;;;
2021-01-23 13:00:00;15.565531821613709;;;;;;;
2021-01-23 14:00:00;15.562173530764314;;;;;;;
2021-01-23 15:00:00;15.558809353982324;;;;;;;
2021-01-23 16:00:00;15.555439292998484;;;;;;;
2021-01-23 17:00:00;15.552063349546549;;;;;;;
2021-01-23 18:00:00;15.548681525363303;;;;;;;
2021-01-23 19:00:00;15.545293822188563;;;;;;;
2021-01-23 20:00:00;15.541900241765166;;;;;;;
2021-01-23 21:00:00;15.538500785838973;;;;;;;
2021-01-23 22:00:00;15.53509545615887;;;;;;;
2021-01-23 23:00:00;15.53168425447676;;;;;;;
2021-01-24 00:00:00;15.528267182547564;;;;;;;
2021-01-24 01:00:00;15.524844242129241;;;;;;;
2021-01-24 02:00:00;15.521415434982746;;;;;;;
2021-01-24 03:00:00;15.517980762872062;;;;;;;
2021-01-24 04:00:00;15.514540227564197;;;;;;;
2021-01-24 05:00:00;15.511093830829171;;;;;;;
2021-01-24 06:00:00;15.507641574440003;;;;;;;
2021-01-24 07:00:00;15.50418346017275;;;;;;;
2021-01-24 08:00:00;15.500719489806475;;;;;;;
2021-01-24 09:00:00;15.49724966512324;;;;;;;
2021-01-24 10:00:00;15.493773987908144;;;;;;;
2021-01-24 11:00:00;15.490292459949277;;;;;;;
2021-01-24 12:00:00;15.486805083037753;;;;;;;
2021-01-24 13:00:00;15.483311858967673;;;;;;;
2021-01-24 14:00:00;15.479812789536174;;;;;;;
2021-01-24 15:00:00;15.476307876543377;;;;;;;
2021-01-24 16:00:00;15.472797121792425;;;;;;;
2021-01-24 17:00:00;15.46928052708946;;;;;;;
2021-01-24 18:00:00;15.465758094243633;;;;;;;
2021-01-24 19:00:00;15.462229825067086;;;;;;;
2021-01-24 20:00:00;15.458695721374966;;;;;;;
2021-01-24 21:00:00;15.455155784985447;;;;;;;
2021-01-24 22:00:00;15.451610017719668;;;;;;;
2021-01-24 23:00:00;15.448058421401791;;;;;;;
2021-01-25 00:00:00;15.44450099785898;;;;;;;
2021-01-25 01:00:00;15.440937748921362;;;;;;;
2021-01-25 02:00:00;15.437368676422103;;;;;;;
2021-01-25 03:00:00;15.433793782197343;;;;;;;
2021-01-25 04:00:00;15.43021306808622;;;;;;;
2021-01-25 05:00:00;15.426626535930875;;;;;;;
2021-01-25 06:00:00;15.423034187576423;;;;;;;
2021-01-25 07:00:00;15.419436024870997;;;;;;;
2021-01-25 08:00:00;15.415832049665696;;;;;;;
2021-01-25 09:00:00;15.412222263814627;;;;;;;
2021-01-25 10:00:00;15.408606669174878;;;;;;;
2021-01-25 11:00:00;15.404985267606525;;;;;;;
2021-01-25 12:00:00;15.401358060972639;;;;;;;
2021-01-25 13:00:00;15.397725051139263;;;;;;;
2021-01-25 14:00:00;15.394086239975445;;;;;;;
2021-01-25 15:00:00;15.390441629353207;;;;;;;
2021-01-25 16:00:00;15.386791221147547;;;;;;;
2021-01-25 17:00:00;15.383135017236457;;;;;;;
2021-01-25 18:00:00;15.379473019500907;;;;;;;
2021-01-25 19:00:00;15.37580522982485;;;;;;;
2021-01-25 20:00:00;15.37213165009522;;;;;;;
2021-01-25 21:00:00;15.36845228220192;;;;;;;
2021-01-25 22:00:00;15.364767128037833;;;;;;;
2021-01-25 23:00:00;15.361076189498837;;;;;;;
2021-01-26 00:00:00;15.357379468483757;;;;;;;
2021-01-26 01:00:00;15.353676966894419;;;;;;;
2021-01-26 02:00:00;15.349968686635606;;;;;;;
2021-01-26 03:00:00;15.346254629615077;;;;;;;
2021-01-26 04:00:00;15.342534797743571;;;;;;;
2021-01-26 05:00:00;15.338809192934791;;;;;;;
2021-01-26 06:00:00;15.33507781710541;;;;;;;
2021-01-26 07:00:00;15.33134067217506;;;;;;;
2021-01-26 08:00:00;15.327597760066375;;;;;;;
2021-01-26 09:00:00;15.323849082704918;;;;;;;
2021-01-26 10:00:00;15.320094642019235;;;;;;;
2021-01-26 11:00:00;15.316334439940842;;;;;;;
2021-01-26 12:00:00;15.312568478404204;;;;;;;
2021-01-26 13:00:00;15.308796759346755;;;;;;;
2021-01-26 14:00:00;15.305019284708898;;;;;;;
2021-01-26 15:00:00;15.301236056433998;;;;;;;
2021-01-26 16:00:00;15.29744707646836;;;;;;;
2021-01-26 17:00:00;15.293652346761275;;;;;;;
2021-01-26 18:00:00;15.289851869264977;;;;;;;
2021-01-26 19:00:00;15.286045645934651;;;;;;;
2021-01-26 20:00:00;15.282233678728451;;;;;;;
2021-01-26 21:00:00;15.278415969607483;;;;;;;
2021-01-26 22:00:00;15.274592520535807;;;;;;;
2021-01-26 23:00:00;15.270763333480428;;;;;;;
2021-01-27 00:00:00;15.26692841041131;;;;;;;
2021-01-27 01:00:00;15.263087753301374;;;;;;;
2021-01-27 02:00:00;15.259241364126474;;;;;;;
2021-01-27 03:00:00;15.25538924486543;;;;;;;
2021-01-27 04:00:00;15.251531397500008;;;;;;;
2021-01-27 05:00:00;15.247667824014897;;;;;;;
2021-01-27 06:00:00;15.243798526397766;;;;;;;
2021-01-27 07:00:00;15.239923506639208;;;;;;;
2021-01-27 08:00:00;15.236042766732773;;;;;;;
2021-01-27 09:00:00;15.232156308674934;;;;;;;
2021-01-27 10:00:00;15.228264134465125;;;;;;;
2021-01-27 11:00:00;15.224366246105706;;;;;;;
2021-01-27 12:00:00;15.220462645601996;;;;;;;
2021-01-27 13:00:00;15.216553334962233;;;;;;;
2021-01-27 14:00:00;15.212638316197602;;;;;;;
2021-01-27 15:00:00;15.20871759132222;;;;;;;
2021-01-27 16:00:00;15.204791162353144;;;;;;;
2021-01-27 17:00:00;15.200859031310372;;;;;;;
2021-01-27 18:00:00;15.196921200216819;;;;;;;
2021-01-27 19:00:00;15.192977671098346;;;;;;;
2021-01-27 20:00:00;15.189028445983734;;;;;;;
2021-01-27 21:00:00;15.18507352690471;;;;;;;
2021-01-27 22:00:00;15.18111291589591;;;;;;;
2021-01-27 23:00:00;15.177146614994918;;;;;;;
2021-01-28 00:00:00;15.173174626242238;;;;;;;
2021-01-28 01:00:00;15.169196951681284;;;;;;;
2021-01-28 02:00:00;15.165213593358436;;;;;;;
2021-01-28 03:00:00;15.161224553322942;;;;;;;
2021-01-28 04:00:00;15.157229833627028;;;;;;;
2021-01-28 05:00:00;15.1532294363258;;;;;;;
2021-01-28 06:00:00;15.149223363477315;;;;;;;
2021-01-28 07:00:00;15.145211617142524;;;;;;;
2021-01-28 08:00:00;15.141194199385323;;;;;;;
2021-01-28 09:00:00;15.137171112272501;;;;;;;
2021-01-28 10:00:00;15.133142357873778;;;;;;;
2021-01-28 11:00:00;15.129107938261793;;;;;;;
2021-01-28 12:00:00;15.125067855512084;;;;;;;
2021-01-28 13:00:00;15.12102211170311;;;;;;;
2021-01-28 14:00:00;15.116970708916265;;;;;;;
2021-01-28 15:00:00;15.112913649235802;;;;;;;
2021-01-28 16:00:00;15.108850934748935;;;;;;;
2021-01-28 17:00:00;15.104782567545765;;;;;;;
2021-01-28 18:00:00;15.100708549719295;;;;;;;
2021-01-28 19:00:00;15.096628883365458;;;;;;;
2021-01-28 20:00:00;15.092543570583064;;;;;;;
2021-01-28 21:00:00;15.088452613473859;;;;;;;
2021-01-28 22:00:00;15.084356014142461;;;;;;;
2021-01-28 23:00:00;15.08025377469641;;;;;;;
2021-01-29 00:00:00;15.076145897246146;;;;;;;
2021-01-29 01:00:00;15.072032383905006;;;;;;;
2021-01-29 02:00:00;15.067913236789233;;;;;;;
2021-01-29 03:00:00;15.063788458017955;;;;;;;
2021-01-29 04:00:00;15.059658049713208;;;;;;;
2021-01-29 05:00:00;15.055522013999921;;;;;;;
2021-01-29 06:00:00;15.051380353005921;;;;;;;
2021-01-29 07:00:00;15.04723306886192;;;;;;;
2021-01-29 08:00:00;15.04308016370154;;;;;;;
2021-01-29 09:00:00;15.038921639661272;;;;;;;
2021-01-29 10:00:00;15.034757498880513;;;;;;;
2021-01-29 11:00:00;15.030587743501556;;;;;;;
2021-01-29 12:00:00;15.026412375669562;;;;;;;
2021-01-29 13:00:00;15.022231397532593;;;;;;;
2021-01-29 14:00:00;15.018044811241596;;;;;;;
2021-01-29 15:00:00;15.013852618950398;;;;;;;
2021-01-29 16:00:00;15.00965482281572;;;;;;;
2021-01-29 17:00:00;15.005451424997153;;;;;;;
2021-01-29 18:00:00;15.00124242765718;;;;;;;
2021-01-29 19:00:00;14.997027832961164;;;;;;;
2021-01-29 20:00:00;14.992807643077343;;;;;;;
2021-01-29 21:00:00;14.98858186017683;;;;;;;
2021-01-29 22:00:00;14.984350486433627;;;;;;;
2021-01-29 23:00:00;14.9801135240246;;;;;;;
2021-01-30 00:00:00;14.975870975129506;;;;;;;
2021-01-30 01:00:00;14.971622841930953;;;;;;;
2021-01-30 02:00:00;14.967369126614447;;;;;;;
2021-01-30 03:00:00;14.963109831368346;;;;;;;
2021-01-30 04:00:00;14.958844958383892;;;;;;;
2021-01-30 05:00:00;14.954574509855187;;;;;;;
2021-01-30 06:00:00;14.950298487979211;;;;;;;
2021-01-30 07:00:00;14.946016894955795;;;;;;;
2021-01-30 08:00:00;14.941729732987664;;;;;;;
2021-01-30 09:00:00;14.937437004280373;;;;;;;
2021-01-30 10:00:00;14.933138711042364;;;;;;;
2021-01-30 11:00:00;14.92883485548494;;;;;;;
2021-01-30 12:00:00;14.924525439822256;;;;;;;
2021-01-30 13:00:00;14.920210466271346;;;;;;;
2021-01-30 14:00:00;14.915889937052079;;;;;;;
2021-01-30 15:00:00;14.911563854387195;;;;;;;
2021-01-30 16:00:00;14.907232220502296;;;;;;;
2021-01-30 17:00:00;14.902895037625825;;;;;;;
2021-01-30 18:00:00;14.8985523079891;;;;;;;
2021-01-30 19:00:00;14.894204033826272;;;;;;;
2021-01-30 20:00:00;14.889850217374358;;;;;;;
2021-01-30 21:00:00;14.885490860873217;;;;;;;
2021-01-30 22:00:00;14.881125966565566;;;;;;;
2021-01-30 23:00:00;14.87675553669697;;;;;;;
2021-01-31 00:00:00;14.872379573515838;;;;;;;
2021-01-31 01:00:00;14.867998079273423;;;;;;;
2021-01-31 02:00:00;14.863611056223837;;;;;;;
2021-01-31 03:00:00;14.859218506624023;;;;;;;
2021-01-31 04:00:00;14.854820432733769;;;;;;;
2021-01-31 05:00:00;14.850416836815715;;;;;;;
2021-01-31 06:00:00;14.846007721135322;;;;;;;
2021-01-31 07:00:00;14.841593087960913;;;;;;;
2021-01-31 08:00:00;14.837172939563638;;;;;;;
2021-01-31 09:00:00;14.832747278217484;;;;;;;
2021-01-31 10:00:00;14.828316106199274;;;;;;;
2021-01-31 11:00:00;14.823879425788675;;;;;;;
2021-01-31 12:00:00;14.819437239268172;;;;;;;
2021-01-31 13:00:00;14.814989548923101;;;;;;;
2021-01-31 14:00:00;14.810536357041624;;;;;;;
2021-01-31 15:00:00;14.806077665914708;;;;;;;
2021-01-31 16:00:00;14.801613477836192;;;;;;;
2021-01-31 17:00:00;14.797143795102713;;;;;;;
2021-01-31 18:00:00;14.792668620013744;;;;;;;
2021-01-31 19:00:00;14.788187954871578;;;;;;;
2021-01-31 20:00:00;14.783701801981348;;;;;;;
2021-01-31 21:00:00;14.779210163650996;;;;;;;
2021-01-31 22:00:00;14.774713042191287;;;;;;;
2021-01-31 23:00:00;14.770210439915807;;;;;;;
2021-02-01 00:00:00;14.765702359140978;;;;;;;
2021-02-01 01:00:00;14.761188802186005;;;;;;;
2021-02-01 02:00:00;14.756669771372945;;;;;;;
2021-02-01 03:00:00;14.75214526902666;;;;;;;
2021-02-01 04:00:00;14.747615297474821;;;;;;;
2021-02-01 05:00:00;14.743079859047914;;;;;;;
2021-02-01 06:00:00;14.738538956079244;;;;;;;
2021-02-01 07:00:00;14.733992590904924;;;;;;;
2021-02-01 08:00:00;14.729440765863874;;;;;;;
2021-02-01 09:00:00;14.72488348329783;;;;;;;
2021-02-01 10:00:00;14.720320745551321;;;;;;;
2021-02-01 11:00:00;14.7157525549717;;;;;;;
2021-02-01 12:00:00;14.71117891390912;;;;;;;
2021-02-01 13:00:00;14.70659982471653;;;;;;;
2021-02-01 14:00:00;14.702015289749692;;;;;;;
2021-02-01 15:00:00;14.697425311367159;;;;;;;
2021-02-01 16:00:00;14.692829891930296;;;;;;;
2021-02-01 17:00:00;14.688229033803262;;;;;;;
2021-02-01 18:00:00;14.683622739353014;;;;;;;
2021-02-01 19:00:00;14.6790110109493;;;;;;;
2021-02-01 20:00:00;14.674393850964675;;;;;;;
2021-02-01 21:00:00;14.669771261774478;;;;;;;
2021-02-01 22:00:00;14.665143245756857;;;;;;;
2021-02-01 23:00:00;14.660509805292724;;;;;;;
2021-02-02 00:00:00;14.655870942765816;;;;;;;
2021-02-02 01:00:00;14.651226660562621;;;;;;;
2021-02-02 02:00:00;14.646576961072453;;;;;;;
2021-02-02 03:00:00;14.641921846687389;;;;;;;
2021-02-02 04:00:00;14.637261319802299;;;;;;;
2021-02-02 05:00:00;14.632595382814834;;;;;;;
2021-02-02 06:00:00;14.627924038125437;;;;;;;
2021-02-02 07:00:00;14.623247288137325;;;;;;;
2021-02-02 08:00:00;14.618565135256501;;;;;;;
2021-02-02 09:00:00;14.613877581891735;;;;;;;
2021-02-02 10:00:00;14.609184630454596;;;;;;;
2021-02-02 11:00:00;14.604486283359416;;;;;;;
2021-02-02 12:00:00;14.599782543023304;;;;;;;
2021-02-02 13:00:00;14.595073411866151;;;;;;;
2021-02-02 14:00:00;14.590358892310602;;;;;;;
2021-02-02 15:00:00;14.585638986782106;;;;;;;
2021-02-02 16:00:00;14.580913697708857;;;;;;;
2021-02-02 17:00:00;14.576183027521825;;;;;;;
2021-02-02 18:00:00;14.571446978654752;;;;;;;
2021-02-02 19:00:00;14.566705553544145;;;;;;;
2021-02-02 20:00:00;14.561958754629277;;;;;;;
2021-02-02 21:00:00;14.557206584352185;;;;;;;
2021-02-02 22:00:00;14.55244904515767;;;;;;;
2021-02-02 23:00:00;14.547686139493294;;;;;;;
2021-02-03 00:00:00;14.542917869809385;;;;;;;
2021-02-03 01:00:00;14.538144238559019;;;;;;;
2021-02-03 02:00:00;14.533365248198047;;;;;;;
2021-02-03 03:00:00;14.528580901185062;;;;;;;
2021-02-03 04:00:00;14.523791199981419;;;;;;;
2021-02-03 05:00:00;14.518996147051226;;;;;;;
2021-02-03 06:00:00;14.514195744861349;;;;;;;
2021-02-03 07:00:00;14.5093899958814;;;;;;;
2021-02-03 08:00:00;14.504578902583741;;;;;;;
2021-02-03 09:00:00;14.499762467443492;;;;;;;
2021-02-03 10:00:00;14.494940692938517;;;;;;;
2021-02-03 11:00:00;14.490113581549412;;;;;;;
2021-02-03 12:00:00;14.485281135759552;;;;;;;
2021-02-03 13:00:00;14.480443358055021;;;;;;;
2021-02-03 14:00:00;14.475600250924671;;;;;;;
2021-02-03 15:00:00;14.470751816860075;;;;;;;
2021-02-03 16:00:00;14.46589805835557;;;;;;;
2021-02-03 17:00:00;14.461038977908213;;;;;;;
2021-02-03 18:00:00;14.45617457801781;;;;;;;
2021-02-03 19:00:00;14.451304861186898;;;;;;;
2021-02-03 20:00:00;14.44642982992075;;;;;;;
2021-02-03 21:00:00;14.441549486727371;;;;;;;
2021-02-03 22:00:00;14.436663834117507;;;;;;;
2021-02-03 23:00:00;14.431772874604627;;;;;;;
2021-02-04 00:00:00;14.426876610704934;;;;;;;
2021-02-04 01:00:00;14.421975044937362;;;;;;;
2021-02-04 02:00:00;14.417068179823563;;;;;;;
2021-02-04 03:00:00;14.412156017887932;;;;;;;
2021-02-04 04:00:00;14.407238561657573;;;;;;;
2021-02-04 05:00:00;14.402315813662323;;;;;;;
2021-02-04 06:00:00;14.397387776434734;;;;;;;
2021-02-04 07:00:00;14.392454452510083;;;;;;;
2021-02-04 08:00:00;14.387515844426373;;;;;;;
2021-02-04 09:00:00;14.382571954724318;;;;;;;
2021-02-04 10:00:00;14.377622785947343;;;;;;;
2021-02-04 11:00:00;14.372668340641612;;;;;;;
2021-02-04 12:00:00;14.367708621355979;;;;;;;
2021-02-04 13:00:00;14.362743630642012;;;;;;;
2021-02-04 14:00:00;14.357773371054018;;;;;;;
2021-02-04 15:00:00;14.352797845148979;;;;;;;
2021-02-04 16:00:00;14.347817055486619;;;;;;;
2021-02-04 17:00:00;14.342831004629343;;;;;;;
2021-02-04 18:00:00;14.337839695142275;;;;;;;
2021-02-04 19:00:00;14.332843129593252;;;;;;;
2021-02-04 20:00:00;14.327841310552792;;;;;;;
2021-02-04 21:00:00;14.322834240594148;;;;;;;
2021-02-04 22:00:00;14.317821922293243;;;;;;;
2021-02-04 23:00:00;14.312804358228716;;;;;;;
2021-02-05 00:00:00;14.307781550981908;;;;;;;
2021-02-05 01:00:00;14.302753503136845;;;;;;;
2021-02-05 02:00:00;14.297720217280265;;;;;;;
2021-02-05 03:00:00;14.29268169600158;;;;;;;
2021-02-05 04:00:00;14.287637941892909;;;;;;;
2021-02-05 05:00:00;14.28258895754907;;;;;;;
2021-02-05 06:00:00;14.277534745567554;;;;;;;
2021-02-05 07:00:00;14.27247530854856;;;;;;;
2021-02-05 08:00:00;14.267410649094955;;;;;;;
2021-02-05 09:00:00;14.262340769812308;;;;;;;
2021-02-05 10:00:00;14.257265673308865;;;;;;;
2021-02-05 11:00:00;14.252185362195563;;;;;;;
2021-02-05 12:00:00;14.247099839086019;;;;;;;
2021-02-05 13:00:00;14.24200910659653;;;;;;;
2021-02-05 14:00:00;14.236913167346067;;;;;;;
2021-02-05 15:00:00;14.231812023956298;;;;;;;
2021-02-05 16:00:00;14.226705679051546;;;;;;;
2021-02-05 17:00:00;14.221594135258826;;;;;;;
2021-02-05 18:00:00;14.216477395207823;;;;;;;
2021-02-05 19:00:00;14.21135546153089;;;;;;;
2021-02-05 20:00:00;14.20622833686306;;;;;;;
2021-02-05 21:00:00;14.201096023842032;;;;;;;
2021-02-05 22:00:00;14.195958525108175;;;;;;;
2021-02-05 23:00:00;14.19081584330452;;;;;;;
2021-02-06 00:00:00;14.185667981076785;;;;;;;
2021-02-06 01:00:00;14.180514941073325;;;;;;;
2021-02-06 02:00:00;14.175356725945177;;;;;;;
2021-02-06 03:00:00;14.170193338346039;;;;;;;
2021-02-06 04:00:00;14.165024780932258;;;;;;;
2021-02-06 05:00:00;14.159851056362855;;;;;;;
2021-02-06 06:00:00;14.154672167299507;;;;;;;
2021-02-06 07:00:00;14.149488116406541;;;;;;;
2021-02-06 08:00:00;14.144298906350944;;;;;;;
2021-02-06 09:00:00;14.139104539802352;;;;;;;
2021-02-06 10:00:00;14.133905019433064;;;;;;;
2021-02-06 11:00:00;14.128700347918022;;;;;;;
2021-02-06 12:00:00;14.123490527934818;;;;;;;
2021-02-06 13:00:00;14.118275562163705;;;;;;;
2021-02-06 14:00:00;14.113055453287563;;;;;;;
2021-02-06 15:00:00;14.107830203991933;;;;;;;
2021-02-06 16:00:00;14.102599816964991;;;;;;;
2021-02-06 17:00:00;14.097364294897575;;;;;;;
2021-02-06 18:00:00;14.09212364048313;;;;;;;
2021-02-06 19:00:00;14.086877856417784;;;;;;;
2021-02-06 20:00:00;14.081626945400265;;;;;;;
2021-02-06 21:00:00;14.07637091013197;;;;;;;
2021-02-06 22:00:00;14.071109753316911;;;;;;;
2021-02-06 23:00:00;14.06584347766174;;;;;;;
2021-02-07 00:00:00;14.060572085875753;;;;;;;
2021-02-07 01:00:00;14.05529558067086;;;;;;;
2021-02-07 02:00:00;14.050013964761613;;;;;;;
2021-02-07 03:00:00;14.044727240865196;;;;;;;
2021-02-07 04:00:00;14.039435411701417;;;;;;;
2021-02-07 05:00:00;14.034138479992702;;;;;;;
2021-02-07 06:00:00;14.028836448464114;;;;;;;
2021-02-07 07:00:00;14.02352931984334;;;;;;;
2021-02-07 08:00:00;14.018217096860678;;;;;;;
2021-02-07 09:00:00;14.012899782249058;;;;;;;
2021-02-07 10:00:00;14.007577378744022;;;;;;;
2021-02-07 11:00:00;14.002249889083732;;;;;;;
2021-02-07 12:00:00;13.996917316008975;;;;;;;
2021-02-07 13:00:00;13.99157966226314;;;;;;;
2021-02-07 14:00:00;13.98623693059223;;;;;;;
2021-02-07 15:00:00;13.980889123744882;;;;;;;
2021-02-07 16:00:00;13.97553624447231;;;;;;;
2021-02-07 17:00:00;13.97017829552837;;;;;;;
2021-02-07 18:00:00;13.964815279669502;;;;;;;
2021-02-07 19:00:00;13.95944719965477;;;;;;;
2021-02-07 20:00:00;13.95407405824583;;;;;;;
2021-02-07 21:00:00;13.94869585820695;;;;;;;
2021-02-07 22:00:00;13.943312602304998;;;;;;;
2021-02-07 23:00:00;13.937924293309441;;;;;;;
2021-02-08 00:00:00;13.932530933992352;;;;;;;
2021-02-08 01:00:00;13.927132527128393;;;;;;;
2021-02-08 02:00:00;13.92172907549483;;;;;;;
2021-02-08 03:00:00;13.916320581871524;;;;;;;
2021-02-08 04:00:00;13.910907049040931;;;;;;;
2021-02-08 05:00:00;13.905488479788085;;;;;;;
2021-02-08 06:00:00;13.90006487690063;;;;;;;
2021-02-08 07:00:00;13.894636243168796;;;;;;;
2021-02-08 08:00:00;13.889202581385387;;;;;;;
2021-02-08 09:00:00;13.883763894345815;;;;;;;
2021-02-08 10:00:00;13.878320184848054;;;;;;;
2021-02-08 11:00:00;13.872871455692687;;;;;;;
2021-02-08 12:00:00;13.867417709682854;;;;;;;
2021-02-08 13:00:00;13.861958949624302;;;;;;;
2021-02-08 14:00:00;13.856495178325332;;;;;;;
2021-02-08 15:00:00;13.851026398596842;;;;;;;
2021-02-08 16:00:00;13.845552613252295;;;;;;;
2021-02-08 17:00:00;13.840073825107739;;;;;;;
2021-02-08 18:00:00;13.834590036981783;;;;;;;
2021-02-08 19:00:00;13.829101251695626;;;;;;;
2021-02-08 20:00:00;13.82360747207302;;;;;;;
2021-02-08 21:00:00;13.818108700940302;;;;;;;
2021-02-08 22:00:00;13.812604941126358;;;;;;;
2021-02-08 23:00:00;13.807096195462663;;;;;;;
2021-02-09 00:00:00;13.80158246678324;;;;;;;
2021-02-09 01:00:00;13.796063757924676;;;;;;;
2021-02-09 02:00:00;13.790540071726136;;;;;;;
2021-02-09 03:00:00;13.785011411029325;;;;;;;
2021-02-09 04:00:00;13.779477778678524;;;;;;;
2021-02-09 05:00:00;13.773939177520564;;;;;;;
2021-02-09 06:00:00;13.768395610404825;;;;;;;
2021-02-09 07:00:00;13.76284708018326;;;;;;;
2021-02-09 08:00:00;13.757293589710367;;;;;;;
2021-02-09 09:00:00;13.751735141843186;;;;;;;
2021-02-09 10:00:00;13.746171739441312;;;;;;;
2021-02-09 11:00:00;13.7406033853669;;;;;;;
2021-02-09 12:00:00;13.735030082484649;;;;;;;
2021-02-09 13:00:00;13.729451833661788;;;;;;;
2021-02-09 14:00:00;13.72386864176811;;;;;;;
2021-02-09 15:00:00;13.718280509675937;;;;;;;
2021-02-09 16:00:00;13.712687440260147;;;;;;;
2021-02-09 17:00:00;13.707089436398144;;;;;;;
2021-02-09 18:00:00;13.701486500969876;;;;;;;
2021-02-09 19:00:00;13.695878636857834;;;;;;;
2021-02-09 20:00:00;13.690265846947032;;;;;;;
2021-02-09 21:00:00;13.68464813412503;;;;;;;
2021-02-09 22:00:00;13.679025501281915;;;;;;;
2021-02-09 23:00:00;13.673397951310301;;;;;;;
2021-02-10 00:00:00;13.667765487105347;;;;;;;
2021-02-10 01:00:00;13.662128111564721;;;;;;;
2021-02-10 02:00:00;13.656485827588627;;;;;;;
2021-02-10 03:00:00;13.650838638079799;;;;;;;
2021-02-10 04:00:00;13.645186545943485;;;;;;;
2021-02-10 05:00:00;13.63952955408746;;;;;;;
2021-02-10 06:00:00;13.63386766542202;;;;;;;
2021-02-10 07:00:00;13.62820088285998;;;;;;;
2021-02-10 08:00:00;13.622529209316673;;;;;;;
2021-02-10 09:00:00;13.616852647709948;;;;;;;
2021-02-10 10:00:00;13.611171200960165;;;;;;;
2021-02-10 11:00:00;13.605484871990196;;;;;;;
2021-02-10 12:00:00;13.599793663725444;;;;;;;
2021-02-10 13:00:00;13.594097579093797;;;;;;;
2021-02-10 14:00:00;13.588396621025657;;;;;;;
2021-02-10 15:00:00;13.582690792453953;;;;;;;
2021-02-10 16:00:00;13.576980096314092;;;;;;;
2021-02-10 17:00:00;13.571264535544;;;;;;;
2021-02-10 18:00:00;13.56554411308411;;;;;;;
2021-02-10 19:00:00;13.55981883187734;;;;;;;
2021-02-10 20:00:00;13.55408869486913;;;;;;;
2021-02-10 21:00:00;13.548353705007395;;;;;;;
2021-02-10 22:00:00;13.542613865242561;;;;;;;
2021-02-10 23:00:00;13.53686917852755;;;;;;;
2021-02-11 00:00:00;13.53111964781776;;;;;;;
2021-02-11 01:00:00;13.525365276071106;;;;;;;
2021-02-11 02:00:00;13.519606066247976;;;;;;;
2021-02-11 03:00:00;13.513842021311255;;;;;;;
2021-02-11 04:00:00;13.508073144226309;;;;;;;
2021-02-11 05:00:00;13.502299437960998;;;;;;;
2021-02-11 06:00:00;13.49652090548566;;;;;;;
2021-02-11 07:00:00;13.49073754977312;;;;;;;
2021-02-11 08:00:00;13.484949373798676;;;;;;;
2021-02-11 09:00:00;13.47915638054012;;;;;;;
2021-02-11 10:00:00;13.473358572977713;;;;;;;
2021-02-11 11:00:00;13.46755595409419;;;;;;;
2021-02-11 12:00:00;13.46174852687477;;;;;;;
2021-02-11 13:00:00;13.45593629430714;;;;;;;
2021-02-11 14:00:00;13.450119259381458;;;;;;;
2021-02-11 15:00:00;13.444297425090358;;;;;;;
2021-02-11 16:00:00;13.438470794428941;;;;;;;
2021-02-11 17:00:00;13.432639370394773;;;;;;;
2021-02-11 18:00:00;13.42680315598789;;;;;;;
2021-02-11 19:00:00;13.420962154210782;;;;;;;
2021-02-11 20:00:00;13.415116368068421;;;;;;;
2021-02-11 21:00:00;13.409265800568223;;;;;;;
2021-02-11 22:00:00;13.403410454720069;;;;;;;
2021-02-11 23:00:00;13.397550333536305;;;;;;;
2021-02-12 00:00:00;13.391685440031722;;;;;;;
2021-02-12 01:00:00;13.385815777223577;;;;;;;
2021-02-12 02:00:00;13.379941348131576;;;;;;;
2021-02-12 03:00:00;13.374062155777874;;;;;;;
2021-02-12 04:00:00;13.368178203187083;;;;;;;
2021-02-12 05:00:00;13.362289493386255;;;;;;;
2021-02-12 06:00:00;13.356396029404902;;;;;;;
2021-02-12 07:00:00;13.350497814274966;;;;;;;
2021-02-12 08:00:00;13.344594851030855;;;;;;;
2021-02-12 09:00:00;13.338687142709395;;;;;;;
2021-02-12 10:00:00;13.332774692349867;;;;;;;
2021-02-12 11:00:00;13.326857502993994;;;;;;;
2021-02-12 12:00:00;13.32093557768593;;;;;;;
2021-02-12 13:00:00;13.315008919472264;;;;;;;
2021-02-12 14:00:00;13.309077531402027;;;;;;;
2021-02-12 15:00:00;13.303141416526685;;;;;;;
2021-02-12 16:00:00;13.297200577900128;;;;;;;
2021-02-12 17:00:00;13.291255018578672;;;;;;;
2021-02-12 18:00:00;13.285304741621077;;;;;;;
2021-02-12 19:00:00;13.279349750088517;;;;;;;
2021-02-12 20:00:00;13.273390047044604;;;;;;;
2021-02-12 21:00:00;13.267425635555355;;;;;;;
2021-02-12 22:00:00;13.261456518689226;;;;;;;
2021-02-12 23:00:00;13.255482699517088;;;;;;;
2021-02-13 00:00:00;13.249504181112238;;;;;;;
2021-02-13 01:00:00;13.243520966550367;;;;;;;
2021-02-13 02:00:00;13.237533058909616;;;;;;;
2021-02-13 03:00:00;13.23154046127051;;;;;;;
2021-02-13 04:00:00;13.225543176716009;;;;;;;
2021-02-13 05:00:00;13.21954120833147;;;;;;;
2021-02-13 06:00:00;13.213534559204671;;;;;;;
2021-02-13 07:00:00;13.207523232425784;;;;;;;
2021-02-13 08:00:00;13.201507231087398;;;;;;;
2021-02-13 09:00:00;13.195486558284511;;;;;;;
2021-02-13 10:00:00;13.189461217114507;;;;;;;
2021-02-13 11:00:00;13.183431210677192;;;;;;;
2021-02-13 12:00:00;13.177396542074758;;;;;;;
2021-02-13 13:00:00;13.171357214411795;;;;;;;
2021-02-13 14:00:00;13.1653132307953;;;;;;;
2021-02-13 15:00:00;13.159264594334664;;;;;;;
2021-02-13 16:00:00;13.15321130814166;;;;;;;
2021-02-13 17:00:00;13.147153375330463;;;;;;;
2021-02-13 18:00:00;13.14109079901764;;;;;;;
2021-02-13 19:00:00;13.135023582322141;;;;;;;
2021-02-13 20:00:00;13.128951728365301;;;;;;;
2021-02-13 21:00:00;13.122875240270854;;;;;;;
2021-02-13 22:00:00;13.1167941211649;;;;;;;
2021-02-13 23:00:00;13.11070837417594;;;;;;;
2021-02-14 00:00:00;13.104618002434837;;;;;;;
2021-02-14 01:00:00;13.098523009074851;;;;;;;
2021-02-14 02:00:00;13.092423397231613;;;;;;;
2021-02-14 03:00:00;13.086319170043117;;;;;;;
2021-02-14 04:00:00;13.080210330649749;;;;;;;
2021-02-14 05:00:00;13.074096882194265;;;;;;;
2021-02-14 06:00:00;13.067978827821788;;;;;;;
2021-02-14 07:00:00;13.061856170679809;;;;;;;
2021-02-14 08:00:00;13.05572891391819;;;;;;;
2021-02-14 09:00:00;13.049597060689159;;;;;;;
2021-02-14 10:00:00;13.04346061414731;;;;;;;
2021-02-14 11:00:00;13.03731957744959;;;;;;;
2021-02-14 12:00:00;13.031173953755331;;;;;;;
2021-02-14 13:00:00;13.025023746226204;;;;;;;
2021-02-14 14:00:00;13.018868958026234;;;;;;;
2021-02-14 15:00:00;13.012709592321823;;;;;;;
2021-02-14 16:00:00;13.006545652281718;;;;;;;
2021-02-14 17:00:00;13.000377141077012;;;;;;;
2021-02-14 18:00:00;12.99420406188116;;;;;;;
2021-02-14 19:00:00;12.988026417869968;;;;;;;
2021-02-14 20:00:00;12.981844212221574;;;;;;;
2021-02-14 21:00:00;12.975657448116488;;;;;;;
2021-02-14 22:00:00;12.969466128737544;;;;;;;
2021-02-14 23:00:00;12.963270257269931;;;;;;;
2021-02-15 00:00:00;12.957069836901175;;;;;;;
2021-02-15 01:00:00;12.95086487082114;;;;;;;
2021-02-15 02:00:00;12.944655362222038;;;;;;;
2021-02-15 03:00:00;12.93844131429841;;;;;;;
2021-02-15 04:00:00;12.932222730247135;;;;;;;
2021-02-15 05:00:00;12.92599961326742;;;;;;;
2021-02-15 06:00:00;12.919771966560814;;;;;;;
2021-02-15 07:00:00;12.91353979333119;;;;;;;
2021-02-15 08:00:00;12.90730309678475;;;;;;;
2021-02-15 09:00:00;12.901061880130026;;;;;;;
2021-02-15 10:00:00;12.894816146577876;;;;;;;
2021-02-15 11:00:00;12.888565899341472;;;;;;;
2021-02-15 12:00:00;12.882311141636318;;;;;;;
2021-02-15 13:00:00;12.876051876680242;;;;;;;
2021-02-15 14:00:00;12.869788107693376;;;;;;;
2021-02-15 15:00:00;12.86351983789818;;;;;;;
2021-02-15 16:00:00;12.857247070519431;;;;;;;
2021-02-15 17:00:00;12.850969808784212;;;;;;;
2021-02-15 18:00:00;12.84468805592193;;;;;;;
2021-02-15 19:00:00;12.838401815164284;;;;;;;
2021-02-15 20:00:00;12.832111089745297;;;;;;;
2021-02-15 21:00:00;12.825815882901297;;;;;;;
2021-02-15 22:00:00;12.819516197870914;;;;;;;
2021-02-15 23:00:00;12.813212037895083;;;;;;;
2021-02-16 00:00:00;12.806903406217042;;;;;;;
2021-02-16 01:00:00;12.800590306082327;;;;;;;
2021-02-16 02:00:00;12.794272740738775;;;;;;;
2021-02-16 03:00:00;12.787950713436521;;;;;;;
2021-02-16 04:00:00;12.781624227427997;;;;;;;
2021-02-16 05:00:00;12.775293285967921;;;;;;;
2021-02-16 06:00:00;12.768957892313308;;;;;;;
2021-02-16 07:00:00;12.76261804972347;;;;;;;
2021-02-16 08:00:00;12.756273761459996;;;;;;;
2021-02-16 09:00:00;12.74992503078677;;;;;;;
2021-02-16 10:00:00;12.743571860969958;;;;;;;
2021-02-16 11:00:00;12.737214255278014;;;;;;;
2021-02-16 12:00:00;12.730852216981667;;;;;;;
2021-02-16 13:00:00;12.724485749353931;;;;;;;
2021-02-16 14:00:00;12.718114855670102;;;;;;;
2021-02-16 15:00:00;12.711739539207745;;;;;;;
2021-02-16 16:00:00;12.705359803246706;;;;;;;
2021-02-16 17:00:00;12.698975651069102;;;;;;;
2021-02-16 18:00:00;12.692587085959325;;;;;;;
2021-02-16 19:00:00;12.686194111204037;;;;;;;
2021-02-16 20:00:00;12.679796730092164;;;;;;;
2021-02-16 21:00:00;12.6733949459149;;;;;;;
2021-02-16 22:00:00;12.666988761965714;;;;;;;
2021-02-16 23:00:00;12.660578181540318;;;;;;;
2021-02-17 00:00:00;12.654163207936708;;;;;;;
2021-02-17 01:00:00;12.647743844455128;;;;;;;
2021-02-17 02:00:00;12.641320094398084;;;;;;;
2021-02-17 03:00:00;12.634891961070336;;;;;;;
2021-02-17 04:00:00;12.628459447778901;;;;;;;
2021-02-17 05:00:00;12.622022557833048;;;;;;;
2021-02-17 06:00:00;12.6155812945443;;;;;;;
2021-02-17 07:00:00;12.609135661226432;;;;;;;
2021-02-17 08:00:00;12.602685661195457;;;;;;;
2021-02-17 09:00:00;12.596231297769645;;;;;;;
2021-02-17 10:00:00;12.589772574269507;;;;;;;
2021-02-17 11:00:00;12.583309494017792;;;;;;;
2021-02-17 12:00:00;12.576842060339503;;;;;;;
2021-02-17 13:00:00;12.570370276561873;;;;;;;
2021-02-17 14:00:00;12.56389414601437;;;;;;;
2021-02-17 15:00:00;12.557413672028709;;;;;;;
2021-02-17 16:00:00;12.550928857938832;;;;;;;
2021-02-17 17:00:00;12.544439707080915;;;;;;;
2021-02-17 18:00:00;12.53794622279337;;;;;;;
2021-02-17 19:00:00;12.531448408416823;;;;;;;
2021-02-17 20:00:00;12.524946267294151;;;;;;;
2021-02-17 21:00:00;12.51843980277044;;;;;;;
2021-02-17 22:00:00;12.511929018193005;;;;;;;
2021-02-17 23:00:00;12.505413916911378;;;;;;;
2021-02-18 00:00:00;12.498894502277329;;;;;;;
2021-02-18 01:00:00;12.492370777644826;;;;;;;
2021-02-18 02:00:00;12.485842746370064;;;;;;;
2021-02-18 03:00:00;12.47931041181146;;;;;;;
2021-02-18 04:00:00;12.472773777329627;;;;;;;
2021-02-18 05:00:00;12.46623284628741;;;;;;;
2021-02-18 06:00:00;12.459687622049854;;;;;;;
2021-02-18 07:00:00;12.453138107984211;;;;;;;
2021-02-18 08:00:00;12.446584307459949;;;;;;;
2021-02-18 09:00:00;12.44002622384873;;;;;;;
2021-02-18 10:00:00;12.433463860524427;;;;;;;
2021-02-18 11:00:00;12.42689722086311;;;;;;;
2021-02-18 12:00:00;12.420326308243054;;;;;;;
2021-02-18 13:00:00;12.41375112604473;;;;;;;
2021-02-18 14:00:00;12.407171677650807;;;;;;;
2021-02-18 15:00:00;12.400587966446142;;;;;;;
2021-02-18 16:00:00;12.393999995817797;;;;;;;
2021-02-18 17:00:00;12.387407769155008;;;;;;;
2021-02-18 18:00:00;12.380811289849227;;;;;;;
2021-02-18 19:00:00;12.374210561294065;;;;;;;
2021-02-18 20:00:00;12.367605586885334;;;;;;;
2021-02-18 21:00:00;12.360996370021033;;;;;;;
2021-02-18 22:00:00;12.354382914101334;;;;;;;
2021-02-18 23:00:00;12.347765222528599;;;;;;;
2021-02-19 00:00:00;12.341143298707362;;;;;;;
2021-02-19 01:00:00;12.33451714604434;;;;;;;
2021-02-19 02:00:00;12.327886767948414;;;;;;;
2021-02-19 03:00:00;12.321252167830655;;;;;;;
2021-02-19 04:00:00;12.314613349104302;;;;;;;
2021-02-19 05:00:00;12.307970315184752;;;;;;;
2021-02-19 06:00:00;12.301323069489584;;;;;;;
2021-02-19 07:00:00;12.29467161543854;;;;;;;
2021-02-19 08:00:00;12.288015956453524;;;;;;;
2021-02-19 09:00:00;12.281356095958609;;;;;;;
2021-02-19 10:00:00;12.274692037380019;;;;;;;
2021-02-19 11:00:00;12.26802378414615;;;;;;;
2021-02-19 12:00:00;12.261351339687552;;;;;;;
2021-02-19 13:00:00;12.254674707436926;;;;;;;
2021-02-19 14:00:00;12.247993890829132;;;;;;;
2021-02-19 15:00:00;12.241308893301184;;;;;;;
2021-02-19 16:00:00;12.234619718292244;;;;;;;
2021-02-19 17:00:00;12.227926369243626;;;;;;;
2021-02-19 18:00:00;12.221228849598788;;;;;;;
2021-02-19 19:00:00;12.214527162803332;;;;;;;
2021-02-19 20:00:00;12.207821312305011;;;;;;;
2021-02-19 21:00:00;12.201111301553714;;;;;;;
2021-02-19 22:00:00;12.194397134001473;;;;;;;
2021-02-19 23:00:00;12.18767881310246;;;;;;;
2021-02-20 00:00:00;12.180956342312976;;;;;;;
2021-02-20 01:00:00;12.174229725091468;;;;;;;
2021-02-20 02:00:00;12.167498964898506;;;;;;;
2021-02-20 03:00:00;12.160764065196801;;;;;;;
2021-02-20 04:00:00;12.154025029451185;;;;;;;
2021-02-20 05:00:00;12.147281861128626;;;;;;;
2021-02-20 06:00:00;12.140534563698203;;;;;;;
2021-02-20 07:00:00;12.133783140631142;;;;;;;
2021-02-20 08:00:00;12.127027595400774;;;;;;;
2021-02-20 09:00:00;12.120267931482555;;;;;;;
2021-02-20 10:00:00;12.113504152354059;;;;;;;
2021-02-20 11:00:00;12.106736261494987;;;;;;;
2021-02-20 12:00:00;12.099964262387138;;;;;;;
2021-02-20 13:00:00;12.093188158514437;;;;;;;
2021-02-20 14:00:00;12.086407953362922;;;;;;;
2021-02-20 15:00:00;12.079623650420732;;;;;;;
2021-02-20 16:00:00;12.07283525317812;;;;;;;
2021-02-20 17:00:00;12.066042765127442;;;;;;;
2021-02-20 18:00:00;12.059246189763162;;;;;;;
2021-02-20 19:00:00;12.052445530581847;;;;;;;
2021-02-20 20:00:00;12.045640791082162;;;;;;;
2021-02-20 21:00:00;12.03883197476487;;;;;;;
2021-02-20 22:00:00;12.032019085132836;;;;;;;
2021-02-20 23:00:00;12.02520212569102;;;;;;;
2021-02-21 00:00:00;12.018381099946469;;;;;;;
2021-02-21 01:00:00;12.01155601140833;;;;;;;
2021-02-21 02:00:00;12.00472686358784;;;;;;;
2021-02-21 03:00:00;11.997893659998319;;;;;;;
2021-02-21 04:00:00;11.991056404155175;;;;;;;
2021-02-21 05:00:00;11.984215099575904;;;;;;;
2021-02-21 06:00:00;11.97736974978008;;;;;;;
2021-02-21 07:00:00;11.970520358289365;;;;;;;
2021-02-21 08:00:00;11.96366692862749;;;;;;;
2021-02-21 09:00:00;11.956809464320271;;;;;;;
2021-02-21 10:00:00;11.949947968895602;;;;;;;
2021-02-21 11:00:00;11.943082445883444;;;;;;;
2021-02-21 12:00:00;11.936212898815839;;;;;;;
2021-02-21 13:00:00;11.929339331226885;;;;;;;
2021-02-21 14:00:00;11.922461746652758;;;;;;;
2021-02-21 15:00:00;11.915580148631706;;;;;;;
2021-02-21 16:00:00;11.908694540704026;;;;;;;
2021-02-21 17:00:00;11.9018049264121;;;;;;;
2021-02-21 18:00:00;11.89491130930034;;;;;;;
2021-02-21 19:00:00;11.88801369291525;;;;;;;
2021-02-21 20:00:00;11.881112080805368;;;;;;;
2021-02-21 21:00:00;11.874206476521305;;;;;;;
2021-02-21 22:00:00;11.86729688361571;;;;;;;
2021-02-21 23:00:00;11.860383305643294;;;;;;;
2021-02-22 00:00:00;11.853465746160813;;;;;;;
2021-02-22 01:00:00;11.846544208727078;;;;;;;
2021-02-22 02:00:00;11.839618696902942;;;;;;;
2021-02-22 03:00:00;11.832689214251303;;;;;;;
2021-02-22 04:00:00;11.825755764337098;;;;;;;
2021-02-22 05:00:00;11.818818350727309;;;;;;;
2021-02-22 06:00:00;11.81187697699096;;;;;;;
2021-02-22 07:00:00;11.804931646699107;;;;;;;
2021-02-22 08:00:00;11.797982363424845;;;;;;;
2021-02-22 09:00:00;11.791029130743302;;;;;;;
2021-02-22 10:00:00;11.784071952231635;;;;;;;
2021-02-22 11:00:00;11.777110831469038;;;;;;;
2021-02-22 12:00:00;11.77014577203672;;;;;;;
2021-02-22 13:00:00;11.763176777517932;;;;;;;
2021-02-22 14:00:00;11.756203851497938;;;;;;;
2021-02-22 15:00:00;11.749226997564033;;;;;;;
2021-02-22 16:00:00;11.742246219305525;;;;;;;
2021-02-22 17:00:00;11.73526152031374;;;;;;;
2021-02-22 18:00:00;11.728272904182036;;;;;;;
2021-02-22 19:00:00;11.721280374505763;;;;;;;
2021-02-22 20:00:00;11.714283934882308;;;;;;;
2021-02-22 21:00:00;11.707283588911052;;;;;;;
2021-02-22 22:00:00;11.700279340193399;;;;;;;
2021-02-22 23:00:00;11.693271192332745;;;;;;;
2021-02-23 00:00:00;11.686259148934504;;;;;;;
2021-02-23 01:00:00;11.679243213606094;;;;;;;
2021-02-23 02:00:00;11.67222338995693;;;;;;;
2021-02-23 03:00:00;11.665199681598425;;;;;;;
2021-02-23 04:00:00;11.658172092144007;;;;;;;
2021-02-23 05:00:00;11.651140625209075;;;;;;;
2021-02-23 06:00:00;11.644105284411047;;;;;;;
2021-02-23 07:00:00;11.637066073369319;;;;;;;
2021-02-23 08:00:00;11.630022995705279;;;;;;;
2021-02-23 09:00:00;11.622976055042319;;;;;;;
2021-02-23 10:00:00;11.615925255005795;;;;;;;
2021-02-23 11:00:00;11.608870599223067;;;;;;;
2021-02-23 12:00:00;11.601812091323472;;;;;;;
2021-02-23 13:00:00;11.59474973493833;;;;;;;
2021-02-23 14:00:00;11.587683533700934;;;;;;;
2021-02-23 15:00:00;11.58061349124657;;;;;;;
2021-02-23 16:00:00;11.573539611212484;;;;;;;
2021-02-23 17:00:00;11.566461897237904;;;;;;;
2021-02-23 18:00:00;11.559380352964032;;;;;;;
2021-02-23 19:00:00;11.552294982034043;;;;;;;
2021-02-23 20:00:00;11.545205788093066;;;;;;;
2021-02-23 21:00:00;11.53811277478821;;;;;;;
2021-02-23 22:00:00;11.531015945768551;;;;;;;
2021-02-23 23:00:00;11.52391530468512;;;;;;;
2021-02-24 00:00:00;11.516810855190913;;;;;;;
2021-02-24 01:00:00;11.509702600940873;;;;;;;
2021-02-24 02:00:00;11.50259054559193;;;;;;;
2021-02-24 03:00:00;11.495474692802942;;;;;;;
2021-02-24 04:00:00;11.488355046234728;;;;;;;
2021-02-24 05:00:00;11.481231609550058;;;;;;;
2021-02-24 06:00:00;11.474104386413662;;;;;;;
2021-02-24 07:00:00;11.46697338049221;;;;;;;
2021-02-24 08:00:00;11.45983859545431;;;;;;;
2021-02-24 09:00:00;11.45270003497053;;;;;;;
2021-02-24 10:00:00;11.445557702713373;;;;;;;
2021-02-24 11:00:00;11.438411602357275;;;;;;;
2021-02-24 12:00:00;11.431261737578627;;;;;;;
2021-02-24 13:00:00;11.424108112055746;;;;;;;
2021-02-24 14:00:00;11.416950729468878;;;;;;;
2021-02-24 15:00:00;11.409789593500214;;;;;;;
2021-02-24 16:00:00;11.402624707833873;;;;;;;
2021-02-24 17:00:00;11.395456076155897;;;;;;;
2021-02-24 18:00:00;11.388283702154263;;;;;;;
2021-02-24 19:00:00;11.381107589518868;;;;;;;
2021-02-24 20:00:00;11.373927741941534;;;;;;;
2021-02-24 21:00:00;11.366744163116005;;;;;;;
2021-02-24 22:00:00;11.359556856737944;;;;;;;
2021-02-24 23:00:00;11.352365826504933;;;;;;;
2021-02-25 00:00:00;11.345171076116467;;;;;;;
2021-02-25 01:00:00;11.33797260927395;;;;;;;
2021-02-25 02:00:00;11.330770429680713;;;;;;;
2021-02-25 03:00:00;11.323564541041993;;;;;;;
2021-02-25 04:00:00;11.316354947064912;;;;;;;
2021-02-25 05:00:00;11.309141651458534;;;;;;;
2021-02-25 06:00:00;11.301924657933807;;;;;;;
2021-02-25 07:00:00;11.294703970203582;;;;;;;
2021-02-25 08:00:00;11.287479591982606;;;;;;;
2021-02-25 09:00:00;11.280251526987545;;;;;;;
2021-02-25 10:00:00;11.273019778936941;;;;;;;
2021-02-25 11:00:00;11.265784351551241;;;;;;;
2021-02-25 12:00:00;11.258545248552778;;;;;;;
2021-02-25 13:00:00;11.251302473665785;;;;;;;
2021-02-25 14:00:00;11.244056030616376;;;;;;;
2021-02-25 15:00:00;11.23680592313255;;;;;;;
2021-02-25 16:00:00;11.229552154944207;;;;;;;
2021-02-25 17:00:00;11.222294729783115;;;;;;;
2021-02-25 18:00:00;11.215033651382928;;;;;;;
2021-02-25 19:00:00;11.207768923479176;;;;;;;
2021-02-25 20:00:00;11.200500549809279;;;;;;;
2021-02-25 21:00:00;11.193228534112512;;;;;;;
2021-02-25 22:00:00;11.185952880130042;;;;;;;
2021-02-25 23:00:00;11.178673591604902;;;;;;;
2021-02-26 00:00:00;11.17139067228199;;;;;;;
2021-02-26 01:00:00;11.164104125908079;;;;;;;
2021-02-26 02:00:00;11.156813956231801;;;;;;;
2021-02-26 03:00:00;11.149520167003661;;;;;;;
2021-02-26 04:00:00;11.14222276197602;;;;;;;
2021-02-26 05:00:00;11.13492174490309;;;;;;;
2021-02-26 06:00:00;11.127617119540968;;;;;;;
2021-02-26 07:00:00;11.120308889647577;;;;;;;
2021-02-26 08:00:00;11.112997058982716;;;;;;;
2021-02-26 09:00:00;11.105681631308023;;;;;;;
2021-02-26 10:00:00;11.098362610386998;;;;;;;
2021-02-26 11:00:00;11.091039999984973;;;;;;;
2021-02-26 12:00:00;11.08371380386915;;;;;;;
2021-02-26 13:00:00;11.076384025808556;;;;;;;
2021-02-26 14:00:00;11.069050669574068;;;;;;;
2021-02-26 15:00:00;11.061713738938408;;;;;;;
2021-02-26 16:00:00;11.054373237676126;;;;;;;
2021-02-26 17:00:00;11.047029169563617;;;;;;;
2021-02-26 18:00:00;11.039681538379114;;;;;;;
2021-02-26 19:00:00;11.032330347902668;;;;;;;
2021-02-26 20:00:00;11.024975601916186;;;;;;;
2021-02-26 21:00:00;11.017617304203377;;;;;;;
2021-02-26 22:00:00;11.010255458549796;;;;;;;
2021-02-26 23:00:00;11.002890068742822;;;;;;;
2021-02-27 00:00:00;10.995521138571638;;;;;;;
2021-02-27 01:00:00;10.988148671827275;;;;;;;
2021-02-27 02:00:00;10.98077267230257;;;;;;;
2021-02-27 03:00:00;10.973393143792173;;;;;;;
2021-02-27 04:00:00;10.966010090092558;;;;;;;
2021-02-27 05:00:00;10.958623515002015;;;;;;;
2021-02-27 06:00:00;10.951233422320634;;;;;;;
2021-02-27 07:00:00;10.943839815850328;;;;;;;
2021-02-27 08:00:00;10.9364426993948;;;;;;;
2021-02-27 09:00:00;10.929042076759577;;;;;;;
2021-02-27 10:00:00;10.921637951751984;;;;;;;
2021-02-27 11:00:00;10.914230328181143;;;;;;;
2021-02-27 12:00:00;10.906819209857977;;;;;;;
2021-02-27 13:00:00;10.899404600595213;;;;;;;
2021-02-27 14:00:00;10.891986504207367;;;;;;;
2021-02-27 15:00:00;10.884564924510752;;;;;;;
2021-02-27 16:00:00;10.87713986532348;;;;;;;
2021-02-27 17:00:00;10.869711330465435;;;;;;;
2021-02-27 18:00:00;10.862279323758306;;;;;;;
2021-02-27 19:00:00;10.854843849025567;;;;;;;
2021-02-27 20:00:00;10.847404910092461;;;;;;;
2021-02-27 21:00:00;10.839962510786028;;;;;;;
2021-02-27 22:00:00;10.832516654935084;;;;;;;
2021-02-27 23:00:00;10.825067346370224;;;;;;;
2021-02-28 00:00:00;10.81761458892382;;;;;;;
2021-02-28 01:00:00;10.810158386430013;;;;;;;
2021-02-28 02:00:00;10.802698742724722;;;;;;;
2021-02-28 03:00:00;10.795235661645632;;;;;;;
2021-02-28 04:00:00;10.7877691470322;;;;;;;
2021-02-28 05:00:00;10.780299202725654;;;;;;;
2021-02-28 06:00:00;10.772825832568973;;;;;;;
2021-02-28 07:00:00;10.765349040406903;;;;;;;
2021-02-28 08:00:00;10.757868830085965;;;;;;;
2021-02-28 09:00:00;10.750385205454416;;;;;;;
2021-02-28 10:00:00;10.742898170362292;;;;;;;
2021-02-28 11:00:00;10.735407728661361;;;;;;;
2021-02-28 12:00:00;10.727913884205158;;;;;;;
2021-02-28 13:00:00;10.720416640848965;;;;;;;
2021-02-28 14:00:00;10.712916002449818;;;;;;;
2021-02-28 15:00:00;10.705411972866491;;;;;;;
2021-02-28 16:00:00;10.697904555959509;;;;;;;
2021-02-28 17:00:00;10.690393755591128;;;;;;;
2021-02-28 18:00:00;10.682879575625359;;;;;;;
2021-02-28 19:00:00;10.675362019927947;;;;;;;
2021-02-28 20:00:00;10.667841092366375;;;;;;;
2021-02-28 21:00:00;10.660316796809854;;;;;;;
2021-02-28 22:00:00;10.652789137129332;;;;;;;
2021-02-28 23:00:00;10.64525811719749;;;;;;;
2021-03-01 00:00:00;10.637723740888733;;;;;;;
2021-03-01 01:00:00;10.630186012079202;;;;;;;
2021-03-01 02:00:00;10.62264493464675;;;;;;;
2021-03-01 03:00:00;10.615100512470956;;;;;;;
2021-03-01 04:00:00;10.607552749433125;;;;;;;
2021-03-01 05:00:00;10.600001649416285;;;;;;;
2021-03-01 06:00:00;10.59244721630517;;;;;;;
2021-03-01 07:00:00;10.584889453986225;;;;;;;
2021-03-01 08:00:00;10.577328366347622;;;;;;;
2021-03-01 09:00:00;10.569763957279239;;;;;;;
2021-03-01 10:00:00;10.562196230672658;;;;;;;
2021-03-01 11:00:00;10.554625190421175;;;;;;;
2021-03-01 12:00:00;10.547050840419779;;;;;;;
2021-03-01 13:00:00;10.539473184565175;;;;;;;
2021-03-01 14:00:00;10.531892226755756;;;;;;;
2021-03-01 15:00:00;10.524307970891629;;;;;;;
2021-03-01 16:00:00;10.516720420874586;;;;;;;
2021-03-01 17:00:00;10.509129580608118;;;;;;;
2021-03-01 18:00:00;10.501535453997406;;;;;;;
2021-03-01 19:00:00;10.493938044949319;;;;;;;
2021-03-01 20:00:00;10.486337357372431;;;;;;;
2021-03-01 21:00:00;10.478733395176981;;;;;;;
2021-03-01 22:00:00;10.471126162274903;;;;;;;
2021-03-01 23:00:00;10.463515662579816;;;;;;;
2021-03-02 00:00:00;10.455901900007017;;;;;;;
2021-03-02 01:00:00;10.448284878473478;;;;;;;
2021-03-02 02:00:00;10.44066460189786;;;;;;;
2021-03-02 03:00:00;10.43304107420047;;;;;;;
2021-03-02 04:00:00;10.42541429930333;;;;;;;
2021-03-02 05:00:00;10.417784281130096;;;;;;;
2021-03-02 06:00:00;10.410151023606108;;;;;;;
2021-03-02 07:00:00;10.40251453065838;;;;;;;
2021-03-02 08:00:00;10.394874806215569;;;;;;;
2021-03-02 09:00:00;10.387231854208006;;;;;;;
2021-03-02 10:00:00;10.379585678567691;;;;;;;
2021-03-02 11:00:00;10.371936283228273;;;;;;;
2021-03-02 12:00:00;10.364283672125058;;;;;;;
2021-03-02 13:00:00;10.356627849195009;;;;;;;
2021-03-02 14:00:00;10.348968818376733;;;;;;;
2021-03-02 15:00:00;10.3413065836105;;;;;;;
2021-03-02 16:00:00;10.333641148838224;;;;;;;
2021-03-02 17:00:00;10.325972518003455;;;;;;;
2021-03-02 18:00:00;10.318300695051411;;;;;;;
2021-03-02 19:00:00;10.310625683928919;;;;;;;
2021-03-02 20:00:00;10.302947488584472;;;;;;;
2021-03-02 21:00:00;10.2952661129682;;;;;;;
2021-03-02 22:00:00;10.287581561031855;;;;;;;
2021-03-02 23:00:00;10.27989383672883;;;;;;;
2021-03-03 00:00:00;10.272202944014156;;;;;;;
2021-03-03 01:00:00;10.264508886844483;;;;;;;
2021-03-03 02:00:00;10.2568116691781;;;;;;;
2021-03-03 03:00:00;10.249111294974913;;;;;;;
2021-03-03 04:00:00;10.241407768196456;;;;;;;
2021-03-03 05:00:00;10.233701092805887;;;;;;;
2021-03-03 06:00:00;10.225991272767974;;;;;;;
2021-03-03 07:00:00;10.21827831204912;;;;;;;
2021-03-03 08:00:00;10.210562214617328;;;;;;;
2021-03-03 09:00:00;10.20284298444222;;;;;;;
2021-03-03 10:00:00;10.195120625495033;;;;;;;
2021-03-03 11:00:00;10.18739514174861;;;;;;;
2021-03-03 12:00:00;10.1796665371774;;;;;;;
2021-03-03 13:00:00;10.171934815757465;;;;;;;
2021-03-03 14:00:00;10.164199981466457;;;;;;;
2021-03-03 15:00:00;10.156462038283646;;;;;;;
2021-03-03 16:00:00;10.14872099018989;;;;;;;
2021-03-03 17:00:00;10.14097684116765;;;;;;;
2021-03-03 18:00:00;10.133229595200973;;;;;;;
2021-03-03 19:00:00;10.125479256275513;;;;;;;
2021-03-03 20:00:00;10.117725828378509;;;;;;;
2021-03-03 21:00:00;10.109969315498782;;;;;;;
2021-03-03 22:00:00;10.102209721626755;;;;;;;
2021-03-03 23:00:00;10.09444705075442;;;;;;;
2021-03-04 00:00:00;10.086681306875363;;;;;;;
2021-03-04 01:00:00;10.078912493984747;;;;;;;
2021-03-04 02:00:00;10.071140616079314;;;;;;;
2021-03-04 03:00:00;10.06336567715739;;;;;;;
2021-03-04 04:00:00;10.055587681218858;;;;;;;
2021-03-04 05:00:00;10.04780663226519;;;;;;;
2021-03-04 06:00:00;10.040022534299426;;;;;;;
2021-03-04 07:00:00;10.032235391326168;;;;;;;
2021-03-04 08:00:00;10.024445207351592;;;;;;;
2021-03-04 09:00:00;10.016651986383435;;;;;;;
2021-03-04 10:00:00;10.008855732430991;;;;;;;
2021-03-04 11:00:00;10.001056449505125;;;;;;;
2021-03-04 12:00:00;9.993254141618252;;;;;;;
2021-03-04 13:00:00;9.98544881278435;;;;;;;
2021-03-04 14:00:00;9.977640467018949;;;;;;;
2021-03-04 15:00:00;9.96982910833912;;;;;;;
2021-03-04 16:00:00;9.962014740763498;;;;;;;
2021-03-04 17:00:00;9.954197368312268;;;;;;;
2021-03-04 18:00:00;9.94637699500715;;;;;;;
2021-03-04 19:00:00;9.938553624871409;;;;;;;
2021-03-04 20:00:00;9.93072726192986;;;;;;;
2021-03-04 21:00:00;9.92289791020885;;;;;;;
2021-03-04 22:00:00;9.915065573736266;;;;;;;
2021-03-04 23:00:00;9.907230256541533;;;;;;;
2021-03-05 00:00:00;9.899391962655605;;;;;;;
2021-03-05 01:00:00;9.89155069611097;;;;;;;
2021-03-05 02:00:00;9.883706460941646;;;;;;;
2021-03-05 03:00:00;9.875859261183175;;;;;;;
2021-03-05 04:00:00;9.868009100872635;;;;;;;
2021-03-05 05:00:00;9.860155984048605;;;;;;;
2021-03-05 06:00:00;9.852299914751207;;;;;;;
2021-03-05 07:00:00;9.844440897022073;;;;;;;
2021-03-05 08:00:00;9.836578934904347;;;;;;;
2021-03-05 09:00:00;9.828714032442702;;;;;;;
2021-03-05 10:00:00;9.820846193683305;;;;;;;
2021-03-05 11:00:00;9.81297542267385;;;;;;;
2021-03-05 12:00:00;9.805101723463531;;;;;;;
2021-03-05 13:00:00;9.797225100103049;;;;;;;
2021-03-05 14:00:00;9.789345556644612;;;;;;;
2021-03-05 15:00:00;9.78146309714193;;;;;;;
2021-03-05 16:00:00;9.773577725650208;;;;;;;
2021-03-05 17:00:00;9.765689446226158;;;;;;;
2021-03-05 18:00:00;9.757798262927981;;;;;;;
2021-03-05 19:00:00;9.749904179815376;;;;;;;
2021-03-05 20:00:00;9.74200720094953;;;;;;;
2021-03-05 21:00:00;9.734107330393117;;;;;;;
2021-03-05 22:00:00;9.726204572210312;;;;;;;
2021-03-05 23:00:00;9.718298930466766;;;;;;;
2021-03-06 00:00:00;9.71039040922961;;;;;;;
2021-03-06 01:00:00;9.702479012567458;;;;;;;
2021-03-06 02:00:00;9.694564744550416;;;;;;;
2021-03-06 03:00:00;9.686647609250052;;;;;;;
2021-03-06 04:00:00;9.678727610739413;;;;;;;
2021-03-06 05:00:00;9.670804753093025;;;;;;;
2021-03-06 06:00:00;9.662879040386873;;;;;;;
2021-03-06 07:00:00;9.654950476698426;;;;;;;
2021-03-06 08:00:00;9.647019066106603;;;;;;;
2021-03-06 09:00:00;9.639084812691808;;;;;;;
2021-03-06 10:00:00;9.631147720535887;;;;;;;
2021-03-06 11:00:00;9.623207793722157;;;;;;;
2021-03-06 12:00:00;9.615265036335392;;;;;;;
2021-03-06 13:00:00;9.607319452461827;;;;;;;
2021-03-06 14:00:00;9.599371046189141;;;;;;;
2021-03-06 15:00:00;9.591419821606468;;;;;;;
2021-03-06 16:00:00;9.583465782804401;;;;;;;
2021-03-06 17:00:00;9.575508933874966;;;;;;;
2021-03-06 18:00:00;9.56754927891165;;;;;;;
2021-03-06 19:00:00;9.559586822009372;;;;;;;
2021-03-06 20:00:00;9.551621567264496;;;;;;;
2021-03-06 21:00:00;9.543653518774827;;;;;;;
2021-03-06 22:00:00;9.535682680639605;;;;;;;
2021-03-06 23:00:00;9.527709056959505;;;;;;;
2021-03-07 00:00:00;9.519732651836645;;;;;;;
2021-03-07 01:00:00;9.511753469374556;;;;;;;
2021-03-07 02:00:00;9.50377151367821;;;;;;;
2021-03-07 03:00:00;9.495786788854003;;;;;;;
2021-03-07 04:00:00;9.487799299009758;;;;;;;
2021-03-07 05:00:00;9.479809048254717;;;;;;;
2021-03-07 06:00:00;9.471816040699538;;;;;;;
2021-03-07 07:00:00;9.463820280456309;;;;;;;
2021-03-07 08:00:00;9.455821771638526;;;;;;;
2021-03-07 09:00:00;9.447820518361098;;;;;;;
2021-03-07 10:00:00;9.439816524740355;;;;;;;
2021-03-07 11:00:00;9.431809794894027;;;;;;;
2021-03-07 12:00:00;9.423800332941251;;;;;;;
2021-03-07 13:00:00;9.415788143002578;;;;;;;
2021-03-07 14:00:00;9.407773229199961;;;;;;;
2021-03-07 15:00:00;9.399755595656748;;;;;;;
2021-03-07 16:00:00;9.391735246497692;;;;;;;
2021-03-07 17:00:00;9.383712185848934;;;;;;;
2021-03-07 18:00:00;9.375686417838025;;;;;;;
2021-03-07 19:00:00;9.3676579465939;;;;;;;
2021-03-07 20:00:00;9.35962677624688;;;;;;;
2021-03-07 21:00:00;9.351592910928682;;;;;;;
2021-03-07 22:00:00;9.343556354772408;;;;;;;
2021-03-07 23:00:00;9.33551711191254;;;;;;;
2021-03-08 00:00:00;9.327475186484957;;;;;;;
2021-03-08 01:00:00;9.319430582626897;;;;;;;
2021-03-08 02:00:00;9.311383304476985;;;;;;;
2021-03-08 03:00:00;9.30333335617523;;;;;;;
2021-03-08 04:00:00;9.295280741862998;;;;;;;
2021-03-08 05:00:00;9.287225465683045;;;;;;;
2021-03-08 06:00:00;9.279167531779487;;;;;;;
2021-03-08 07:00:00;9.271106944297799;;;;;;;
2021-03-08 08:00:00;9.263043707384835;;;;;;;
2021-03-08 09:00:00;9.254977825188808;;;;;;;
2021-03-08 10:00:00;9.24690930185929;;;;;;;
2021-03-08 11:00:00;9.238838141547213;;;;;;;
2021-03-08 12:00:00;9.230764348404865;;;;;;;
2021-03-08 13:00:00;9.222687926585884;;;;;;;
2021-03-08 14:00:00;9.21460888024527;;;;;;;
2021-03-08 15:00:00;9.206527213539369;;;;;;;
2021-03-08 16:00:00;9.198442930625868;;;;;;;
2021-03-08 17:00:00;9.190356035663816;;;;;;;
2021-03-08 18:00:00;9.182266532813586;;;;;;;
2021-03-08 19:00:00;9.174174426236904;;;;;;;
2021-03-08 20:00:00;9.166079720096844;;;;;;;
2021-03-08 21:00:00;9.157982418557799;;;;;;;
2021-03-08 22:00:00;9.149882525785504;;;;;;;
2021-03-08 23:00:00;9.141780045947035;;;;;;;
2021-03-09 00:00:00;9.133674983210787;;;;;;;
2021-03-09 01:00:00;9.125567341746494;;;;;;;
2021-03-09 02:00:00;9.117457125725211;;;;;;;
2021-03-09 03:00:00;9.109344339319314;;;;;;;
2021-03-09 04:00:00;9.101228986702514;;;;;;;
2021-03-09 05:00:00;9.09311107204983;;;;;;;
2021-03-09 06:00:00;9.084990599537605;;;;;;;
2021-03-09 07:00:00;9.076867573343494;;;;;;;
2021-03-09 08:00:00;9.068741997646466;;;;;;;
2021-03-09 09:00:00;9.060613876626809;;;;;;;
2021-03-09 10:00:00;9.052483214466111;;;;;;;
2021-03-09 11:00:00;9.044350015347279;;;;;;;
2021-03-09 12:00:00;9.036214283454509;;;;;;;
2021-03-09 13:00:00;9.028076022973309;;;;;;;
2021-03-09 14:00:00;9.019935238090488;;;;;;;
2021-03-09 15:00:00;9.01179193299416;;;;;;;
2021-03-09 16:00:00;9.003646111873723;;;;;;;
2021-03-09 17:00:00;8.995497778919875;;;;;;;
2021-03-09 18:00:00;8.987346938324606;;;;;;;
2021-03-09 19:00:00;8.979193594281197;;;;;;;
2021-03-09 20:00:00;8.971037750984218;;;;;;;
2021-03-09 21:00:00;8.962879412629524;;;;;;;
2021-03-09 22:00:00;8.954718583414248;;;;;;;
2021-03-09 23:00:00;8.946555267536814;;;;;;;
2021-03-10 00:00:00;8.938389469196915;;;;;;;
2021-03-10 01:00:00;8.93022119259553;;;;;;;
2021-03-10 02:00:00;8.922050441934916;;;;;;;
2021-03-10 03:00:00;8.913877221418584;;;;;;;
2021-03-10 04:00:00;8.905701535251334;;;;;;;
2021-03-10 05:00:00;8.897523387639229;;;;;;;
2021-03-10 06:00:00;8.889342782789596;;;;;;;
2021-03-10 07:00:00;8.881159724911031;;;;;;;
2021-03-10 08:00:00;8.872974218213388;;;;;;;
2021-03-10 09:00:00;8.864786266907775;;;;;;;
2021-03-10 10:00:00;8.856595875206576;;;;;;;
2021-03-10 11:00:00;8.848403047323407;;;;;;;
2021-03-10 12:00:00;8.84020778747316;;;;;;;
2021-03-10 13:00:00;8.832010099871962;;;;;;;
2021-03-10 14:00:00;8.82380998873719;;;;;;;
2021-03-10 15:00:00;8.815607458287479;;;;;;;
2021-03-10 16:00:00;8.807402512742701;;;;;;;
2021-03-10 17:00:00;8.799195156323972;;;;;;;
2021-03-10 18:00:00;8.790985393253639;;;;;;;
2021-03-10 19:00:00;8.782773227755307;;;;;;;
2021-03-10 20:00:00;8.774558664053796;;;;;;;
2021-03-10 21:00:00;8.76634170637518;;;;;;;
2021-03-10 22:00:00;8.758122358946746;;;;;;;
2021-03-10 23:00:00;8.749900625997018;;;;;;;
2021-03-11 00:00:00;8.741676511755752;;;;;;;
2021-03-11 01:00:00;8.73345002045392;;;;;;;
2021-03-11 02:00:00;8.725221156323727;;;;;;;
2021-03-11 03:00:00;8.716989923598595;;;;;;;
2021-03-11 04:00:00;8.708756326513154;;;;;;;
2021-03-11 05:00:00;8.700520369303263;;;;;;;
2021-03-11 06:00:00;8.692282056205995;;;;;;;
2021-03-11 07:00:00;8.684041391459628;;;;;;;
2021-03-11 08:00:00;8.675798379303655;;;;;;;
2021-03-11 09:00:00;8.667553023978778;;;;;;;
2021-03-11 10:00:00;8.659305329726891;;;;;;;
2021-03-11 11:00:00;8.651055300791114;;;;;;;
2021-03-11 12:00:00;8.642802941415747;;;;;;;
2021-03-11 13:00:00;8.634548255846303;;;;;;;
2021-03-11 14:00:00;8.626291248329487;;;;;;;
2021-03-11 15:00:00;8.618031923113193;;;;;;;
2021-03-11 16:00:00;8.609770284446515;;;;;;;
2021-03-11 17:00:00;8.601506336579735;;;;;;;
2021-03-11 18:00:00;8.593240083764325;;;;;;;
2021-03-11 19:00:00;8.584971530252934;;;;;;;
2021-03-11 20:00:00;8.576700680299409;;;;;;;
2021-03-11 21:00:00;8.568427538158762;;;;;;;
2021-03-11 22:00:00;8.560152108087198;;;;;;;
2021-03-11 23:00:00;8.551874394342093;;;;;;;
2021-03-12 00:00:00;8.543594401181997;;;;;;;
2021-03-12 01:00:00;8.535312132866636;;;;;;;
2021-03-12 02:00:00;8.527027593656904;;;;;;;
2021-03-12 03:00:00;8.518740787814865;;;;;;;
2021-03-12 04:00:00;8.510451719603747;;;;;;;
2021-03-12 05:00:00;8.502160393287939;;;;;;;
2021-03-12 06:00:00;8.493866813133002;;;;;;;
2021-03-12 07:00:00;8.48557098340565;;;;;;;
2021-03-12 08:00:00;8.477272908373749;;;;;;;
2021-03-12 09:00:00;8.468972592306331;;;;;;;
2021-03-12 10:00:00;8.460670039473573;;;;;;;
2021-03-12 11:00:00;8.452365254146804;;;;;;;
2021-03-12 12:00:00;8.444058240598507;;;;;;;
2021-03-12 13:00:00;8.435749003102305;;;;;;;
2021-03-12 14:00:00;8.427437545932964;;;;;;;
2021-03-12 15:00:00;8.4191238733664;;;;;;;
2021-03-12 16:00:00;8.410807989679661;;;;;;;
2021-03-12 17:00:00;8.402489899150938;;;;;;;
2021-03-12 18:00:00;8.394169606059556;;;;;;;
2021-03-12 19:00:00;8.385847114685964;;;;;;;
2021-03-12 20:00:00;8.377522429311759;;;;;;;
2021-03-12 21:00:00;8.369195554219651;;;;;;;
2021-03-12 22:00:00;8.360866493693486;;;;;;;
2021-03-12 23:00:00;8.352535252018237;;;;;;;
2021-03-13 00:00:00;8.34420183347998;;;;;;;
2021-03-13 01:00:00;8.335866242365933;;;;;;;
2021-03-13 02:00:00;8.327528482964427;;;;;;;
2021-03-13 03:00:00;8.319188559564896;;;;;;;
2021-03-13 04:00:00;8.310846476457902;;;;;;;
2021-03-13 05:00:00;8.30250223793511;;;;;;;
2021-03-13 06:00:00;8.294155848289293;;;;;;;
2021-03-13 07:00:00;8.285807311814338;;;;;;;
2021-03-13 08:00:00;8.27745663280523;;;;;;;
2021-03-13 09:00:00;8.26910381555806;;;;;;;
2021-03-13 10:00:00;8.260748864370017;;;;;;;
2021-03-13 11:00:00;8.252391783539384;;;;;;;
2021-03-13 12:00:00;8.244032577365546;;;;;;;
2021-03-13 13:00:00;8.235671250148982;;;;;;;
2021-03-13 14:00:00;8.22730780619126;;;;;;;
2021-03-13 15:00:00;8.218942249795028;;;;;;;
2021-03-13 16:00:00;8.21057458526404;;;;;;;
2021-03-13 17:00:00;8.202204816903112;;;;;;;
2021-03-13 18:00:00;8.193832949018166;;;;;;;
2021-03-13 19:00:00;8.185458985916183;;;;;;;
2021-03-13 20:00:00;8.177082931905236;;;;;;;
2021-03-13 21:00:00;8.168704791294466;;;;;;;
2021-03-13 22:00:00;8.160324568394092;;;;;;;
2021-03-13 23:00:00;8.151942267515398;;;;;;;
2021-03-14 00:00:00;8.143557892970751;;;;;;;
2021-03-14 01:00:00;8.135171449073566;;;;;;;
2021-03-14 02:00:00;8.126782940138334;;;;;;;
2021-03-14 03:00:00;8.11839237048061;;;;;;;
2021-03-14 04:00:00;8.109999744417;;;;;;;
2021-03-14 05:00:00;8.10160506626518;;;;;;;
2021-03-14 06:00:00;8.093208340343867;;;;;;;
2021-03-14 07:00:00;8.084809570972844;;;;;;;
2021-03-14 08:00:00;8.07640876247294;;;;;;;
2021-03-14 09:00:00;8.068005919166037;;;;;;;
2021-03-14 10:00:00;8.059601045375057;;;;;;;
2021-03-14 11:00:00;8.051194145423972;;;;;;;
2021-03-14 12:00:00;8.042785223637793;;;;;;;
2021-03-14 13:00:00;8.034374284342574;;;;;;;
2021-03-14 14:00:00;8.025961331865405;;;;;;;
2021-03-14 15:00:00;8.017546370534415;;;;;;;
2021-03-14 16:00:00;8.009129404678763;;;;;;;
2021-03-14 17:00:00;8.000710438628635;;;;;;;
2021-03-14 18:00:00;7.992289476715256;;;;;;;
2021-03-14 19:00:00;7.983866523270875;;;;;;;
2021-03-14 20:00:00;7.975441582628762;;;;;;;
2021-03-14 21:00:00;7.967014659123206;;;;;;;
2021-03-14 22:00:00;7.958585757089526;;;;;;;
2021-03-14 23:00:00;7.950154880864054;;;;;;;
2021-03-15 00:00:00;7.941722034784135;;;;;;;
2021-03-15 01:00:00;7.933287223188134;;;;;;;
2021-03-15 02:00:00;7.924850450415414;;;;;;;
2021-03-15 03:00:00;7.916411720806368;;;;;;;
2021-03-15 04:00:00;7.907971038702374;;;;;;;
2021-03-15 05:00:00;7.899528408445831;;;;;;;
2021-03-15 06:00:00;7.89108383438013;;;;;;;
2021-03-15 07:00:00;7.882637320849664;;;;;;;
2021-03-15 08:00:00;7.87418887219983;;;;;;;
2021-03-15 09:00:00;7.8657384927770115;;;;;;;
2021-03-15 10:00:00;7.8572861869285955;;;;;;;
2021-03-15 11:00:00;7.848831959002944;;;;;;;
2021-03-15 12:00:00;7.840375813349432;;;;;;;
2021-03-15 13:00:00;7.8319177543183915;;;;;;;
2021-03-15 14:00:00;7.823457786261167;;;;;;;
2021-03-15 15:00:00;7.814995913530068;;;;;;;
2021-03-15 16:00:00;7.806532140478383;;;;;;;
2021-03-15 17:00:00;7.798066471460395;;;;;;;
2021-03-15 18:00:00;7.78959891083134;;;;;;;
2021-03-15 19:00:00;7.781129462947445;;;;;;;
2021-03-15 20:00:00;7.772658132165902;;;;;;;
2021-03-15 21:00:00;7.764184922844865;;;;;;;
2021-03-15 22:00:00;7.755709839343462;;;;;;;
2021-03-15 23:00:00;7.747232886021784;;;;;;;
2021-03-16 00:00:00;7.738754067240887;;;;;;;
2021-03-16 01:00:00;7.730273387362781;;;;;;;
2021-03-16 02:00:00;7.721790850750431;;;;;;;
2021-03-16 03:00:00;7.713306461767763;;;;;;;
2021-03-16 04:00:00;7.704820224779661;;;;;;;
2021-03-16 05:00:00;7.696332144151946;;;;;;;
2021-03-16 06:00:00;7.687842224251401;;;;;;;
2021-03-16 07:00:00;7.679350469445746;;;;;;;
2021-03-16 08:00:00;7.670856884103645;;;;;;;
2021-03-16 09:00:00;7.662361472594708;;;;;;;
2021-03-16 10:00:00;7.653864239289493;;;;;;;
2021-03-16 11:00:00;7.645365188559474;;;;;;;
2021-03-16 12:00:00;7.636864324777077;;;;;;;
2021-03-16 13:00:00;7.628361652315649;;;;;;;
2021-03-16 14:00:00;7.619857175549482;;;;;;;
2021-03-16 15:00:00;7.611350898853786;;;;;;;
2021-03-16 16:00:00;7.602842826604697;;;;;;;
2021-03-16 17:00:00;7.594332963179274;;;;;;;
2021-03-16 18:00:00;7.585821312955506;;;;;;;
2021-03-16 19:00:00;7.57730788031229;;;;;;;
2021-03-16 20:00:00;7.56879266962945;;;;;;;
2021-03-16 21:00:00;7.560275685287723;;;;;;;
2021-03-16 22:00:00;7.551756931668748;;;;;;;
2021-03-16 23:00:00;7.543236413155086;;;;;;;
2021-03-17 00:00:00;7.534714134130199;;;;;;;
2021-03-17 01:00:00;7.52619009897846;;;;;;;
2021-03-17 02:00:00;7.517664312085149;;;;;;;
2021-03-17 03:00:00;7.509136777836431;;;;;;;
2021-03-17 04:00:00;7.50060750061938;;;;;;;
2021-03-17 05:00:00;7.492076484821975;;;;;;;
2021-03-17 06:00:00;7.483543734833076;;;;;;;
2021-03-17 07:00:00;7.475009255042446;;;;;;;
2021-03-17 08:00:00;7.466473049840726;;;;;;;
2021-03-17 09:00:00;7.457935123619451;;;;;;;
2021-03-17 10:00:00;7.449395480771046;;;;;;;
2021-03-17 11:00:00;7.440854125688809;;;;;;;
2021-03-17 12:00:00;7.432311062766933;;;;;;;
2021-03-17 13:00:00;7.423766296400476;;;;;;;
2021-03-17 14:00:00;7.415219830985371;;;;;;;
2021-03-17 15:00:00;7.40667167091844;;;;;;;
2021-03-17 16:00:00;7.398121820597371;;;;;;;
2021-03-17 17:00:00;7.389570284420708;;;;;;;
2021-03-17 18:00:00;7.381017066787881;;;;;;;
2021-03-17 19:00:00;7.372462172099179;;;;;;;
2021-03-17 20:00:00;7.363905604755742;;;;;;;
2021-03-17 21:00:00;7.3553473691595945;;;;;;;
2021-03-17 22:00:00;7.346787469713592;;;;;;;
2021-03-17 23:00:00;7.338225910821466;;;;;;;
2021-03-18 00:00:00;7.329662696887795;;;;;;;
2021-03-18 01:00:00;7.321097832318007;;;;;;;
2021-03-18 02:00:00;7.312531321518384;;;;;;;
2021-03-18 03:00:00;7.303963168896051;;;;;;;
2021-03-18 04:00:00;7.295393378858973;;;;;;;
2021-03-18 05:00:00;7.286821955815972;;;;;;;
2021-03-18 06:00:00;7.278248904176697;;;;;;;
2021-03-18 07:00:00;7.269674228351639;;;;;;;
2021-03-18 08:00:00;7.261097932752127;;;;;;;
2021-03-18 09:00:00;7.252520021790313;;;;;;;
2021-03-18 10:00:00;7.243940499879199;;;;;;;
2021-03-18 11:00:00;7.235359371432598;;;;;;;
2021-03-18 12:00:00;7.226776640865159;;;;;;;
2021-03-18 13:00:00;7.21819231259235;;;;;;;
2021-03-18 14:00:00;7.209606391030464;;;;;;;
2021-03-18 15:00:00;7.201018880596613;;;;;;;
2021-03-18 16:00:00;7.192429785708728;;;;;;;
2021-03-18 17:00:00;7.183839110785558;;;;;;;
2021-03-18 18:00:00;7.175246860246649;;;;;;;
2021-03-18 19:00:00;7.16665303851238;;;;;;;
2021-03-18 20:00:00;7.158057650003919;;;;;;;
2021-03-18 21:00:00;7.149460699143254;;;;;;;
2021-03-18 22:00:00;7.140862190353175;;;;;;;
2021-03-18 23:00:00;7.132262128057259;;;;;;;
2021-03-19 00:00:00;7.123660516679898;;;;;;;
2021-03-19 01:00:00;7.11505736064628;;;;;;;
2021-03-19 02:00:00;7.106452664382376;;;;;;;
2021-03-19 03:00:00;7.097846432314966;;;;;;;
2021-03-19 04:00:00;7.089238668871603;;;;;;;
2021-03-19 05:00:00;7.080629378480636;;;;;;;
2021-03-19 06:00:00;7.072018565571208;;;;;;;
2021-03-19 07:00:00;7.063406234573226;;;;;;;
2021-03-19 08:00:00;7.054792389917397;;;;;;;
2021-03-19 09:00:00;7.046177036035196;;;;;;;
2021-03-19 10:00:00;7.037560177358872;;;;;;;
2021-03-19 11:00:00;7.028941818321457;;;;;;;
2021-03-19 12:00:00;7.020321963356754;;;;;;;
2021-03-19 13:00:00;7.011700616899329;;;;;;;
2021-03-19 14:00:00;7.003077783384516;;;;;;;
2021-03-19 15:00:00;6.994453467248425;;;;;;;
2021-03-19 16:00:00;6.98582767292791;;;;;;;
2021-03-19 17:00:00;6.977200404860606;;;;;;;
2021-03-19 18:00:00;6.968571667484892;;;;;;;
2021-03-19 19:00:00;6.959941465239903;;;;;;;
2021-03-19 20:00:00;6.9513098025655395;;;;;;;
2021-03-19 21:00:00;6.942676683902438;;;;;;;
2021-03-19 22:00:00;6.934042113691998;;;;;;;
2021-03-19 23:00:00;6.925406096376361;;;;;;;
2021-03-20 00:00:00;6.9167686363984;;;;;;;
2021-03-20 01:00:00;6.90812973820175;;;;;;;
2021-03-20 02:00:00;6.89948940623078;;;;;;;
2021-03-20 03:00:00;6.890847644930589;;;;;;;
2021-03-20 04:00:00;6.882204458747017;;;;;;;
2021-03-20 05:00:00;6.873559852126635;;;;;;;
2021-03-20 06:00:00;6.864913829516751;;;;;;;
2021-03-20 07:00:00;6.856266395365393;;;;;;;
2021-03-20 08:00:00;6.847617554121322;;;;;;;
2021-03-20 09:00:00;6.838967310234014;;;;;;;
2021-03-20 10:00:00;6.8303156681536805;;;;;;;
2021-03-20 11:00:00;6.821662632331236;;;;;;;
2021-03-20 12:00:00;6.813008207218323;;;;;;;
2021-03-20 13:00:00;6.804352397267303;;;;;;;
2021-03-20 14:00:00;6.7956952069312315;;;;;;;
2021-03-20 15:00:00;6.787036640663895;;;;;;;
2021-03-20 16:00:00;6.778376702919769;;;;;;;
2021-03-20 17:00:00;6.769715398154051;;;;;;;
2021-03-20 18:00:00;6.761052730822638;;;;;;;
2021-03-20 19:00:00;6.752388705382113;;;;;;;
2021-03-20 20:00:00;6.743723326289778;;;;;;;
2021-03-20 21:00:00;6.735056598003623;;;;;;;
2021-03-20 22:00:00;6.726388524982328;;;;;;;
2021-03-20 23:00:00;6.7177191116852715;;;;;;;
2021-03-21 00:00:00;6.709048362572519;;;;;;;
2021-03-21 01:00:00;6.700376282104818;;;;;;;
2021-03-21 02:00:00;6.691702874743613;;;;;;;
2021-03-21 03:00:00;6.6830281449510185;;;;;;;
2021-03-21 04:00:00;6.674352097189839;;;;;;;
2021-03-21 05:00:00;6.665674735923552;;;;;;;
2021-03-21 06:00:00;6.656996065616309;;;;;;;
2021-03-21 07:00:00;6.648316090732938;;;;;;;
2021-03-21 08:00:00;6.639634815738941;;;;;;;
2021-03-21 09:00:00;6.630952245100485;;;;;;;
2021-03-21 10:00:00;6.6222683832844;;;;;;;
2021-03-21 11:00:00;6.613583234758192;;;;;;;
2021-03-21 12:00:00;6.6048968039900116;;;;;;;
2021-03-21 13:00:00;6.596209095448687;;;;;;;
2021-03-21 14:00:00;6.587520113603694;;;;;;;
2021-03-21 15:00:00;6.5788298629251605;;;;;;;
2021-03-21 16:00:00;6.570138347883877;;;;;;;
2021-03-21 17:00:00;6.561445572951276;;;;;;;
2021-03-21 18:00:00;6.552751542599441;;;;;;;
2021-03-21 19:00:00;6.544056261301111;;;;;;;
2021-03-21 20:00:00;6.535359733529645;;;;;;;
2021-03-21 21:00:00;6.526661963759064;;;;;;;
2021-03-21 22:00:00;6.517962956464025;;;;;;;
2021-03-21 23:00:00;6.509262716119812;;;;;;;
2021-03-22 00:00:00;6.5005612472023575;;;;;;;
2021-03-22 01:00:00;6.491858554188211;;;;;;;
2021-03-22 02:00:00;6.483154641554557;;;;;;;
2021-03-22 03:00:00;6.474449513779217;;;;;;;
2021-03-22 04:00:00;6.465743175340624;;;;;;;
2021-03-22 05:00:00;6.4570356307178445;;;;;;;
2021-03-22 06:00:00;6.448326884390557;;;;;;;
2021-03-22 07:00:00;6.439616940839063;;;;;;;
2021-03-22 08:00:00;6.430905804544277;;;;;;;
2021-03-22 09:00:00;6.422193479987735;;;;;;;
2021-03-22 10:00:00;6.413479971651575;;;;;;;
2021-03-22 11:00:00;6.404765284018543;;;;;;;
2021-03-22 12:00:00;6.396049421572004;;;;;;;
2021-03-22 13:00:00;6.3873323887959135;;;;;;;
2021-03-22 14:00:00;6.378614190174839;;;;;;;
2021-03-22 15:00:00;6.369894830193941;;;;;;;
2021-03-22 16:00:00;6.36117431333898;;;;;;;
2021-03-22 17:00:00;6.352452644096315;;;;;;;
2021-03-22 18:00:00;6.343729826952892;;;;;;;
2021-03-22 19:00:00;6.335005866396254;;;;;;;
2021-03-22 20:00:00;6.326280766914526;;;;;;;
2021-03-22 21:00:00;6.317554532996419;;;;;;;
2021-03-22 22:00:00;6.308827169131233;;;;;;;
2021-03-22 23:00:00;6.300098679808849;;;;;;;
2021-03-23 00:00:00;6.291369069519721;;;;;;;
2021-03-23 01:00:00;6.282638342754886;;;;;;;
2021-03-23 02:00:00;6.273906504005947;;;;;;;
2021-03-23 03:00:00;6.265173557765088;;;;;;;
2021-03-23 04:00:00;6.256439508525065;;;;;;;
2021-03-23 05:00:00;6.2477043607791884;;;;;;;
2021-03-23 06:00:00;6.238968119021342;;;;;;;
2021-03-23 07:00:00;6.230230787745974;;;;;;;
2021-03-23 08:00:00;6.221492371448088;;;;;;;
2021-03-23 09:00:00;6.212752874623251;;;;;;;
2021-03-23 10:00:00;6.204012301767588;;;;;;;
2021-03-23 11:00:00;6.195270657377763;;;;;;;
2021-03-23 12:00:00;6.186527945951007;;;;;;;
2021-03-23 13:00:00;6.177784171985092;;;;;;;
2021-03-23 14:00:00;6.1690393399783385;;;;;;;
2021-03-23 15:00:00;6.160293454429621;;;;;;;
2021-03-23 16:00:00;6.151546519838332;;;;;;;
2021-03-23 17:00:00;6.142798540704425;;;;;;;
2021-03-23 18:00:00;6.134049521528389;;;;;;;
2021-03-23 19:00:00;6.125299466811234;;;;;;;
2021-03-23 20:00:00;6.11654838105452;;;;;;;
2021-03-23 21:00:00;6.107796268760326;;;;;;;
2021-03-23 22:00:00;6.099043134431262;;;;;;;
2021-03-23 23:00:00;6.090288982570467;;;;;;;
2021-03-24 00:00:00;6.081533817681595;;;;;;;
2021-03-24 01:00:00;6.072777644268835;;;;;;;
2021-03-24 02:00:00;6.064020466836884;;;;;;;
2021-03-24 03:00:00;6.055262289890953;;;;;;;
2021-03-24 04:00:00;6.046503117936777;;;;;;;
2021-03-24 05:00:00;6.037742955480602;;;;;;;
2021-03-24 06:00:00;6.028981807029177;;;;;;;
2021-03-24 07:00:00;6.020219677089756;;;;;;;
2021-03-24 08:00:00;6.011456570170113;;;;;;;
2021-03-24 09:00:00;6.0026924907785055;;;;;;;
2021-03-24 10:00:00;5.993927443423707;;;;;;;
2021-03-24 11:00:00;5.985161432614984;;;;;;;
2021-03-24 12:00:00;5.976394462862087;;;;;;;
2021-03-24 13:00:00;5.967626538675285;;;;;;;
2021-03-24 14:00:00;5.9588576645653095;;;;;;;
2021-03-24 15:00:00;5.9500878450434005;;;;;;;
2021-03-24 16:00:00;5.941317084621283;;;;;;;
2021-03-24 17:00:00;5.9325453878111505;;;;;;;
2021-03-24 18:00:00;5.923772759125696;;;;;;;
2021-03-24 19:00:00;5.914999203078086;;;;;;;
2021-03-24 20:00:00;5.906224724181957;;;;;;;
2021-03-24 21:00:00;5.8974493269514365;;;;;;;
2021-03-24 22:00:00;5.8886730159011025;;;;;;;
2021-03-24 23:00:00;5.8798957955460205;;;;;;;
2021-03-25 00:00:00;5.871117670401718;;;;;;;
2021-03-25 01:00:00;5.862338644984187;;;;;;;
2021-03-25 02:00:00;5.853558723809886;;;;;;;
2021-03-25 03:00:00;5.844777911395733;;;;;;;
2021-03-25 04:00:00;5.835996212259098;;;;;;;
2021-03-25 05:00:00;5.827213630917815;;;;;;;
2021-03-25 06:00:00;5.818430171890176;;;;;;;
2021-03-25 07:00:00;5.8096458396949116;;;;;;;
2021-03-25 08:00:00;5.80086063885121;;;;;;;
2021-03-25 09:00:00;5.7920745738787005;;;;;;;
2021-03-25 10:00:00;5.783287649297467;;;;;;;
2021-03-25 11:00:00;5.774499869628028;;;;;;;
2021-03-25 12:00:00;5.765711239391345;;;;;;;
2021-03-25 13:00:00;5.756921763108809;;;;;;;
2021-03-25 14:00:00;5.748131445302261;;;;;;;
2021-03-25 15:00:00;5.739340290493959;;;;;;;
2021-03-25 16:00:00;5.730548303206608;;;;;;;
2021-03-25 17:00:00;5.721755487963327;;;;;;;
2021-03-25 18:00:00;5.712961849287665;;;;;;;
2021-03-25 19:00:00;5.704167391703602;;;;;;;
2021-03-25 20:00:00;5.695372119735528;;;;;;;
2021-03-25 21:00:00;5.686576037908262;;;;;;;
2021-03-25 22:00:00;5.677779150747033;;;;;;;
2021-03-25 23:00:00;5.668981462777484;;;;;;;
2021-03-26 00:00:00;5.660182978525675;;;;;;;
2021-03-26 01:00:00;5.651383702518077;;;;;;;
2021-03-26 02:00:00;5.642583639281559;;;;;;;
2021-03-26 03:00:00;5.633782793343399;;;;;;;
2021-03-26 04:00:00;5.624981169231286;;;;;;;
2021-03-26 05:00:00;5.616178771473296;;;;;;;
2021-03-26 06:00:00;5.607375604597913;;;;;;;
2021-03-26 07:00:00;5.598571673134014;;;;;;;
2021-03-26 08:00:00;5.589766981610861;;;;;;;
2021-03-26 09:00:00;5.580961534558124;;;;;;;
2021-03-26 10:00:00;5.572155336505845;;;;;;;
2021-03-26 11:00:00;5.563348391984464;;;;;;;
2021-03-26 12:00:00;5.554540705524802;;;;;;;
2021-03-26 13:00:00;5.545732281658055;;;;;;;
2021-03-26 14:00:00;5.536923124915804;;;;;;;
2021-03-26 15:00:00;5.528113239830011;;;;;;;
2021-03-26 16:00:00;5.519302630933003;;;;;;;
2021-03-26 17:00:00;5.510491302757496;;;;;;;
2021-03-26 18:00:00;5.501679259836549;;;;;;;
2021-03-26 19:00:00;5.492866506703613;;;;;;;
2021-03-26 20:00:00;5.484053047892497;;;;;;;
2021-03-26 21:00:00;5.475238887937366;;;;;;;
2021-03-26 22:00:00;5.466424031372759;;;;;;;
2021-03-26 23:00:00;5.457608482733562;;;;;;;
2021-03-27 00:00:00;5.448792246555019;;;;;;;
2021-03-27 01:00:00;5.439975327372731;;;;;;;
2021-03-27 02:00:00;5.431157729722655;;;;;;;
2021-03-27 03:00:00;5.422339458141085;;;;;;;
2021-03-27 04:00:00;5.41352051716467;;;;;;;
2021-03-27 05:00:00;5.404700911330397;;;;;;;
2021-03-27 06:00:00;5.395880645175604;;;;;;;
2021-03-27 07:00:00;5.387059723237964;;;;;;;
2021-03-27 08:00:00;5.378238150055487;;;;;;;
2021-03-27 09:00:00;5.3694159301665145;;;;;;;
2021-03-27 10:00:00;5.360593068109731;;;;;;;
2021-03-27 11:00:00;5.351769568424139;;;;;;;
2021-03-27 12:00:00;5.342945435649076;;;;;;;
2021-03-27 13:00:00;5.334120674324214;;;;;;;
2021-03-27 14:00:00;5.3252952889895235;;;;;;;
2021-03-27 15:00:00;5.316469284185321;;;;;;;
2021-03-27 16:00:00;5.307642664452226;;;;;;;
2021-03-27 17:00:00;5.298815434331184;;;;;;;
2021-03-27 18:00:00;5.289987598363455;;;;;;;
2021-03-27 19:00:00;5.281159161090595;;;;;;;
2021-03-27 20:00:00;5.272330127054488;;;;;;;
2021-03-27 21:00:00;5.263500500797318;;;;;;;
2021-03-27 22:00:00;5.25467028686157;;;;;;;
2021-03-27 23:00:00;5.245839489790041;;;;;;;
2021-03-28 00:00:00;5.237008114125815;;;;;;;
2021-03-28 01:00:00;5.228176164412281;;;;;;;
2021-03-28 02:00:00;5.219343645193128;;;;;;;
2021-03-28 03:00:00;5.210510561012325;;;;;;;
2021-03-28 04:00:00;5.201676916414147;;;;;;;
2021-03-28 05:00:00;5.192842715943147;;;;;;;
2021-03-28 06:00:00;5.184007964144163;;;;;;;
2021-03-28 07:00:00;5.175172665562322;;;;;;;
2021-03-28 08:00:00;5.166336824743037;;;;;;;
2021-03-28 09:00:00;5.157500446231987;;;;;;;
2021-03-28 10:00:00;5.148663534575133;;;;;;;
2021-03-28 11:00:00;5.139826094318717;;;;;;;
2021-03-28 12:00:00;5.130988130009241;;;;;;;
2021-03-28 13:00:00;5.122149646193489;;;;;;;
2021-03-28 14:00:00;5.113310647418504;;;;;;;
2021-03-28 15:00:00;5.1044711382315935;;;;;;;
2021-03-28 16:00:00;5.095631123180335;;;;;;;
2021-03-28 17:00:00;5.086790606812557;;;;;;;
2021-03-28 18:00:00;5.077949593676355;;;;;;;
2021-03-28 19:00:00;5.069108088320072;;;;;;;
2021-03-28 20:00:00;5.060266095292306;;;;;;;
2021-03-28 21:00:00;5.051423619141912;;;;;;;
2021-03-28 22:00:00;5.042580664417989;;;;;;;
2021-03-28 23:00:00;5.033737235669881;;;;;;;
2021-03-29 00:00:00;5.024893337447177;;;;;;;
2021-03-29 01:00:00;5.0160489742997045;;;;;;;
2021-03-29 02:00:00;5.007204150777538;;;;;;;
2021-03-29 03:00:00;4.998358871430987;;;;;;;
2021-03-29 04:00:00;4.989513140810586;;;;;;;
2021-03-29 05:00:00;4.980666963467109;;;;;;;
2021-03-29 06:00:00;4.971820343951566;;;;;;;
2021-03-29 07:00:00;4.9629732868151795;;;;;;;
2021-03-29 08:00:00;4.954125796609409;;;;;;;
2021-03-29 09:00:00;4.945277877885939;;;;;;;
2021-03-29 10:00:00;4.936429535196657;;;;;;;
2021-03-29 11:00:00;4.927580773093691;;;;;;;
2021-03-29 12:00:00;4.918731596129365;;;;;;;
2021-03-29 13:00:00;4.90988200885623;;;;;;;
2021-03-29 14:00:00;4.901032015827048;;;;;;;
2021-03-29 15:00:00;4.8921816215947755;;;;;;;
2021-03-29 16:00:00;4.883330830712591;;;;;;;
2021-03-29 17:00:00;4.874479647733872;;;;;;;
2021-03-29 18:00:00;4.865628077212194;;;;;;;
2021-03-29 19:00:00;4.856776123701338;;;;;;;
2021-03-29 20:00:00;4.847923791755278;;;;;;;
2021-03-29 21:00:00;4.83907108592818;;;;;;;
2021-03-29 22:00:00;4.830218010774411;;;;;;;
2021-03-29 23:00:00;4.821364570848518;;;;;;;
2021-03-30 00:00:00;4.812510770705245;;;;;;;
2021-03-30 01:00:00;4.803656614899517;;;;;;;
2021-03-30 02:00:00;4.794802107986436;;;;;;;
2021-03-30 03:00:00;4.785947254521293;;;;;;;
2021-03-30 04:00:00;4.777092059059561;;;;;;;
2021-03-30 05:00:00;4.768236526156877;;;;;;;
2021-03-30 06:00:00;4.759380660369056;;;;;;;
2021-03-30 07:00:00;4.750524466252091;;;;;;;
2021-03-30 08:00:00;4.741667948362132;;;;;;;
2021-03-30 09:00:00;4.732811111255507;;;;;;;
2021-03-30 10:00:00;4.723953959488703;;;;;;;
2021-03-30 11:00:00;4.715096497618365;;;;;;;
2021-03-30 12:00:00;4.7062387302013065;;;;;;;
2021-03-30 13:00:00;4.697380661794489;;;;;;;
2021-03-30 14:00:00;4.688522296955036;;;;;;;
2021-03-30 15:00:00;4.679663640240227;;;;;;;
2021-03-30 16:00:00;4.6708046962074725;;;;;;;
2021-03-30 17:00:00;4.661945469414349;;;;;;;
2021-03-30 18:00:00;4.653085964418578;;;;;;;
2021-03-30 19:00:00;4.644226185778013;;;;;;;
2021-03-30 20:00:00;4.635366138050662;;;;;;;
2021-03-30 21:00:00;4.626505825794654;;;;;;;
2021-03-30 22:00:00;4.617645253568269;;;;;;;
2021-03-30 23:00:00;4.60878442592992;;;;;;;
2021-03-31 00:00:00;4.599923347438139;;;;;;;
2021-03-31 01:00:00;4.591062022651603;;;;;;;
2021-03-31 02:00:00;4.582200456129105;;;;;;;
2021-03-31 03:00:00;4.5733386524295625;;;;;;;
2021-03-31 04:00:00;4.564476616112021;;;;;;;
2021-03-31 05:00:00;4.5556143517356436;;;;;;;
2021-03-31 06:00:00;4.546751863859709;;;;;;;
2021-03-31 07:00:00;4.53788915704361;;;;;;;
2021-03-31 08:00:00;4.529026235846853;;;;;;;
2021-03-31 09:00:00;4.520163104829055;;;;;;;
2021-03-31 10:00:00;4.5112997685499465;;;;;;;
2021-03-31 11:00:00;4.502436231569355;;;;;;;
2021-03-31 12:00:00;4.493572498447213;;;;;;;
2021-03-31 13:00:00;4.484708573743557;;;;;;;
2021-03-31 14:00:00;4.475844462018519;;;;;;;
2021-03-31 15:00:00;4.466980167832333;;;;;;;
2021-03-31 16:00:00;4.45811569574532;;;;;;;
2021-03-31 17:00:00;4.449251050317892;;;;;;;
2021-03-31 18:00:00;4.440386236110559;;;;;;;
2021-03-31 19:00:00;4.431521257683908;;;;;;;
2021-03-31 20:00:00;4.422656119598619;;;;;;;
2021-03-31 21:00:00;4.413790826415447;;;;;;;
2021-03-31 22:00:00;4.404925382695226;;;;;;;
2021-03-31 23:00:00;4.396059792998876;;;;;;;
2021-04-01 00:00:00;4.387194061887388;;;;;;;
2021-04-01 01:00:00;4.378328193921822;;;;;;;
2021-04-01 02:00:00;4.369462193663311;;;;;;;
2021-04-01 03:00:00;4.360596065673059;;;;;;;
2021-04-01 04:00:00;4.35172981451233;;;;;;;
2021-04-01 05:00:00;4.342863444742458;;;;;;;
2021-04-01 06:00:00;4.333996960924832;;;;;;;
2021-04-01 07:00:00;4.3251303676209005;;;;;;;
2021-04-01 08:00:00;4.316263669392176;;;;;;;
2021-04-01 09:00:00;4.30739687080021;;;;;;;
2021-04-01 10:00:00;4.29852997640662;;;;;;;
2021-04-01 11:00:00;4.289662990773074;;;;;;;
2021-04-01 12:00:00;4.2807959184612665;;;;;;;
2021-04-01 13:00:00;4.271928764032958;;;;;;;
2021-04-01 14:00:00;4.263061532049945;;;;;;;
2021-04-01 15:00:00;4.2541942270740565;;;;;;;
2021-04-01 16:00:00;4.245326853667173;;;;;;;
2021-04-01 17:00:00;4.236459416391198;;;;;;;
2021-04-01 18:00:00;4.22759191980807;;;;;;;
2021-04-01 19:00:00;4.218724368479764;;;;;;;
2021-04-01 20:00:00;4.209856766968276;;;;;;;
2021-04-01 21:00:00;4.2009891198356355;;;;;;;
2021-04-01 22:00:00;4.192121431643888;;;;;;;
2021-04-01 23:00:00;4.183253706955102;;;;;;;
2021-04-02 00:00:00;4.174385950331367;;;;;;;
2021-04-02 01:00:00;4.165518166334792;;;;;;;
2021-04-02 02:00:00;4.156650359527493;;;;;;;
2021-04-02 03:00:00;4.147782534471598;;;;;;;
2021-04-02 04:00:00;4.138914695729252;;;;;;;
2021-04-02 05:00:00;4.130046847862597;;;;;;;
2021-04-02 06:00:00;4.121178995433791;;;;;;;
2021-04-02 07:00:00;4.121178995433791;;;;;;;
2021-04-02 08:00:00;4.121178995433791;;;;;;;
2021-04-02 09:00:00;4.121178995433791;;;;;;;
2021-04-02 10:00:00;4.121178995433791;;;;;;;
2021-04-02 11:00:00;4.121178995433791;;;;;;;
2021-04-02 12:00:00;4.121178995433791;;;;;;;
2021-04-02 13:00:00;4.121178995433791;;;;;;;
2021-04-02 14:00:00;4.121178995433791;;;;;;;
2021-04-02 15:00:00;4.121178995433791;;;;;;;
2021-04-02 16:00:00;4.121178995433791;;;;;;;
2021-04-02 17:00:00;4.121178995433791;;;;;;;
2021-04-02 18:00:00;4.121178995433791;;;;;;;
2021-04-02 19:00:00;4.121178995433791;;;;;;;
2021-04-02 20:00:00;4.121178995433791;;;;;;;
2021-04-02 21:00:00;4.121178995433791;;;;;;;
2021-04-02 22:00:00;4.121178995433791;;;;;;;
2021-04-02 23:00:00;4.121178995433791;;;;;;;
2021-04-03 00:00:00;4.121178995433791;;;;;;;
2021-04-03 01:00:00;4.121178995433791;;;;;;;
2021-04-03 02:00:00;4.121178995433791;;;;;;;
2021-04-03 03:00:00;4.121178995433791;;;;;;;
2021-04-03 04:00:00;4.121178995433791;;;;;;;
2021-04-03 05:00:00;4.121178995433791;;;;;;;
2021-04-03 06:00:00;4.121178995433791;;;;;;;
2021-04-03 07:00:00;4.121178995433791;;;;;;;
2021-04-03 08:00:00;4.121178995433791;;;;;;;
2021-04-03 09:00:00;4.121178995433791;;;;;;;
2021-04-03 10:00:00;4.121178995433791;;;;;;;
2021-04-03 11:00:00;4.121178995433791;;;;;;;
2021-04-03 12:00:00;4.121178995433791;;;;;;;
2021-04-03 13:00:00;4.121178995433791;;;;;;;
2021-04-03 14:00:00;4.121178995433791;;;;;;;
2021-04-03 15:00:00;4.121178995433791;;;;;;;
2021-04-03 16:00:00;4.121178995433791;;;;;;;
2021-04-03 17:00:00;4.121178995433791;;;;;;;
2021-04-03 18:00:00;4.121178995433791;;;;;;;
2021-04-03 19:00:00;4.121178995433791;;;;;;;
2021-04-03 20:00:00;4.121178995433791;;;;;;;
2021-04-03 21:00:00;4.121178995433791;;;;;;;
2021-04-03 22:00:00;4.121178995433791;;;;;;;
2021-04-03 23:00:00;4.121178995433791;;;;;;;
2021-04-04 00:00:00;4.121178995433791;;;;;;;
2021-04-04 01:00:00;4.121178995433791;;;;;;;
2021-04-04 02:00:00;4.121178995433791;;;;;;;
2021-04-04 03:00:00;4.121178995433791;;;;;;;
2021-04-04 04:00:00;4.121178995433791;;;;;;;
2021-04-04 05:00:00;4.121178995433791;;;;;;;
2021-04-04 06:00:00;4.121178995433791;;;;;;;
2021-04-04 07:00:00;4.121178995433791;;;;;;;
2021-04-04 08:00:00;4.121178995433791;;;;;;;
2021-04-04 09:00:00;4.121178995433791;;;;;;;
2021-04-04 10:00:00;4.121178995433791;;;;;;;
2021-04-04 11:00:00;4.121178995433791;;;;;;;
2021-04-04 12:00:00;4.121178995433791;;;;;;;
2021-04-04 13:00:00;4.121178995433791;;;;;;;
2021-04-04 14:00:00;4.121178995433791;;;;;;;
2021-04-04 15:00:00;4.121178995433791;;;;;;;
2021-04-04 16:00:00;4.121178995433791;;;;;;;
2021-04-04 17:00:00;4.121178995433791;;;;;;;
2021-04-04 18:00:00;4.121178995433791;;;;;;;
2021-04-04 19:00:00;4.121178995433791;;;;;;;
2021-04-04 20:00:00;4.121178995433791;;;;;;;
2021-04-04 21:00:00;4.121178995433791;;;;;;;
2021-04-04 22:00:00;4.121178995433791;;;;;;;
2021-04-04 23:00:00;4.121178995433791;;;;;;;
2021-04-05 00:00:00;4.121178995433791;;;;;;;
2021-04-05 01:00:00;4.121178995433791;;;;;;;
2021-04-05 02:00:00;4.121178995433791;;;;;;;
2021-04-05 03:00:00;4.121178995433791;;;;;;;
2021-04-05 04:00:00;4.121178995433791;;;;;;;
2021-04-05 05:00:00;4.121178995433791;;;;;;;
2021-04-05 06:00:00;4.121178995433791;;;;;;;
2021-04-05 07:00:00;4.121178995433791;;;;;;;
2021-04-05 08:00:00;4.121178995433791;;;;;;;
2021-04-05 09:00:00;4.121178995433791;;;;;;;
2021-04-05 10:00:00;4.121178995433791;;;;;;;
2021-04-05 11:00:00;4.121178995433791;;;;;;;
2021-04-05 12:00:00;4.121178995433791;;;;;;;
2021-04-05 13:00:00;4.121178995433791;;;;;;;
2021-04-05 14:00:00;4.121178995433791;;;;;;;
2021-04-05 15:00:00;4.121178995433791;;;;;;;
2021-04-05 16:00:00;4.121178995433791;;;;;;;
2021-04-05 17:00:00;4.121178995433791;;;;;;;
2021-04-05 18:00:00;4.121178995433791;;;;;;;
2021-04-05 19:00:00;4.121178995433791;;;;;;;
2021-04-05 20:00:00;4.121178995433791;;;;;;;
2021-04-05 21:00:00;4.121178995433791;;;;;;;
2021-04-05 22:00:00;4.121178995433791;;;;;;;
2021-04-05 23:00:00;4.121178995433791;;;;;;;
2021-04-06 00:00:00;4.121178995433791;;;;;;;
2021-04-06 01:00:00;4.121178995433791;;;;;;;
2021-04-06 02:00:00;4.121178995433791;;;;;;;
2021-04-06 03:00:00;4.121178995433791;;;;;;;
2021-04-06 04:00:00;4.121178995433791;;;;;;;
2021-04-06 05:00:00;4.121178995433791;;;;;;;
2021-04-06 06:00:00;4.121178995433791;;;;;;;
2021-04-06 07:00:00;4.121178995433791;;;;;;;
2021-04-06 08:00:00;4.121178995433791;;;;;;;
2021-04-06 09:00:00;4.121178995433791;;;;;;;
2021-04-06 10:00:00;4.121178995433791;;;;;;;
2021-04-06 11:00:00;4.121178995433791;;;;;;;
2021-04-06 12:00:00;4.121178995433791;;;;;;;
2021-04-06 13:00:00;4.121178995433791;;;;;;;
2021-04-06 14:00:00;4.121178995433791;;;;;;;
2021-04-06 15:00:00;4.121178995433791;;;;;;;
2021-04-06 16:00:00;4.121178995433791;;;;;;;
2021-04-06 17:00:00;4.121178995433791;;;;;;;
2021-04-06 18:00:00;4.121178995433791;;;;;;;
2021-04-06 19:00:00;4.121178995433791;;;;;;;
2021-04-06 20:00:00;4.121178995433791;;;;;;;
2021-04-06 21:00:00;4.121178995433791;;;;;;;
2021-04-06 22:00:00;4.121178995433791;;;;;;;
2021-04-06 23:00:00;4.121178995433791;;;;;;;
2021-04-07 00:00:00;4.121178995433791;;;;;;;
2021-04-07 01:00:00;4.121178995433791;;;;;;;
2021-04-07 02:00:00;4.121178995433791;;;;;;;
2021-04-07 03:00:00;4.121178995433791;;;;;;;
2021-04-07 04:00:00;4.121178995433791;;;;;;;
2021-04-07 05:00:00;4.121178995433791;;;;;;;
2021-04-07 06:00:00;4.121178995433791;;;;;;;
2021-04-07 07:00:00;4.121178995433791;;;;;;;
2021-04-07 08:00:00;4.121178995433791;;;;;;;
2021-04-07 09:00:00;4.121178995433791;;;;;;;
2021-04-07 10:00:00;4.121178995433791;;;;;;;
2021-04-07 11:00:00;4.121178995433791;;;;;;;
2021-04-07 12:00:00;4.121178995433791;;;;;;;
2021-04-07 13:00:00;4.121178995433791;;;;;;;
2021-04-07 14:00:00;4.121178995433791;;;;;;;
2021-04-07 15:00:00;4.121178995433791;;;;;;;
2021-04-07 16:00:00;4.121178995433791;;;;;;;
2021-04-07 17:00:00;4.121178995433791;;;;;;;
2021-04-07 18:00:00;4.121178995433791;;;;;;;
2021-04-07 19:00:00;4.121178995433791;;;;;;;
2021-04-07 20:00:00;4.121178995433791;;;;;;;
2021-04-07 21:00:00;4.121178995433791;;;;;;;
2021-04-07 22:00:00;4.121178995433791;;;;;;;
2021-04-07 23:00:00;4.121178995433791;;;;;;;
2021-04-08 00:00:00;4.121178995433791;;;;;;;
2021-04-08 01:00:00;4.121178995433791;;;;;;;
2021-04-08 02:00:00;4.121178995433791;;;;;;;
2021-04-08 03:00:00;4.121178995433791;;;;;;;
2021-04-08 04:00:00;4.121178995433791;;;;;;;
2021-04-08 05:00:00;4.121178995433791;;;;;;;
2021-04-08 06:00:00;4.121178995433791;;;;;;;
2021-04-08 07:00:00;4.121178995433791;;;;;;;
2021-04-08 08:00:00;4.121178995433791;;;;;;;
2021-04-08 09:00:00;4.121178995433791;;;;;;;
2021-04-08 10:00:00;4.121178995433791;;;;;;;
2021-04-08 11:00:00;4.121178995433791;;;;;;;
2021-04-08 12:00:00;4.121178995433791;;;;;;;
2021-04-08 13:00:00;4.121178995433791;;;;;;;
2021-04-08 14:00:00;4.121178995433791;;;;;;;
2021-04-08 15:00:00;4.121178995433791;;;;;;;
2021-04-08 16:00:00;4.121178995433791;;;;;;;
2021-04-08 17:00:00;4.121178995433791;;;;;;;
2021-04-08 18:00:00;4.121178995433791;;;;;;;
2021-04-08 19:00:00;4.121178995433791;;;;;;;
2021-04-08 20:00:00;4.121178995433791;;;;;;;
2021-04-08 21:00:00;4.121178995433791;;;;;;;
2021-04-08 22:00:00;4.121178995433791;;;;;;;
2021-04-08 23:00:00;4.121178995433791;;;;;;;
2021-04-09 00:00:00;4.121178995433791;;;;;;;
2021-04-09 01:00:00;4.121178995433791;;;;;;;
2021-04-09 02:00:00;4.121178995433791;;;;;;;
2021-04-09 03:00:00;4.121178995433791;;;;;;;
2021-04-09 04:00:00;4.121178995433791;;;;;;;
2021-04-09 05:00:00;4.121178995433791;;;;;;;
2021-04-09 06:00:00;4.121178995433791;;;;;;;
2021-04-09 07:00:00;4.121178995433791;;;;;;;
2021-04-09 08:00:00;4.121178995433791;;;;;;;
2021-04-09 09:00:00;4.121178995433791;;;;;;;
2021-04-09 10:00:00;4.121178995433791;;;;;;;
2021-04-09 11:00:00;4.121178995433791;;;;;;;
2021-04-09 12:00:00;4.121178995433791;;;;;;;
2021-04-09 13:00:00;4.121178995433791;;;;;;;
2021-04-09 14:00:00;4.121178995433791;;;;;;;
2021-04-09 15:00:00;4.121178995433791;;;;;;;
2021-04-09 16:00:00;4.121178995433791;;;;;;;
2021-04-09 17:00:00;4.121178995433791;;;;;;;
2021-04-09 18:00:00;4.121178995433791;;;;;;;
2021-04-09 19:00:00;4.121178995433791;;;;;;;
2021-04-09 20:00:00;4.121178995433791;;;;;;;
2021-04-09 21:00:00;4.121178995433791;;;;;;;
2021-04-09 22:00:00;4.121178995433791;;;;;;;
2021-04-09 23:00:00;4.121178995433791;;;;;;;
2021-04-10 00:00:00;4.121178995433791;;;;;;;
2021-04-10 01:00:00;4.121178995433791;;;;;;;
2021-04-10 02:00:00;4.121178995433791;;;;;;;
2021-04-10 03:00:00;4.121178995433791;;;;;;;
2021-04-10 04:00:00;4.121178995433791;;;;;;;
2021-04-10 05:00:00;4.121178995433791;;;;;;;
2021-04-10 06:00:00;4.121178995433791;;;;;;;
2021-04-10 07:00:00;4.121178995433791;;;;;;;
2021-04-10 08:00:00;4.121178995433791;;;;;;;
2021-04-10 09:00:00;4.121178995433791;;;;;;;
2021-04-10 10:00:00;4.121178995433791;;;;;;;
2021-04-10 11:00:00;4.121178995433791;;;;;;;
2021-04-10 12:00:00;4.121178995433791;;;;;;;
2021-04-10 13:00:00;4.121178995433791;;;;;;;
2021-04-10 14:00:00;4.121178995433791;;;;;;;
2021-04-10 15:00:00;4.121178995433791;;;;;;;
2021-04-10 16:00:00;4.121178995433791;;;;;;;
2021-04-10 17:00:00;4.121178995433791;;;;;;;
2021-04-10 18:00:00;4.121178995433791;;;;;;;
2021-04-10 19:00:00;4.121178995433791;;;;;;;
2021-04-10 20:00:00;4.121178995433791;;;;;;;
2021-04-10 21:00:00;4.121178995433791;;;;;;;
2021-04-10 22:00:00;4.121178995433791;;;;;;;
2021-04-10 23:00:00;4.121178995433791;;;;;;;
2021-04-11 00:00:00;4.121178995433791;;;;;;;
2021-04-11 01:00:00;4.121178995433791;;;;;;;
2021-04-11 02:00:00;4.121178995433791;;;;;;;
2021-04-11 03:00:00;4.121178995433791;;;;;;;
2021-04-11 04:00:00;4.121178995433791;;;;;;;
2021-04-11 05:00:00;4.121178995433791;;;;;;;
2021-04-11 06:00:00;4.121178995433791;;;;;;;
2021-04-11 07:00:00;4.121178995433791;;;;;;;
2021-04-11 08:00:00;4.121178995433791;;;;;;;
2021-04-11 09:00:00;4.121178995433791;;;;;;;
2021-04-11 10:00:00;4.121178995433791;;;;;;;
2021-04-11 11:00:00;4.121178995433791;;;;;;;
2021-04-11 12:00:00;4.121178995433791;;;;;;;
2021-04-11 13:00:00;4.121178995433791;;;;;;;
2021-04-11 14:00:00;4.121178995433791;;;;;;;
2021-04-11 15:00:00;4.121178995433791;;;;;;;
2021-04-11 16:00:00;4.121178995433791;;;;;;;
2021-04-11 17:00:00;4.121178995433791;;;;;;;
2021-04-11 18:00:00;4.121178995433791;;;;;;;
2021-04-11 19:00:00;4.121178995433791;;;;;;;
2021-04-11 20:00:00;4.121178995433791;;;;;;;
2021-04-11 21:00:00;4.121178995433791;;;;;;;
2021-04-11 22:00:00;4.121178995433791;;;;;;;
2021-04-11 23:00:00;4.121178995433791;;;;;;;
2021-04-12 00:00:00;4.121178995433791;;;;;;;
2021-04-12 01:00:00;4.121178995433791;;;;;;;
2021-04-12 02:00:00;4.121178995433791;;;;;;;
2021-04-12 03:00:00;4.121178995433791;;;;;;;
2021-04-12 04:00:00;4.121178995433791;;;;;;;
2021-04-12 05:00:00;4.121178995433791;;;;;;;
2021-04-12 06:00:00;4.121178995433791;;;;;;;
2021-04-12 07:00:00;4.121178995433791;;;;;;;
2021-04-12 08:00:00;4.121178995433791;;;;;;;
2021-04-12 09:00:00;4.121178995433791;;;;;;;
2021-04-12 10:00:00;4.121178995433791;;;;;;;
2021-04-12 11:00:00;4.121178995433791;;;;;;;
2021-04-12 12:00:00;4.121178995433791;;;;;;;
2021-04-12 13:00:00;4.121178995433791;;;;;;;
2021-04-12 14:00:00;4.121178995433791;;;;;;;
2021-04-12 15:00:00;4.121178995433791;;;;;;;
2021-04-12 16:00:00;4.121178995433791;;;;;;;
2021-04-12 17:00:00;4.121178995433791;;;;;;;
2021-04-12 18:00:00;4.121178995433791;;;;;;;
2021-04-12 19:00:00;4.121178995433791;;;;;;;
2021-04-12 20:00:00;4.121178995433791;;;;;;;
2021-04-12 21:00:00;4.121178995433791;;;;;;;
2021-04-12 22:00:00;4.121178995433791;;;;;;;
2021-04-12 23:00:00;4.121178995433791;;;;;;;
2021-04-13 00:00:00;4.121178995433791;;;;;;;
2021-04-13 01:00:00;4.121178995433791;;;;;;;
2021-04-13 02:00:00;4.121178995433791;;;;;;;
2021-04-13 03:00:00;4.121178995433791;;;;;;;
2021-04-13 04:00:00;4.121178995433791;;;;;;;
2021-04-13 05:00:00;4.121178995433791;;;;;;;
2021-04-13 06:00:00;4.121178995433791;;;;;;;
2021-04-13 07:00:00;4.121178995433791;;;;;;;
2021-04-13 08:00:00;4.121178995433791;;;;;;;
2021-04-13 09:00:00;4.121178995433791;;;;;;;
2021-04-13 10:00:00;4.121178995433791;;;;;;;
2021-04-13 11:00:00;4.121178995433791;;;;;;;
2021-04-13 12:00:00;4.121178995433791;;;;;;;
2021-04-13 13:00:00;4.121178995433791;;;;;;;
2021-04-13 14:00:00;4.121178995433791;;;;;;;
2021-04-13 15:00:00;4.121178995433791;;;;;;;
2021-04-13 16:00:00;4.121178995433791;;;;;;;
2021-04-13 17:00:00;4.121178995433791;;;;;;;
2021-04-13 18:00:00;4.121178995433791;;;;;;;
2021-04-13 19:00:00;4.121178995433791;;;;;;;
2021-04-13 20:00:00;4.121178995433791;;;;;;;
2021-04-13 21:00:00;4.121178995433791;;;;;;;
2021-04-13 22:00:00;4.121178995433791;;;;;;;
2021-04-13 23:00:00;4.121178995433791;;;;;;;
2021-04-14 00:00:00;4.121178995433791;;;;;;;
2021-04-14 01:00:00;4.121178995433791;;;;;;;
2021-04-14 02:00:00;4.121178995433791;;;;;;;
2021-04-14 03:00:00;4.121178995433791;;;;;;;
2021-04-14 04:00:00;4.121178995433791;;;;;;;
2021-04-14 05:00:00;4.121178995433791;;;;;;;
2021-04-14 06:00:00;4.121178995433791;;;;;;;
2021-04-14 07:00:00;4.121178995433791;;;;;;;
2021-04-14 08:00:00;4.121178995433791;;;;;;;
2021-04-14 09:00:00;4.121178995433791;;;;;;;
2021-04-14 10:00:00;4.121178995433791;;;;;;;
2021-04-14 11:00:00;4.121178995433791;;;;;;;
2021-04-14 12:00:00;4.121178995433791;;;;;;;
2021-04-14 13:00:00;4.121178995433791;;;;;;;
2021-04-14 14:00:00;4.121178995433791;;;;;;;
2021-04-14 15:00:00;4.121178995433791;;;;;;;
2021-04-14 16:00:00;4.121178995433791;;;;;;;
2021-04-14 17:00:00;4.121178995433791;;;;;;;
2021-04-14 18:00:00;4.121178995433791;;;;;;;
2021-04-14 19:00:00;4.121178995433791;;;;;;;
2021-04-14 20:00:00;4.121178995433791;;;;;;;
2021-04-14 21:00:00;4.121178995433791;;;;;;;
2021-04-14 22:00:00;4.121178995433791;;;;;;;
2021-04-14 23:00:00;4.121178995433791;;;;;;;
2021-04-15 00:00:00;4.121178995433791;;;;;;;
2021-04-15 01:00:00;4.121178995433791;;;;;;;
2021-04-15 02:00:00;4.121178995433791;;;;;;;
2021-04-15 03:00:00;4.121178995433791;;;;;;;
2021-04-15 04:00:00;4.121178995433791;;;;;;;
2021-04-15 05:00:00;4.121178995433791;;;;;;;
2021-04-15 06:00:00;4.121178995433791;;;;;;;
2021-04-15 07:00:00;4.121178995433791;;;;;;;
2021-04-15 08:00:00;4.121178995433791;;;;;;;
2021-04-15 09:00:00;4.121178995433791;;;;;;;
2021-04-15 10:00:00;4.121178995433791;;;;;;;
2021-04-15 11:00:00;4.121178995433791;;;;;;;
2021-04-15 12:00:00;4.121178995433791;;;;;;;
2021-04-15 13:00:00;4.121178995433791;;;;;;;
2021-04-15 14:00:00;4.121178995433791;;;;;;;
2021-04-15 15:00:00;4.121178995433791;;;;;;;
2021-04-15 16:00:00;4.121178995433791;;;;;;;
2021-04-15 17:00:00;4.121178995433791;;;;;;;
2021-04-15 18:00:00;4.121178995433791;;;;;;;
2021-04-15 19:00:00;4.121178995433791;;;;;;;
2021-04-15 20:00:00;4.121178995433791;;;;;;;
2021-04-15 21:00:00;4.121178995433791;;;;;;;
2021-04-15 22:00:00;4.121178995433791;;;;;;;
2021-04-15 23:00:00;4.121178995433791;;;;;;;
2021-04-16 00:00:00;4.121178995433791;;;;;;;
2021-04-16 01:00:00;4.121178995433791;;;;;;;
2021-04-16 02:00:00;4.121178995433791;;;;;;;
2021-04-16 03:00:00;4.121178995433791;;;;;;;
2021-04-16 04:00:00;4.121178995433791;;;;;;;
2021-04-16 05:00:00;4.121178995433791;;;;;;;
2021-04-16 06:00:00;4.121178995433791;;;;;;;
2021-04-16 07:00:00;4.121178995433791;;;;;;;
2021-04-16 08:00:00;4.121178995433791;;;;;;;
2021-04-16 09:00:00;4.121178995433791;;;;;;;
2021-04-16 10:00:00;4.121178995433791;;;;;;;
2021-04-16 11:00:00;4.121178995433791;;;;;;;
2021-04-16 12:00:00;4.121178995433791;;;;;;;
2021-04-16 13:00:00;4.121178995433791;;;;;;;
2021-04-16 14:00:00;4.121178995433791;;;;;;;
2021-04-16 15:00:00;4.121178995433791;;;;;;;
2021-04-16 16:00:00;4.121178995433791;;;;;;;
2021-04-16 17:00:00;4.121178995433791;;;;;;;
2021-04-16 18:00:00;4.121178995433791;;;;;;;
2021-04-16 19:00:00;4.121178995433791;;;;;;;
2021-04-16 20:00:00;4.121178995433791;;;;;;;
2021-04-16 21:00:00;4.121178995433791;;;;;;;
2021-04-16 22:00:00;4.121178995433791;;;;;;;
2021-04-16 23:00:00;4.121178995433791;;;;;;;
2021-04-17 00:00:00;4.121178995433791;;;;;;;
2021-04-17 01:00:00;4.121178995433791;;;;;;;
2021-04-17 02:00:00;4.121178995433791;;;;;;;
2021-04-17 03:00:00;4.121178995433791;;;;;;;
2021-04-17 04:00:00;4.121178995433791;;;;;;;
2021-04-17 05:00:00;4.121178995433791;;;;;;;
2021-04-17 06:00:00;4.121178995433791;;;;;;;
2021-04-17 07:00:00;4.121178995433791;;;;;;;
2021-04-17 08:00:00;4.121178995433791;;;;;;;
2021-04-17 09:00:00;4.121178995433791;;;;;;;
2021-04-17 10:00:00;4.121178995433791;;;;;;;
2021-04-17 11:00:00;4.121178995433791;;;;;;;
2021-04-17 12:00:00;4.121178995433791;;;;;;;
2021-04-17 13:00:00;4.121178995433791;;;;;;;
2021-04-17 14:00:00;4.121178995433791;;;;;;;
2021-04-17 15:00:00;4.121178995433791;;;;;;;
2021-04-17 16:00:00;4.121178995433791;;;;;;;
2021-04-17 17:00:00;4.121178995433791;;;;;;;
2021-04-17 18:00:00;4.121178995433791;;;;;;;
2021-04-17 19:00:00;4.121178995433791;;;;;;;
2021-04-17 20:00:00;4.121178995433791;;;;;;;
2021-04-17 21:00:00;4.121178995433791;;;;;;;
2021-04-17 22:00:00;4.121178995433791;;;;;;;
2021-04-17 23:00:00;4.121178995433791;;;;;;;
2021-04-18 00:00:00;4.121178995433791;;;;;;;
2021-04-18 01:00:00;4.121178995433791;;;;;;;
2021-04-18 02:00:00;4.121178995433791;;;;;;;
2021-04-18 03:00:00;4.121178995433791;;;;;;;
2021-04-18 04:00:00;4.121178995433791;;;;;;;
2021-04-18 05:00:00;4.121178995433791;;;;;;;
2021-04-18 06:00:00;4.121178995433791;;;;;;;
2021-04-18 07:00:00;4.121178995433791;;;;;;;
2021-04-18 08:00:00;4.121178995433791;;;;;;;
2021-04-18 09:00:00;4.121178995433791;;;;;;;
2021-04-18 10:00:00;4.121178995433791;;;;;;;
2021-04-18 11:00:00;4.121178995433791;;;;;;;
2021-04-18 12:00:00;4.121178995433791;;;;;;;
2021-04-18 13:00:00;4.121178995433791;;;;;;;
2021-04-18 14:00:00;4.121178995433791;;;;;;;
2021-04-18 15:00:00;4.121178995433791;;;;;;;
2021-04-18 16:00:00;4.121178995433791;;;;;;;
2021-04-18 17:00:00;4.121178995433791;;;;;;;
2021-04-18 18:00:00;4.121178995433791;;;;;;;
2021-04-18 19:00:00;4.121178995433791;;;;;;;
2021-04-18 20:00:00;4.121178995433791;;;;;;;
2021-04-18 21:00:00;4.121178995433791;;;;;;;
2021-04-18 22:00:00;4.121178995433791;;;;;;;
2021-04-18 23:00:00;4.121178995433791;;;;;;;
2021-04-19 00:00:00;4.121178995433791;;;;;;;
2021-04-19 01:00:00;4.121178995433791;;;;;;;
2021-04-19 02:00:00;4.121178995433791;;;;;;;
2021-04-19 03:00:00;4.121178995433791;;;;;;;
2021-04-19 04:00:00;4.121178995433791;;;;;;;
2021-04-19 05:00:00;4.121178995433791;;;;;;;
2021-04-19 06:00:00;4.121178995433791;;;;;;;
2021-04-19 07:00:00;4.121178995433791;;;;;;;
2021-04-19 08:00:00;4.121178995433791;;;;;;;
2021-04-19 09:00:00;4.121178995433791;;;;;;;
2021-04-19 10:00:00;4.121178995433791;;;;;;;
2021-04-19 11:00:00;4.121178995433791;;;;;;;
2021-04-19 12:00:00;4.121178995433791;;;;;;;
2021-04-19 13:00:00;4.121178995433791;;;;;;;
2021-04-19 14:00:00;4.121178995433791;;;;;;;
2021-04-19 15:00:00;4.121178995433791;;;;;;;
2021-04-19 16:00:00;4.121178995433791;;;;;;;
2021-04-19 17:00:00;4.121178995433791;;;;;;;
2021-04-19 18:00:00;4.121178995433791;;;;;;;
2021-04-19 19:00:00;4.121178995433791;;;;;;;
2021-04-19 20:00:00;4.121178995433791;;;;;;;
2021-04-19 21:00:00;4.121178995433791;;;;;;;
2021-04-19 22:00:00;4.121178995433791;;;;;;;
2021-04-19 23:00:00;4.121178995433791;;;;;;;
2021-04-20 00:00:00;4.121178995433791;;;;;;;
2021-04-20 01:00:00;4.121178995433791;;;;;;;
2021-04-20 02:00:00;4.121178995433791;;;;;;;
2021-04-20 03:00:00;4.121178995433791;;;;;;;
2021-04-20 04:00:00;4.121178995433791;;;;;;;
2021-04-20 05:00:00;4.121178995433791;;;;;;;
2021-04-20 06:00:00;4.121178995433791;;;;;;;
2021-04-20 07:00:00;4.121178995433791;;;;;;;
2021-04-20 08:00:00;4.121178995433791;;;;;;;
2021-04-20 09:00:00;4.121178995433791;;;;;;;
2021-04-20 10:00:00;4.121178995433791;;;;;;;
2021-04-20 11:00:00;4.121178995433791;;;;;;;
2021-04-20 12:00:00;4.121178995433791;;;;;;;
2021-04-20 13:00:00;4.121178995433791;;;;;;;
2021-04-20 14:00:00;4.121178995433791;;;;;;;
2021-04-20 15:00:00;4.121178995433791;;;;;;;
2021-04-20 16:00:00;4.121178995433791;;;;;;;
2021-04-20 17:00:00;4.121178995433791;;;;;;;
2021-04-20 18:00:00;4.121178995433791;;;;;;;
2021-04-20 19:00:00;4.121178995433791;;;;;;;
2021-04-20 20:00:00;4.121178995433791;;;;;;;
2021-04-20 21:00:00;4.121178995433791;;;;;;;
2021-04-20 22:00:00;4.121178995433791;;;;;;;
2021-04-20 23:00:00;4.121178995433791;;;;;;;
2021-04-21 00:00:00;4.121178995433791;;;;;;;
2021-04-21 01:00:00;4.121178995433791;;;;;;;
2021-04-21 02:00:00;4.121178995433791;;;;;;;
2021-04-21 03:00:00;4.121178995433791;;;;;;;
2021-04-21 04:00:00;4.121178995433791;;;;;;;
2021-04-21 05:00:00;4.121178995433791;;;;;;;
2021-04-21 06:00:00;4.121178995433791;;;;;;;
2021-04-21 07:00:00;4.121178995433791;;;;;;;
2021-04-21 08:00:00;4.121178995433791;;;;;;;
2021-04-21 09:00:00;4.121178995433791;;;;;;;
2021-04-21 10:00:00;4.121178995433791;;;;;;;
2021-04-21 11:00:00;4.121178995433791;;;;;;;
2021-04-21 12:00:00;4.121178995433791;;;;;;;
2021-04-21 13:00:00;4.121178995433791;;;;;;;
2021-04-21 14:00:00;4.121178995433791;;;;;;;
2021-04-21 15:00:00;4.121178995433791;;;;;;;
2021-04-21 16:00:00;4.121178995433791;;;;;;;
2021-04-21 17:00:00;4.121178995433791;;;;;;;
2021-04-21 18:00:00;4.121178995433791;;;;;;;
2021-04-21 19:00:00;4.121178995433791;;;;;;;
2021-04-21 20:00:00;4.121178995433791;;;;;;;
2021-04-21 21:00:00;4.121178995433791;;;;;;;
2021-04-21 22:00:00;4.121178995433791;;;;;;;
2021-04-21 23:00:00;4.121178995433791;;;;;;;
2021-04-22 00:00:00;4.121178995433791;;;;;;;
2021-04-22 01:00:00;4.121178995433791;;;;;;;
2021-04-22 02:00:00;4.121178995433791;;;;;;;
2021-04-22 03:00:00;4.121178995433791;;;;;;;
2021-04-22 04:00:00;4.121178995433791;;;;;;;
2021-04-22 05:00:00;4.121178995433791;;;;;;;
2021-04-22 06:00:00;4.121178995433791;;;;;;;
2021-04-22 07:00:00;4.121178995433791;;;;;;;
2021-04-22 08:00:00;4.121178995433791;;;;;;;
2021-04-22 09:00:00;4.121178995433791;;;;;;;
2021-04-22 10:00:00;4.121178995433791;;;;;;;
2021-04-22 11:00:00;4.121178995433791;;;;;;;
2021-04-22 12:00:00;4.121178995433791;;;;;;;
2021-04-22 13:00:00;4.121178995433791;;;;;;;
2021-04-22 14:00:00;4.121178995433791;;;;;;;
2021-04-22 15:00:00;4.121178995433791;;;;;;;
2021-04-22 16:00:00;4.121178995433791;;;;;;;
2021-04-22 17:00:00;4.121178995433791;;;;;;;
2021-04-22 18:00:00;4.121178995433791;;;;;;;
2021-04-22 19:00:00;4.121178995433791;;;;;;;
2021-04-22 20:00:00;4.121178995433791;;;;;;;
2021-04-22 21:00:00;4.121178995433791;;;;;;;
2021-04-22 22:00:00;4.121178995433791;;;;;;;
2021-04-22 23:00:00;4.121178995433791;;;;;;;
2021-04-23 00:00:00;4.121178995433791;;;;;;;
2021-04-23 01:00:00;4.121178995433791;;;;;;;
2021-04-23 02:00:00;4.121178995433791;;;;;;;
2021-04-23 03:00:00;4.121178995433791;;;;;;;
2021-04-23 04:00:00;4.121178995433791;;;;;;;
2021-04-23 05:00:00;4.121178995433791;;;;;;;
2021-04-23 06:00:00;4.121178995433791;;;;;;;
2021-04-23 07:00:00;4.121178995433791;;;;;;;
2021-04-23 08:00:00;4.121178995433791;;;;;;;
2021-04-23 09:00:00;4.121178995433791;;;;;;;
2021-04-23 10:00:00;4.121178995433791;;;;;;;
2021-04-23 11:00:00;4.121178995433791;;;;;;;
2021-04-23 12:00:00;4.121178995433791;;;;;;;
2021-04-23 13:00:00;4.121178995433791;;;;;;;
2021-04-23 14:00:00;4.121178995433791;;;;;;;
2021-04-23 15:00:00;4.121178995433791;;;;;;;
2021-04-23 16:00:00;4.121178995433791;;;;;;;
2021-04-23 17:00:00;4.121178995433791;;;;;;;
2021-04-23 18:00:00;4.121178995433791;;;;;;;
2021-04-23 19:00:00;4.121178995433791;;;;;;;
2021-04-23 20:00:00;4.121178995433791;;;;;;;
2021-04-23 21:00:00;4.121178995433791;;;;;;;
2021-04-23 22:00:00;4.121178995433791;;;;;;;
2021-04-23 23:00:00;4.121178995433791;;;;;;;
2021-04-24 00:00:00;4.121178995433791;;;;;;;
2021-04-24 01:00:00;4.121178995433791;;;;;;;
2021-04-24 02:00:00;4.121178995433791;;;;;;;
2021-04-24 03:00:00;4.121178995433791;;;;;;;
2021-04-24 04:00:00;4.121178995433791;;;;;;;
2021-04-24 05:00:00;4.121178995433791;;;;;;;
2021-04-24 06:00:00;4.121178995433791;;;;;;;
2021-04-24 07:00:00;4.121178995433791;;;;;;;
2021-04-24 08:00:00;4.121178995433791;;;;;;;
2021-04-24 09:00:00;4.121178995433791;;;;;;;
2021-04-24 10:00:00;4.121178995433791;;;;;;;
2021-04-24 11:00:00;4.121178995433791;;;;;;;
2021-04-24 12:00:00;4.121178995433791;;;;;;;
2021-04-24 13:00:00;4.121178995433791;;;;;;;
2021-04-24 14:00:00;4.121178995433791;;;;;;;
2021-04-24 15:00:00;4.121178995433791;;;;;;;
2021-04-24 16:00:00;4.121178995433791;;;;;;;
2021-04-24 17:00:00;4.121178995433791;;;;;;;
2021-04-24 18:00:00;4.121178995433791;;;;;;;
2021-04-24 19:00:00;4.121178995433791;;;;;;;
2021-04-24 20:00:00;4.121178995433791;;;;;;;
2021-04-24 21:00:00;4.121178995433791;;;;;;;
2021-04-24 22:00:00;4.121178995433791;;;;;;;
2021-04-24 23:00:00;4.121178995433791;;;;;;;
2021-04-25 00:00:00;4.121178995433791;;;;;;;
2021-04-25 01:00:00;4.121178995433791;;;;;;;
2021-04-25 02:00:00;4.121178995433791;;;;;;;
2021-04-25 03:00:00;4.121178995433791;;;;;;;
2021-04-25 04:00:00;4.121178995433791;;;;;;;
2021-04-25 05:00:00;4.121178995433791;;;;;;;
2021-04-25 06:00:00;4.121178995433791;;;;;;;
2021-04-25 07:00:00;4.121178995433791;;;;;;;
2021-04-25 08:00:00;4.121178995433791;;;;;;;
2021-04-25 09:00:00;4.121178995433791;;;;;;;
2021-04-25 10:00:00;4.121178995433791;;;;;;;
2021-04-25 11:00:00;4.121178995433791;;;;;;;
2021-04-25 12:00:00;4.121178995433791;;;;;;;
2021-04-25 13:00:00;4.121178995433791;;;;;;;
2021-04-25 14:00:00;4.121178995433791;;;;;;;
2021-04-25 15:00:00;4.121178995433791;;;;;;;
2021-04-25 16:00:00;4.121178995433791;;;;;;;
2021-04-25 17:00:00;4.121178995433791;;;;;;;
2021-04-25 18:00:00;4.121178995433791;;;;;;;
2021-04-25 19:00:00;4.121178995433791;;;;;;;
2021-04-25 20:00:00;4.121178995433791;;;;;;;
2021-04-25 21:00:00;4.121178995433791;;;;;;;
2021-04-25 22:00:00;4.121178995433791;;;;;;;
2021-04-25 23:00:00;4.121178995433791;;;;;;;
2021-04-26 00:00:00;4.121178995433791;;;;;;;
2021-04-26 01:00:00;4.121178995433791;;;;;;;
2021-04-26 02:00:00;4.121178995433791;;;;;;;
2021-04-26 03:00:00;4.121178995433791;;;;;;;
2021-04-26 04:00:00;4.121178995433791;;;;;;;
2021-04-26 05:00:00;4.121178995433791;;;;;;;
2021-04-26 06:00:00;4.121178995433791;;;;;;;
2021-04-26 07:00:00;4.121178995433791;;;;;;;
2021-04-26 08:00:00;4.121178995433791;;;;;;;
2021-04-26 09:00:00;4.121178995433791;;;;;;;
2021-04-26 10:00:00;4.121178995433791;;;;;;;
2021-04-26 11:00:00;4.121178995433791;;;;;;;
2021-04-26 12:00:00;4.121178995433791;;;;;;;
2021-04-26 13:00:00;4.121178995433791;;;;;;;
2021-04-26 14:00:00;4.121178995433791;;;;;;;
2021-04-26 15:00:00;4.121178995433791;;;;;;;
2021-04-26 16:00:00;4.121178995433791;;;;;;;
2021-04-26 17:00:00;4.121178995433791;;;;;;;
2021-04-26 18:00:00;4.121178995433791;;;;;;;
2021-04-26 19:00:00;4.121178995433791;;;;;;;
2021-04-26 20:00:00;4.121178995433791;;;;;;;
2021-04-26 21:00:00;4.121178995433791;;;;;;;
2021-04-26 22:00:00;4.121178995433791;;;;;;;
2021-04-26 23:00:00;4.121178995433791;;;;;;;
2021-04-27 00:00:00;4.121178995433791;;;;;;;
2021-04-27 01:00:00;4.121178995433791;;;;;;;
2021-04-27 02:00:00;4.121178995433791;;;;;;;
2021-04-27 03:00:00;4.121178995433791;;;;;;;
2021-04-27 04:00:00;4.121178995433791;;;;;;;
2021-04-27 05:00:00;4.121178995433791;;;;;;;
2021-04-27 06:00:00;4.121178995433791;;;;;;;
2021-04-27 07:00:00;4.121178995433791;;;;;;;
2021-04-27 08:00:00;4.121178995433791;;;;;;;
2021-04-27 09:00:00;4.121178995433791;;;;;;;
2021-04-27 10:00:00;4.121178995433791;;;;;;;
2021-04-27 11:00:00;4.121178995433791;;;;;;;
2021-04-27 12:00:00;4.121178995433791;;;;;;;
2021-04-27 13:00:00;4.121178995433791;;;;;;;
2021-04-27 14:00:00;4.121178995433791;;;;;;;
2021-04-27 15:00:00;4.121178995433791;;;;;;;
2021-04-27 16:00:00;4.121178995433791;;;;;;;
2021-04-27 17:00:00;4.121178995433791;;;;;;;
2021-04-27 18:00:00;4.121178995433791;;;;;;;
2021-04-27 19:00:00;4.121178995433791;;;;;;;
2021-04-27 20:00:00;4.121178995433791;;;;;;;
2021-04-27 21:00:00;4.121178995433791;;;;;;;
2021-04-27 22:00:00;4.121178995433791;;;;;;;
2021-04-27 23:00:00;4.121178995433791;;;;;;;
2021-04-28 00:00:00;4.121178995433791;;;;;;;
2021-04-28 01:00:00;4.121178995433791;;;;;;;
2021-04-28 02:00:00;4.121178995433791;;;;;;;
2021-04-28 03:00:00;4.121178995433791;;;;;;;
2021-04-28 04:00:00;4.121178995433791;;;;;;;
2021-04-28 05:00:00;4.121178995433791;;;;;;;
2021-04-28 06:00:00;4.121178995433791;;;;;;;
2021-04-28 07:00:00;4.121178995433791;;;;;;;
2021-04-28 08:00:00;4.121178995433791;;;;;;;
2021-04-28 09:00:00;4.121178995433791;;;;;;;
2021-04-28 10:00:00;4.121178995433791;;;;;;;
2021-04-28 11:00:00;4.121178995433791;;;;;;;
2021-04-28 12:00:00;4.121178995433791;;;;;;;
2021-04-28 13:00:00;4.121178995433791;;;;;;;
2021-04-28 14:00:00;4.121178995433791;;;;;;;
2021-04-28 15:00:00;4.121178995433791;;;;;;;
2021-04-28 16:00:00;4.121178995433791;;;;;;;
2021-04-28 17:00:00;4.121178995433791;;;;;;;
2021-04-28 18:00:00;4.121178995433791;;;;;;;
2021-04-28 19:00:00;4.121178995433791;;;;;;;
2021-04-28 20:00:00;4.121178995433791;;;;;;;
2021-04-28 21:00:00;4.121178995433791;;;;;;;
2021-04-28 22:00:00;4.121178995433791;;;;;;;
2021-04-28 23:00:00;4.121178995433791;;;;;;;
2021-04-29 00:00:00;4.121178995433791;;;;;;;
2021-04-29 01:00:00;4.121178995433791;;;;;;;
2021-04-29 02:00:00;4.121178995433791;;;;;;;
2021-04-29 03:00:00;4.121178995433791;;;;;;;
2021-04-29 04:00:00;4.121178995433791;;;;;;;
2021-04-29 05:00:00;4.121178995433791;;;;;;;
2021-04-29 06:00:00;4.121178995433791;;;;;;;
2021-04-29 07:00:00;4.121178995433791;;;;;;;
2021-04-29 08:00:00;4.121178995433791;;;;;;;
2021-04-29 09:00:00;4.121178995433791;;;;;;;
2021-04-29 10:00:00;4.121178995433791;;;;;;;
2021-04-29 11:00:00;4.121178995433791;;;;;;;
2021-04-29 12:00:00;4.121178995433791;;;;;;;
2021-04-29 13:00:00;4.121178995433791;;;;;;;
2021-04-29 14:00:00;4.121178995433791;;;;;;;
2021-04-29 15:00:00;4.121178995433791;;;;;;;
2021-04-29 16:00:00;4.121178995433791;;;;;;;
2021-04-29 17:00:00;4.121178995433791;;;;;;;
2021-04-29 18:00:00;4.121178995433791;;;;;;;
2021-04-29 19:00:00;4.121178995433791;;;;;;;
2021-04-29 20:00:00;4.121178995433791;;;;;;;
2021-04-29 21:00:00;4.121178995433791;;;;;;;
2021-04-29 22:00:00;4.121178995433791;;;;;;;
2021-04-29 23:00:00;4.121178995433791;;;;;;;
2021-04-30 00:00:00;4.121178995433791;;;;;;;
2021-04-30 01:00:00;4.121178995433791;;;;;;;
2021-04-30 02:00:00;4.121178995433791;;;;;;;
2021-04-30 03:00:00;4.121178995433791;;;;;;;
2021-04-30 04:00:00;4.121178995433791;;;;;;;
2021-04-30 05:00:00;4.121178995433791;;;;;;;
2021-04-30 06:00:00;4.121178995433791;;;;;;;
2021-04-30 07:00:00;4.121178995433791;;;;;;;
2021-04-30 08:00:00;4.121178995433791;;;;;;;
2021-04-30 09:00:00;4.121178995433791;;;;;;;
2021-04-30 10:00:00;4.121178995433791;;;;;;;
2021-04-30 11:00:00;4.121178995433791;;;;;;;
2021-04-30 12:00:00;4.121178995433791;;;;;;;
2021-04-30 13:00:00;4.121178995433791;;;;;;;
2021-04-30 14:00:00;4.121178995433791;;;;;;;
2021-04-30 15:00:00;4.121178995433791;;;;;;;
2021-04-30 16:00:00;4.121178995433791;;;;;;;
2021-04-30 17:00:00;4.121178995433791;;;;;;;
2021-04-30 18:00:00;4.121178995433791;;;;;;;
2021-04-30 19:00:00;4.121178995433791;;;;;;;
2021-04-30 20:00:00;4.121178995433791;;;;;;;
2021-04-30 21:00:00;4.121178995433791;;;;;;;
2021-04-30 22:00:00;4.121178995433791;;;;;;;
2021-04-30 23:00:00;4.121178995433791;;;;;;;
2021-05-01 00:00:00;4.121178995433791;;;;;;;
2021-05-01 01:00:00;4.121178995433791;;;;;;;
2021-05-01 02:00:00;4.121178995433791;;;;;;;
2021-05-01 03:00:00;4.121178995433791;;;;;;;
2021-05-01 04:00:00;4.121178995433791;;;;;;;
2021-05-01 05:00:00;4.121178995433791;;;;;;;
2021-05-01 06:00:00;4.121178995433791;;;;;;;
2021-05-01 07:00:00;4.121178995433791;;;;;;;
2021-05-01 08:00:00;4.121178995433791;;;;;;;
2021-05-01 09:00:00;4.121178995433791;;;;;;;
2021-05-01 10:00:00;4.121178995433791;;;;;;;
2021-05-01 11:00:00;4.121178995433791;;;;;;;
2021-05-01 12:00:00;4.121178995433791;;;;;;;
2021-05-01 13:00:00;4.121178995433791;;;;;;;
2021-05-01 14:00:00;4.121178995433791;;;;;;;
2021-05-01 15:00:00;4.121178995433791;;;;;;;
2021-05-01 16:00:00;4.121178995433791;;;;;;;
2021-05-01 17:00:00;4.121178995433791;;;;;;;
2021-05-01 18:00:00;4.121178995433791;;;;;;;
2021-05-01 19:00:00;4.121178995433791;;;;;;;
2021-05-01 20:00:00;4.121178995433791;;;;;;;
2021-05-01 21:00:00;4.121178995433791;;;;;;;
2021-05-01 22:00:00;4.121178995433791;;;;;;;
2021-05-01 23:00:00;4.121178995433791;;;;;;;
2021-05-02 00:00:00;4.121178995433791;;;;;;;
2021-05-02 01:00:00;4.121178995433791;;;;;;;
2021-05-02 02:00:00;4.121178995433791;;;;;;;
2021-05-02 03:00:00;4.121178995433791;;;;;;;
2021-05-02 04:00:00;4.121178995433791;;;;;;;
2021-05-02 05:00:00;4.121178995433791;;;;;;;
2021-05-02 06:00:00;4.121178995433791;;;;;;;
2021-05-02 07:00:00;4.121178995433791;;;;;;;
2021-05-02 08:00:00;4.121178995433791;;;;;;;
2021-05-02 09:00:00;4.121178995433791;;;;;;;
2021-05-02 10:00:00;4.121178995433791;;;;;;;
2021-05-02 11:00:00;4.121178995433791;;;;;;;
2021-05-02 12:00:00;4.121178995433791;;;;;;;
2021-05-02 13:00:00;4.121178995433791;;;;;;;
2021-05-02 14:00:00;4.121178995433791;;;;;;;
2021-05-02 15:00:00;4.121178995433791;;;;;;;
2021-05-02 16:00:00;4.121178995433791;;;;;;;
2021-05-02 17:00:00;4.121178995433791;;;;;;;
2021-05-02 18:00:00;4.121178995433791;;;;;;;
2021-05-02 19:00:00;4.121178995433791;;;;;;;
2021-05-02 20:00:00;4.121178995433791;;;;;;;
2021-05-02 21:00:00;4.121178995433791;;;;;;;
2021-05-02 22:00:00;4.121178995433791;;;;;;;
2021-05-02 23:00:00;4.121178995433791;;;;;;;
2021-05-03 00:00:00;4.121178995433791;;;;;;;
2021-05-03 01:00:00;4.121178995433791;;;;;;;
2021-05-03 02:00:00;4.121178995433791;;;;;;;
2021-05-03 03:00:00;4.121178995433791;;;;;;;
2021-05-03 04:00:00;4.121178995433791;;;;;;;
2021-05-03 05:00:00;4.121178995433791;;;;;;;
2021-05-03 06:00:00;4.121178995433791;;;;;;;
2021-05-03 07:00:00;4.121178995433791;;;;;;;
2021-05-03 08:00:00;4.121178995433791;;;;;;;
2021-05-03 09:00:00;4.121178995433791;;;;;;;
2021-05-03 10:00:00;4.121178995433791;;;;;;;
2021-05-03 11:00:00;4.121178995433791;;;;;;;
2021-05-03 12:00:00;4.121178995433791;;;;;;;
2021-05-03 13:00:00;4.121178995433791;;;;;;;
2021-05-03 14:00:00;4.121178995433791;;;;;;;
2021-05-03 15:00:00;4.121178995433791;;;;;;;
2021-05-03 16:00:00;4.121178995433791;;;;;;;
2021-05-03 17:00:00;4.121178995433791;;;;;;;
2021-05-03 18:00:00;4.121178995433791;;;;;;;
2021-05-03 19:00:00;4.121178995433791;;;;;;;
2021-05-03 20:00:00;4.121178995433791;;;;;;;
2021-05-03 21:00:00;4.121178995433791;;;;;;;
2021-05-03 22:00:00;4.121178995433791;;;;;;;
2021-05-03 23:00:00;4.121178995433791;;;;;;;
2021-05-04 00:00:00;4.121178995433791;;;;;;;
2021-05-04 01:00:00;4.121178995433791;;;;;;;
2021-05-04 02:00:00;4.121178995433791;;;;;;;
2021-05-04 03:00:00;4.121178995433791;;;;;;;
2021-05-04 04:00:00;4.121178995433791;;;;;;;
2021-05-04 05:00:00;4.121178995433791;;;;;;;
2021-05-04 06:00:00;4.121178995433791;;;;;;;
2021-05-04 07:00:00;4.121178995433791;;;;;;;
2021-05-04 08:00:00;4.121178995433791;;;;;;;
2021-05-04 09:00:00;4.121178995433791;;;;;;;
2021-05-04 10:00:00;4.121178995433791;;;;;;;
2021-05-04 11:00:00;4.121178995433791;;;;;;;
2021-05-04 12:00:00;4.121178995433791;;;;;;;
2021-05-04 13:00:00;4.121178995433791;;;;;;;
2021-05-04 14:00:00;4.121178995433791;;;;;;;
2021-05-04 15:00:00;4.121178995433791;;;;;;;
2021-05-04 16:00:00;4.121178995433791;;;;;;;
2021-05-04 17:00:00;4.121178995433791;;;;;;;
2021-05-04 18:00:00;4.121178995433791;;;;;;;
2021-05-04 19:00:00;4.121178995433791;;;;;;;
2021-05-04 20:00:00;4.121178995433791;;;;;;;
2021-05-04 21:00:00;4.121178995433791;;;;;;;
2021-05-04 22:00:00;4.121178995433791;;;;;;;
2021-05-04 23:00:00;4.121178995433791;;;;;;;
2021-05-05 00:00:00;4.121178995433791;;;;;;;
2021-05-05 01:00:00;4.121178995433791;;;;;;;
2021-05-05 02:00:00;4.121178995433791;;;;;;;
2021-05-05 03:00:00;4.121178995433791;;;;;;;
2021-05-05 04:00:00;4.121178995433791;;;;;;;
2021-05-05 05:00:00;4.121178995433791;;;;;;;
2021-05-05 06:00:00;4.121178995433791;;;;;;;
2021-05-05 07:00:00;4.121178995433791;;;;;;;
2021-05-05 08:00:00;4.121178995433791;;;;;;;
2021-05-05 09:00:00;4.121178995433791;;;;;;;
2021-05-05 10:00:00;4.121178995433791;;;;;;;
2021-05-05 11:00:00;4.121178995433791;;;;;;;
2021-05-05 12:00:00;4.121178995433791;;;;;;;
2021-05-05 13:00:00;4.121178995433791;;;;;;;
2021-05-05 14:00:00;4.121178995433791;;;;;;;
2021-05-05 15:00:00;4.121178995433791;;;;;;;
2021-05-05 16:00:00;4.121178995433791;;;;;;;
2021-05-05 17:00:00;4.121178995433791;;;;;;;
2021-05-05 18:00:00;4.121178995433791;;;;;;;
2021-05-05 19:00:00;4.121178995433791;;;;;;;
2021-05-05 20:00:00;4.121178995433791;;;;;;;
2021-05-05 21:00:00;4.121178995433791;;;;;;;
2021-05-05 22:00:00;4.121178995433791;;;;;;;
2021-05-05 23:00:00;4.121178995433791;;;;;;;
2021-05-06 00:00:00;4.121178995433791;;;;;;;
2021-05-06 01:00:00;4.121178995433791;;;;;;;
2021-05-06 02:00:00;4.121178995433791;;;;;;;
2021-05-06 03:00:00;4.121178995433791;;;;;;;
2021-05-06 04:00:00;4.121178995433791;;;;;;;
2021-05-06 05:00:00;4.121178995433791;;;;;;;
2021-05-06 06:00:00;4.121178995433791;;;;;;;
2021-05-06 07:00:00;4.121178995433791;;;;;;;
2021-05-06 08:00:00;4.121178995433791;;;;;;;
2021-05-06 09:00:00;4.121178995433791;;;;;;;
2021-05-06 10:00:00;4.121178995433791;;;;;;;
2021-05-06 11:00:00;4.121178995433791;;;;;;;
2021-05-06 12:00:00;4.121178995433791;;;;;;;
2021-05-06 13:00:00;4.121178995433791;;;;;;;
2021-05-06 14:00:00;4.121178995433791;;;;;;;
2021-05-06 15:00:00;4.121178995433791;;;;;;;
2021-05-06 16:00:00;4.121178995433791;;;;;;;
2021-05-06 17:00:00;4.121178995433791;;;;;;;
2021-05-06 18:00:00;4.121178995433791;;;;;;;
2021-05-06 19:00:00;4.121178995433791;;;;;;;
2021-05-06 20:00:00;4.121178995433791;;;;;;;
2021-05-06 21:00:00;4.121178995433791;;;;;;;
2021-05-06 22:00:00;4.121178995433791;;;;;;;
2021-05-06 23:00:00;4.121178995433791;;;;;;;
2021-05-07 00:00:00;4.121178995433791;;;;;;;
2021-05-07 01:00:00;4.121178995433791;;;;;;;
2021-05-07 02:00:00;4.121178995433791;;;;;;;
2021-05-07 03:00:00;4.121178995433791;;;;;;;
2021-05-07 04:00:00;4.121178995433791;;;;;;;
2021-05-07 05:00:00;4.121178995433791;;;;;;;
2021-05-07 06:00:00;4.121178995433791;;;;;;;
2021-05-07 07:00:00;4.121178995433791;;;;;;;
2021-05-07 08:00:00;4.121178995433791;;;;;;;
2021-05-07 09:00:00;4.121178995433791;;;;;;;
2021-05-07 10:00:00;4.121178995433791;;;;;;;
2021-05-07 11:00:00;4.121178995433791;;;;;;;
2021-05-07 12:00:00;4.121178995433791;;;;;;;
2021-05-07 13:00:00;4.121178995433791;;;;;;;
2021-05-07 14:00:00;4.121178995433791;;;;;;;
2021-05-07 15:00:00;4.121178995433791;;;;;;;
2021-05-07 16:00:00;4.121178995433791;;;;;;;
2021-05-07 17:00:00;4.121178995433791;;;;;;;
2021-05-07 18:00:00;4.121178995433791;;;;;;;
2021-05-07 19:00:00;4.121178995433791;;;;;;;
2021-05-07 20:00:00;4.121178995433791;;;;;;;
2021-05-07 21:00:00;4.121178995433791;;;;;;;
2021-05-07 22:00:00;4.121178995433791;;;;;;;
2021-05-07 23:00:00;4.121178995433791;;;;;;;
2021-05-08 00:00:00;4.121178995433791;;;;;;;
2021-05-08 01:00:00;4.121178995433791;;;;;;;
2021-05-08 02:00:00;4.121178995433791;;;;;;;
2021-05-08 03:00:00;4.121178995433791;;;;;;;
2021-05-08 04:00:00;4.121178995433791;;;;;;;
2021-05-08 05:00:00;4.121178995433791;;;;;;;
2021-05-08 06:00:00;4.121178995433791;;;;;;;
2021-05-08 07:00:00;4.121178995433791;;;;;;;
2021-05-08 08:00:00;4.121178995433791;;;;;;;
2021-05-08 09:00:00;4.121178995433791;;;;;;;
2021-05-08 10:00:00;4.121178995433791;;;;;;;
2021-05-08 11:00:00;4.121178995433791;;;;;;;
2021-05-08 12:00:00;4.121178995433791;;;;;;;
2021-05-08 13:00:00;4.121178995433791;;;;;;;
2021-05-08 14:00:00;4.121178995433791;;;;;;;
2021-05-08 15:00:00;4.121178995433791;;;;;;;
2021-05-08 16:00:00;4.121178995433791;;;;;;;
2021-05-08 17:00:00;4.121178995433791;;;;;;;
2021-05-08 18:00:00;4.121178995433791;;;;;;;
2021-05-08 19:00:00;4.121178995433791;;;;;;;
2021-05-08 20:00:00;4.121178995433791;;;;;;;
2021-05-08 21:00:00;4.121178995433791;;;;;;;
2021-05-08 22:00:00;4.121178995433791;;;;;;;
2021-05-08 23:00:00;4.121178995433791;;;;;;;
2021-05-09 00:00:00;4.121178995433791;;;;;;;
2021-05-09 01:00:00;4.121178995433791;;;;;;;
2021-05-09 02:00:00;4.121178995433791;;;;;;;
2021-05-09 03:00:00;4.121178995433791;;;;;;;
2021-05-09 04:00:00;4.121178995433791;;;;;;;
2021-05-09 05:00:00;4.121178995433791;;;;;;;
2021-05-09 06:00:00;4.121178995433791;;;;;;;
2021-05-09 07:00:00;4.121178995433791;;;;;;;
2021-05-09 08:00:00;4.121178995433791;;;;;;;
2021-05-09 09:00:00;4.121178995433791;;;;;;;
2021-05-09 10:00:00;4.121178995433791;;;;;;;
2021-05-09 11:00:00;4.121178995433791;;;;;;;
2021-05-09 12:00:00;4.121178995433791;;;;;;;
2021-05-09 13:00:00;4.121178995433791;;;;;;;
2021-05-09 14:00:00;4.121178995433791;;;;;;;
2021-05-09 15:00:00;4.121178995433791;;;;;;;
2021-05-09 16:00:00;4.121178995433791;;;;;;;
2021-05-09 17:00:00;4.121178995433791;;;;;;;
2021-05-09 18:00:00;4.121178995433791;;;;;;;
2021-05-09 19:00:00;4.121178995433791;;;;;;;
2021-05-09 20:00:00;4.121178995433791;;;;;;;
2021-05-09 21:00:00;4.121178995433791;;;;;;;
2021-05-09 22:00:00;4.121178995433791;;;;;;;
2021-05-09 23:00:00;4.121178995433791;;;;;;;
2021-05-10 00:00:00;4.121178995433791;;;;;;;
2021-05-10 01:00:00;4.121178995433791;;;;;;;
2021-05-10 02:00:00;4.121178995433791;;;;;;;
2021-05-10 03:00:00;4.121178995433791;;;;;;;
2021-05-10 04:00:00;4.121178995433791;;;;;;;
2021-05-10 05:00:00;4.121178995433791;;;;;;;
2021-05-10 06:00:00;4.121178995433791;;;;;;;
2021-05-10 07:00:00;4.121178995433791;;;;;;;
2021-05-10 08:00:00;4.121178995433791;;;;;;;
2021-05-10 09:00:00;4.121178995433791;;;;;;;
2021-05-10 10:00:00;4.121178995433791;;;;;;;
2021-05-10 11:00:00;4.121178995433791;;;;;;;
2021-05-10 12:00:00;4.121178995433791;;;;;;;
2021-05-10 13:00:00;4.121178995433791;;;;;;;
2021-05-10 14:00:00;4.121178995433791;;;;;;;
2021-05-10 15:00:00;4.121178995433791;;;;;;;
2021-05-10 16:00:00;4.121178995433791;;;;;;;
2021-05-10 17:00:00;4.121178995433791;;;;;;;
2021-05-10 18:00:00;4.121178995433791;;;;;;;
2021-05-10 19:00:00;4.121178995433791;;;;;;;
2021-05-10 20:00:00;4.121178995433791;;;;;;;
2021-05-10 21:00:00;4.121178995433791;;;;;;;
2021-05-10 22:00:00;4.121178995433791;;;;;;;
2021-05-10 23:00:00;4.121178995433791;;;;;;;
2021-05-11 00:00:00;4.121178995433791;;;;;;;
2021-05-11 01:00:00;4.121178995433791;;;;;;;
2021-05-11 02:00:00;4.121178995433791;;;;;;;
2021-05-11 03:00:00;4.121178995433791;;;;;;;
2021-05-11 04:00:00;4.121178995433791;;;;;;;
2021-05-11 05:00:00;4.121178995433791;;;;;;;
2021-05-11 06:00:00;4.121178995433791;;;;;;;
2021-05-11 07:00:00;4.121178995433791;;;;;;;
2021-05-11 08:00:00;4.121178995433791;;;;;;;
2021-05-11 09:00:00;4.121178995433791;;;;;;;
2021-05-11 10:00:00;4.121178995433791;;;;;;;
2021-05-11 11:00:00;4.121178995433791;;;;;;;
2021-05-11 12:00:00;4.121178995433791;;;;;;;
2021-05-11 13:00:00;4.121178995433791;;;;;;;
2021-05-11 14:00:00;4.121178995433791;;;;;;;
2021-05-11 15:00:00;4.121178995433791;;;;;;;
2021-05-11 16:00:00;4.121178995433791;;;;;;;
2021-05-11 17:00:00;4.121178995433791;;;;;;;
2021-05-11 18:00:00;4.121178995433791;;;;;;;
2021-05-11 19:00:00;4.121178995433791;;;;;;;
2021-05-11 20:00:00;4.121178995433791;;;;;;;
2021-05-11 21:00:00;4.121178995433791;;;;;;;
2021-05-11 22:00:00;4.121178995433791;;;;;;;
2021-05-11 23:00:00;4.121178995433791;;;;;;;
2021-05-12 00:00:00;4.121178995433791;;;;;;;
2021-05-12 01:00:00;4.121178995433791;;;;;;;
2021-05-12 02:00:00;4.121178995433791;;;;;;;
2021-05-12 03:00:00;4.121178995433791;;;;;;;
2021-05-12 04:00:00;4.121178995433791;;;;;;;
2021-05-12 05:00:00;4.121178995433791;;;;;;;
2021-05-12 06:00:00;4.121178995433791;;;;;;;
2021-05-12 07:00:00;4.121178995433791;;;;;;;
2021-05-12 08:00:00;4.121178995433791;;;;;;;
2021-05-12 09:00:00;4.121178995433791;;;;;;;
2021-05-12 10:00:00;4.121178995433791;;;;;;;
2021-05-12 11:00:00;4.121178995433791;;;;;;;
2021-05-12 12:00:00;4.121178995433791;;;;;;;
2021-05-12 13:00:00;4.121178995433791;;;;;;;
2021-05-12 14:00:00;4.121178995433791;;;;;;;
2021-05-12 15:00:00;4.121178995433791;;;;;;;
2021-05-12 16:00:00;4.121178995433791;;;;;;;
2021-05-12 17:00:00;4.121178995433791;;;;;;;
2021-05-12 18:00:00;4.121178995433791;;;;;;;
2021-05-12 19:00:00;4.121178995433791;;;;;;;
2021-05-12 20:00:00;4.121178995433791;;;;;;;
2021-05-12 21:00:00;4.121178995433791;;;;;;;
2021-05-12 22:00:00;4.121178995433791;;;;;;;
2021-05-12 23:00:00;4.121178995433791;;;;;;;
2021-05-13 00:00:00;4.121178995433791;;;;;;;
2021-05-13 01:00:00;4.121178995433791;;;;;;;
2021-05-13 02:00:00;4.121178995433791;;;;;;;
2021-05-13 03:00:00;4.121178995433791;;;;;;;
2021-05-13 04:00:00;4.121178995433791;;;;;;;
2021-05-13 05:00:00;4.121178995433791;;;;;;;
2021-05-13 06:00:00;4.121178995433791;;;;;;;
2021-05-13 07:00:00;4.121178995433791;;;;;;;
2021-05-13 08:00:00;4.121178995433791;;;;;;;
2021-05-13 09:00:00;4.121178995433791;;;;;;;
2021-05-13 10:00:00;4.121178995433791;;;;;;;
2021-05-13 11:00:00;4.121178995433791;;;;;;;
2021-05-13 12:00:00;4.121178995433791;;;;;;;
2021-05-13 13:00:00;4.121178995433791;;;;;;;
2021-05-13 14:00:00;4.121178995433791;;;;;;;
2021-05-13 15:00:00;4.121178995433791;;;;;;;
2021-05-13 16:00:00;4.121178995433791;;;;;;;
2021-05-13 17:00:00;4.121178995433791;;;;;;;
2021-05-13 18:00:00;4.121178995433791;;;;;;;
2021-05-13 19:00:00;4.121178995433791;;;;;;;
2021-05-13 20:00:00;4.121178995433791;;;;;;;
2021-05-13 21:00:00;4.121178995433791;;;;;;;
2021-05-13 22:00:00;4.121178995433791;;;;;;;
2021-05-13 23:00:00;4.121178995433791;;;;;;;
2021-05-14 00:00:00;4.121178995433791;;;;;;;
2021-05-14 01:00:00;4.121178995433791;;;;;;;
2021-05-14 02:00:00;4.121178995433791;;;;;;;
2021-05-14 03:00:00;4.121178995433791;;;;;;;
2021-05-14 04:00:00;4.121178995433791;;;;;;;
2021-05-14 05:00:00;4.121178995433791;;;;;;;
2021-05-14 06:00:00;4.121178995433791;;;;;;;
2021-05-14 07:00:00;4.121178995433791;;;;;;;
2021-05-14 08:00:00;4.121178995433791;;;;;;;
2021-05-14 09:00:00;4.121178995433791;;;;;;;
2021-05-14 10:00:00;4.121178995433791;;;;;;;
2021-05-14 11:00:00;4.121178995433791;;;;;;;
2021-05-14 12:00:00;4.121178995433791;;;;;;;
2021-05-14 13:00:00;4.121178995433791;;;;;;;
2021-05-14 14:00:00;4.121178995433791;;;;;;;
2021-05-14 15:00:00;4.121178995433791;;;;;;;
2021-05-14 16:00:00;4.121178995433791;;;;;;;
2021-05-14 17:00:00;4.121178995433791;;;;;;;
2021-05-14 18:00:00;4.121178995433791;;;;;;;
2021-05-14 19:00:00;4.121178995433791;;;;;;;
2021-05-14 20:00:00;4.121178995433791;;;;;;;
2021-05-14 21:00:00;4.121178995433791;;;;;;;
2021-05-14 22:00:00;4.121178995433791;;;;;;;
2021-05-14 23:00:00;4.121178995433791;;;;;;;
2021-05-15 00:00:00;4.121178995433791;;;;;;;
2021-05-15 01:00:00;4.121178995433791;;;;;;;
2021-05-15 02:00:00;4.121178995433791;;;;;;;
2021-05-15 03:00:00;4.121178995433791;;;;;;;
2021-05-15 04:00:00;4.121178995433791;;;;;;;
2021-05-15 05:00:00;4.121178995433791;;;;;;;
2021-05-15 06:00:00;4.121178995433791;;;;;;;
2021-05-15 07:00:00;4.121178995433791;;;;;;;
2021-05-15 08:00:00;4.121178995433791;;;;;;;
2021-05-15 09:00:00;4.121178995433791;;;;;;;
2021-05-15 10:00:00;4.121178995433791;;;;;;;
2021-05-15 11:00:00;4.121178995433791;;;;;;;
2021-05-15 12:00:00;4.121178995433791;;;;;;;
2021-05-15 13:00:00;4.121178995433791;;;;;;;
2021-05-15 14:00:00;4.121178995433791;;;;;;;
2021-05-15 15:00:00;4.121178995433791;;;;;;;
2021-05-15 16:00:00;4.121178995433791;;;;;;;
2021-05-15 17:00:00;4.121178995433791;;;;;;;
2021-05-15 18:00:00;4.121178995433791;;;;;;;
2021-05-15 19:00:00;4.121178995433791;;;;;;;
2021-05-15 20:00:00;4.121178995433791;;;;;;;
2021-05-15 21:00:00;4.121178995433791;;;;;;;
2021-05-15 22:00:00;4.121178995433791;;;;;;;
2021-05-15 23:00:00;4.121178995433791;;;;;;;
2021-05-16 00:00:00;4.121178995433791;;;;;;;
2021-05-16 01:00:00;4.121178995433791;;;;;;;
2021-05-16 02:00:00;4.121178995433791;;;;;;;
2021-05-16 03:00:00;4.121178995433791;;;;;;;
2021-05-16 04:00:00;4.121178995433791;;;;;;;
2021-05-16 05:00:00;4.121178995433791;;;;;;;
2021-05-16 06:00:00;4.121178995433791;;;;;;;
2021-05-16 07:00:00;4.121178995433791;;;;;;;
2021-05-16 08:00:00;4.121178995433791;;;;;;;
2021-05-16 09:00:00;4.121178995433791;;;;;;;
2021-05-16 10:00:00;4.121178995433791;;;;;;;
2021-05-16 11:00:00;4.121178995433791;;;;;;;
2021-05-16 12:00:00;4.121178995433791;;;;;;;
2021-05-16 13:00:00;4.121178995433791;;;;;;;
2021-05-16 14:00:00;4.121178995433791;;;;;;;
2021-05-16 15:00:00;4.121178995433791;;;;;;;
2021-05-16 16:00:00;4.121178995433791;;;;;;;
2021-05-16 17:00:00;4.121178995433791;;;;;;;
2021-05-16 18:00:00;4.121178995433791;;;;;;;
2021-05-16 19:00:00;4.121178995433791;;;;;;;
2021-05-16 20:00:00;4.121178995433791;;;;;;;
2021-05-16 21:00:00;4.121178995433791;;;;;;;
2021-05-16 22:00:00;4.121178995433791;;;;;;;
2021-05-16 23:00:00;4.121178995433791;;;;;;;
2021-05-17 00:00:00;4.121178995433791;;;;;;;
2021-05-17 01:00:00;4.121178995433791;;;;;;;
2021-05-17 02:00:00;4.121178995433791;;;;;;;
2021-05-17 03:00:00;4.121178995433791;;;;;;;
2021-05-17 04:00:00;4.121178995433791;;;;;;;
2021-05-17 05:00:00;4.121178995433791;;;;;;;
2021-05-17 06:00:00;4.121178995433791;;;;;;;
2021-05-17 07:00:00;4.121178995433791;;;;;;;
2021-05-17 08:00:00;4.121178995433791;;;;;;;
2021-05-17 09:00:00;4.121178995433791;;;;;;;
2021-05-17 10:00:00;4.121178995433791;;;;;;;
2021-05-17 11:00:00;4.121178995433791;;;;;;;
2021-05-17 12:00:00;4.121178995433791;;;;;;;
2021-05-17 13:00:00;4.121178995433791;;;;;;;
2021-05-17 14:00:00;4.121178995433791;;;;;;;
2021-05-17 15:00:00;4.121178995433791;;;;;;;
2021-05-17 16:00:00;4.121178995433791;;;;;;;
2021-05-17 17:00:00;4.121178995433791;;;;;;;
2021-05-17 18:00:00;4.121178995433791;;;;;;;
2021-05-17 19:00:00;4.121178995433791;;;;;;;
2021-05-17 20:00:00;4.121178995433791;;;;;;;
2021-05-17 21:00:00;4.121178995433791;;;;;;;
2021-05-17 22:00:00;4.121178995433791;;;;;;;
2021-05-17 23:00:00;4.121178995433791;;;;;;;
2021-05-18 00:00:00;4.121178995433791;;;;;;;
2021-05-18 01:00:00;4.121178995433791;;;;;;;
2021-05-18 02:00:00;4.121178995433791;;;;;;;
2021-05-18 03:00:00;4.121178995433791;;;;;;;
2021-05-18 04:00:00;4.121178995433791;;;;;;;
2021-05-18 05:00:00;4.121178995433791;;;;;;;
2021-05-18 06:00:00;4.121178995433791;;;;;;;
2021-05-18 07:00:00;4.121178995433791;;;;;;;
2021-05-18 08:00:00;4.121178995433791;;;;;;;
2021-05-18 09:00:00;4.121178995433791;;;;;;;
2021-05-18 10:00:00;4.121178995433791;;;;;;;
2021-05-18 11:00:00;4.121178995433791;;;;;;;
2021-05-18 12:00:00;4.121178995433791;;;;;;;
2021-05-18 13:00:00;4.121178995433791;;;;;;;
2021-05-18 14:00:00;4.121178995433791;;;;;;;
2021-05-18 15:00:00;4.121178995433791;;;;;;;
2021-05-18 16:00:00;4.121178995433791;;;;;;;
2021-05-18 17:00:00;4.121178995433791;;;;;;;
2021-05-18 18:00:00;4.121178995433791;;;;;;;
2021-05-18 19:00:00;4.121178995433791;;;;;;;
2021-05-18 20:00:00;4.121178995433791;;;;;;;
2021-05-18 21:00:00;4.121178995433791;;;;;;;
2021-05-18 22:00:00;4.121178995433791;;;;;;;
2021-05-18 23:00:00;4.121178995433791;;;;;;;
2021-05-19 00:00:00;4.121178995433791;;;;;;;
2021-05-19 01:00:00;4.121178995433791;;;;;;;
2021-05-19 02:00:00;4.121178995433791;;;;;;;
2021-05-19 03:00:00;4.121178995433791;;;;;;;
2021-05-19 04:00:00;4.121178995433791;;;;;;;
2021-05-19 05:00:00;4.121178995433791;;;;;;;
2021-05-19 06:00:00;4.121178995433791;;;;;;;
2021-05-19 07:00:00;4.121178995433791;;;;;;;
2021-05-19 08:00:00;4.121178995433791;;;;;;;
2021-05-19 09:00:00;4.121178995433791;;;;;;;
2021-05-19 10:00:00;4.121178995433791;;;;;;;
2021-05-19 11:00:00;4.121178995433791;;;;;;;
2021-05-19 12:00:00;4.121178995433791;;;;;;;
2021-05-19 13:00:00;4.121178995433791;;;;;;;
2021-05-19 14:00:00;4.121178995433791;;;;;;;
2021-05-19 15:00:00;4.121178995433791;;;;;;;
2021-05-19 16:00:00;4.121178995433791;;;;;;;
2021-05-19 17:00:00;4.121178995433791;;;;;;;
2021-05-19 18:00:00;4.121178995433791;;;;;;;
2021-05-19 19:00:00;4.121178995433791;;;;;;;
2021-05-19 20:00:00;4.121178995433791;;;;;;;
2021-05-19 21:00:00;4.121178995433791;;;;;;;
2021-05-19 22:00:00;4.121178995433791;;;;;;;
2021-05-19 23:00:00;4.121178995433791;;;;;;;
2021-05-20 00:00:00;4.121178995433791;;;;;;;
2021-05-20 01:00:00;4.121178995433791;;;;;;;
2021-05-20 02:00:00;4.121178995433791;;;;;;;
2021-05-20 03:00:00;4.121178995433791;;;;;;;
2021-05-20 04:00:00;4.121178995433791;;;;;;;
2021-05-20 05:00:00;4.121178995433791;;;;;;;
2021-05-20 06:00:00;4.121178995433791;;;;;;;
2021-05-20 07:00:00;4.121178995433791;;;;;;;
2021-05-20 08:00:00;4.121178995433791;;;;;;;
2021-05-20 09:00:00;4.121178995433791;;;;;;;
2021-05-20 10:00:00;4.121178995433791;;;;;;;
2021-05-20 11:00:00;4.121178995433791;;;;;;;
2021-05-20 12:00:00;4.121178995433791;;;;;;;
2021-05-20 13:00:00;4.121178995433791;;;;;;;
2021-05-20 14:00:00;4.121178995433791;;;;;;;
2021-05-20 15:00:00;4.121178995433791;;;;;;;
2021-05-20 16:00:00;4.121178995433791;;;;;;;
2021-05-20 17:00:00;4.121178995433791;;;;;;;
2021-05-20 18:00:00;4.121178995433791;;;;;;;
2021-05-20 19:00:00;4.121178995433791;;;;;;;
2021-05-20 20:00:00;4.121178995433791;;;;;;;
2021-05-20 21:00:00;4.121178995433791;;;;;;;
2021-05-20 22:00:00;4.121178995433791;;;;;;;
2021-05-20 23:00:00;4.121178995433791;;;;;;;
2021-05-21 00:00:00;4.121178995433791;;;;;;;
2021-05-21 01:00:00;4.121178995433791;;;;;;;
2021-05-21 02:00:00;4.121178995433791;;;;;;;
2021-05-21 03:00:00;4.121178995433791;;;;;;;
2021-05-21 04:00:00;4.121178995433791;;;;;;;
2021-05-21 05:00:00;4.121178995433791;;;;;;;
2021-05-21 06:00:00;4.121178995433791;;;;;;;
2021-05-21 07:00:00;4.121178995433791;;;;;;;
2021-05-21 08:00:00;4.121178995433791;;;;;;;
2021-05-21 09:00:00;4.121178995433791;;;;;;;
2021-05-21 10:00:00;4.121178995433791;;;;;;;
2021-05-21 11:00:00;4.121178995433791;;;;;;;
2021-05-21 12:00:00;4.121178995433791;;;;;;;
2021-05-21 13:00:00;4.121178995433791;;;;;;;
2021-05-21 14:00:00;4.121178995433791;;;;;;;
2021-05-21 15:00:00;4.121178995433791;;;;;;;
2021-05-21 16:00:00;4.121178995433791;;;;;;;
2021-05-21 17:00:00;4.121178995433791;;;;;;;
2021-05-21 18:00:00;4.121178995433791;;;;;;;
2021-05-21 19:00:00;4.121178995433791;;;;;;;
2021-05-21 20:00:00;4.121178995433791;;;;;;;
2021-05-21 21:00:00;4.121178995433791;;;;;;;
2021-05-21 22:00:00;4.121178995433791;;;;;;;
2021-05-21 23:00:00;4.121178995433791;;;;;;;
2021-05-22 00:00:00;4.121178995433791;;;;;;;
2021-05-22 01:00:00;4.121178995433791;;;;;;;
2021-05-22 02:00:00;4.121178995433791;;;;;;;
2021-05-22 03:00:00;4.121178995433791;;;;;;;
2021-05-22 04:00:00;4.121178995433791;;;;;;;
2021-05-22 05:00:00;4.121178995433791;;;;;;;
2021-05-22 06:00:00;4.121178995433791;;;;;;;
2021-05-22 07:00:00;4.121178995433791;;;;;;;
2021-05-22 08:00:00;4.121178995433791;;;;;;;
2021-05-22 09:00:00;4.121178995433791;;;;;;;
2021-05-22 10:00:00;4.121178995433791;;;;;;;
2021-05-22 11:00:00;4.121178995433791;;;;;;;
2021-05-22 12:00:00;4.121178995433791;;;;;;;
2021-05-22 13:00:00;4.121178995433791;;;;;;;
2021-05-22 14:00:00;4.121178995433791;;;;;;;
2021-05-22 15:00:00;4.121178995433791;;;;;;;
2021-05-22 16:00:00;4.121178995433791;;;;;;;
2021-05-22 17:00:00;4.121178995433791;;;;;;;
2021-05-22 18:00:00;4.121178995433791;;;;;;;
2021-05-22 19:00:00;4.121178995433791;;;;;;;
2021-05-22 20:00:00;4.121178995433791;;;;;;;
2021-05-22 21:00:00;4.121178995433791;;;;;;;
2021-05-22 22:00:00;4.121178995433791;;;;;;;
2021-05-22 23:00:00;4.121178995433791;;;;;;;
2021-05-23 00:00:00;4.121178995433791;;;;;;;
2021-05-23 01:00:00;4.121178995433791;;;;;;;
2021-05-23 02:00:00;4.121178995433791;;;;;;;
2021-05-23 03:00:00;4.121178995433791;;;;;;;
2021-05-23 04:00:00;4.121178995433791;;;;;;;
2021-05-23 05:00:00;4.121178995433791;;;;;;;
2021-05-23 06:00:00;4.121178995433791;;;;;;;
2021-05-23 07:00:00;4.121178995433791;;;;;;;
2021-05-23 08:00:00;4.121178995433791;;;;;;;
2021-05-23 09:00:00;4.121178995433791;;;;;;;
2021-05-23 10:00:00;4.121178995433791;;;;;;;
2021-05-23 11:00:00;4.121178995433791;;;;;;;
2021-05-23 12:00:00;4.121178995433791;;;;;;;
2021-05-23 13:00:00;4.121178995433791;;;;;;;
2021-05-23 14:00:00;4.121178995433791;;;;;;;
2021-05-23 15:00:00;4.121178995433791;;;;;;;
2021-05-23 16:00:00;4.121178995433791;;;;;;;
2021-05-23 17:00:00;4.121178995433791;;;;;;;
2021-05-23 18:00:00;4.121178995433791;;;;;;;
2021-05-23 19:00:00;4.121178995433791;;;;;;;
2021-05-23 20:00:00;4.121178995433791;;;;;;;
2021-05-23 21:00:00;4.121178995433791;;;;;;;
2021-05-23 22:00:00;4.121178995433791;;;;;;;
2021-05-23 23:00:00;4.121178995433791;;;;;;;
2021-05-24 00:00:00;4.121178995433791;;;;;;;
2021-05-24 01:00:00;4.121178995433791;;;;;;;
2021-05-24 02:00:00;4.121178995433791;;;;;;;
2021-05-24 03:00:00;4.121178995433791;;;;;;;
2021-05-24 04:00:00;4.121178995433791;;;;;;;
2021-05-24 05:00:00;4.121178995433791;;;;;;;
2021-05-24 06:00:00;4.121178995433791;;;;;;;
2021-05-24 07:00:00;4.121178995433791;;;;;;;
2021-05-24 08:00:00;4.121178995433791;;;;;;;
2021-05-24 09:00:00;4.121178995433791;;;;;;;
2021-05-24 10:00:00;4.121178995433791;;;;;;;
2021-05-24 11:00:00;4.121178995433791;;;;;;;
2021-05-24 12:00:00;4.121178995433791;;;;;;;
2021-05-24 13:00:00;4.121178995433791;;;;;;;
2021-05-24 14:00:00;4.121178995433791;;;;;;;
2021-05-24 15:00:00;4.121178995433791;;;;;;;
2021-05-24 16:00:00;4.121178995433791;;;;;;;
2021-05-24 17:00:00;4.121178995433791;;;;;;;
2021-05-24 18:00:00;4.121178995433791;;;;;;;
2021-05-24 19:00:00;4.121178995433791;;;;;;;
2021-05-24 20:00:00;4.121178995433791;;;;;;;
2021-05-24 21:00:00;4.121178995433791;;;;;;;
2021-05-24 22:00:00;4.121178995433791;;;;;;;
2021-05-24 23:00:00;4.121178995433791;;;;;;;
2021-05-25 00:00:00;4.121178995433791;;;;;;;
2021-05-25 01:00:00;4.121178995433791;;;;;;;
2021-05-25 02:00:00;4.121178995433791;;;;;;;
2021-05-25 03:00:00;4.121178995433791;;;;;;;
2021-05-25 04:00:00;4.121178995433791;;;;;;;
2021-05-25 05:00:00;4.121178995433791;;;;;;;
2021-05-25 06:00:00;4.121178995433791;;;;;;;
2021-05-25 07:00:00;4.121178995433791;;;;;;;
2021-05-25 08:00:00;4.121178995433791;;;;;;;
2021-05-25 09:00:00;4.121178995433791;;;;;;;
2021-05-25 10:00:00;4.121178995433791;;;;;;;
2021-05-25 11:00:00;4.121178995433791;;;;;;;
2021-05-25 12:00:00;4.121178995433791;;;;;;;
2021-05-25 13:00:00;4.121178995433791;;;;;;;
2021-05-25 14:00:00;4.121178995433791;;;;;;;
2021-05-25 15:00:00;4.121178995433791;;;;;;;
2021-05-25 16:00:00;4.121178995433791;;;;;;;
2021-05-25 17:00:00;4.121178995433791;;;;;;;
2021-05-25 18:00:00;4.121178995433791;;;;;;;
2021-05-25 19:00:00;4.121178995433791;;;;;;;
2021-05-25 20:00:00;4.121178995433791;;;;;;;
2021-05-25 21:00:00;4.121178995433791;;;;;;;
2021-05-25 22:00:00;4.121178995433791;;;;;;;
2021-05-25 23:00:00;4.121178995433791;;;;;;;
2021-05-26 00:00:00;4.121178995433791;;;;;;;
2021-05-26 01:00:00;4.121178995433791;;;;;;;
2021-05-26 02:00:00;4.121178995433791;;;;;;;
2021-05-26 03:00:00;4.121178995433791;;;;;;;
2021-05-26 04:00:00;4.121178995433791;;;;;;;
2021-05-26 05:00:00;4.121178995433791;;;;;;;
2021-05-26 06:00:00;4.121178995433791;;;;;;;
2021-05-26 07:00:00;4.121178995433791;;;;;;;
2021-05-26 08:00:00;4.121178995433791;;;;;;;
2021-05-26 09:00:00;4.121178995433791;;;;;;;
2021-05-26 10:00:00;4.121178995433791;;;;;;;
2021-05-26 11:00:00;4.121178995433791;;;;;;;
2021-05-26 12:00:00;4.121178995433791;;;;;;;
2021-05-26 13:00:00;4.121178995433791;;;;;;;
2021-05-26 14:00:00;4.121178995433791;;;;;;;
2021-05-26 15:00:00;4.121178995433791;;;;;;;
2021-05-26 16:00:00;4.121178995433791;;;;;;;
2021-05-26 17:00:00;4.121178995433791;;;;;;;
2021-05-26 18:00:00;4.121178995433791;;;;;;;
2021-05-26 19:00:00;4.121178995433791;;;;;;;
2021-05-26 20:00:00;4.121178995433791;;;;;;;
2021-05-26 21:00:00;4.121178995433791;;;;;;;
2021-05-26 22:00:00;4.121178995433791;;;;;;;
2021-05-26 23:00:00;4.121178995433791;;;;;;;
2021-05-27 00:00:00;4.121178995433791;;;;;;;
2021-05-27 01:00:00;4.121178995433791;;;;;;;
2021-05-27 02:00:00;4.121178995433791;;;;;;;
2021-05-27 03:00:00;4.121178995433791;;;;;;;
2021-05-27 04:00:00;4.121178995433791;;;;;;;
2021-05-27 05:00:00;4.121178995433791;;;;;;;
2021-05-27 06:00:00;4.121178995433791;;;;;;;
2021-05-27 07:00:00;4.121178995433791;;;;;;;
2021-05-27 08:00:00;4.121178995433791;;;;;;;
2021-05-27 09:00:00;4.121178995433791;;;;;;;
2021-05-27 10:00:00;4.121178995433791;;;;;;;
2021-05-27 11:00:00;4.121178995433791;;;;;;;
2021-05-27 12:00:00;4.121178995433791;;;;;;;
2021-05-27 13:00:00;4.121178995433791;;;;;;;
2021-05-27 14:00:00;4.121178995433791;;;;;;;
2021-05-27 15:00:00;4.121178995433791;;;;;;;
2021-05-27 16:00:00;4.121178995433791;;;;;;;
2021-05-27 17:00:00;4.121178995433791;;;;;;;
2021-05-27 18:00:00;4.121178995433791;;;;;;;
2021-05-27 19:00:00;4.121178995433791;;;;;;;
2021-05-27 20:00:00;4.121178995433791;;;;;;;
2021-05-27 21:00:00;4.121178995433791;;;;;;;
2021-05-27 22:00:00;4.121178995433791;;;;;;;
2021-05-27 23:00:00;4.121178995433791;;;;;;;
2021-05-28 00:00:00;4.121178995433791;;;;;;;
2021-05-28 01:00:00;4.121178995433791;;;;;;;
2021-05-28 02:00:00;4.121178995433791;;;;;;;
2021-05-28 03:00:00;4.121178995433791;;;;;;;
2021-05-28 04:00:00;4.121178995433791;;;;;;;
2021-05-28 05:00:00;4.121178995433791;;;;;;;
2021-05-28 06:00:00;4.121178995433791;;;;;;;
2021-05-28 07:00:00;4.121178995433791;;;;;;;
2021-05-28 08:00:00;4.121178995433791;;;;;;;
2021-05-28 09:00:00;4.121178995433791;;;;;;;
2021-05-28 10:00:00;4.121178995433791;;;;;;;
2021-05-28 11:00:00;4.121178995433791;;;;;;;
2021-05-28 12:00:00;4.121178995433791;;;;;;;
2021-05-28 13:00:00;4.121178995433791;;;;;;;
2021-05-28 14:00:00;4.121178995433791;;;;;;;
2021-05-28 15:00:00;4.121178995433791;;;;;;;
2021-05-28 16:00:00;4.121178995433791;;;;;;;
2021-05-28 17:00:00;4.121178995433791;;;;;;;
2021-05-28 18:00:00;4.121178995433791;;;;;;;
2021-05-28 19:00:00;4.121178995433791;;;;;;;
2021-05-28 20:00:00;4.121178995433791;;;;;;;
2021-05-28 21:00:00;4.121178995433791;;;;;;;
2021-05-28 22:00:00;4.121178995433791;;;;;;;
2021-05-28 23:00:00;4.121178995433791;;;;;;;
2021-05-29 00:00:00;4.121178995433791;;;;;;;
2021-05-29 01:00:00;4.121178995433791;;;;;;;
2021-05-29 02:00:00;4.121178995433791;;;;;;;
2021-05-29 03:00:00;4.121178995433791;;;;;;;
2021-05-29 04:00:00;4.121178995433791;;;;;;;
2021-05-29 05:00:00;4.121178995433791;;;;;;;
2021-05-29 06:00:00;4.121178995433791;;;;;;;
2021-05-29 07:00:00;4.121178995433791;;;;;;;
2021-05-29 08:00:00;4.121178995433791;;;;;;;
2021-05-29 09:00:00;4.121178995433791;;;;;;;
2021-05-29 10:00:00;4.121178995433791;;;;;;;
2021-05-29 11:00:00;4.121178995433791;;;;;;;
2021-05-29 12:00:00;4.121178995433791;;;;;;;
2021-05-29 13:00:00;4.121178995433791;;;;;;;
2021-05-29 14:00:00;4.121178995433791;;;;;;;
2021-05-29 15:00:00;4.121178995433791;;;;;;;
2021-05-29 16:00:00;4.121178995433791;;;;;;;
2021-05-29 17:00:00;4.121178995433791;;;;;;;
2021-05-29 18:00:00;4.121178995433791;;;;;;;
2021-05-29 19:00:00;4.121178995433791;;;;;;;
2021-05-29 20:00:00;4.121178995433791;;;;;;;
2021-05-29 21:00:00;4.121178995433791;;;;;;;
2021-05-29 22:00:00;4.121178995433791;;;;;;;
2021-05-29 23:00:00;4.121178995433791;;;;;;;
2021-05-30 00:00:00;4.121178995433791;;;;;;;
2021-05-30 01:00:00;4.121178995433791;;;;;;;
2021-05-30 02:00:00;4.121178995433791;;;;;;;
2021-05-30 03:00:00;4.121178995433791;;;;;;;
2021-05-30 04:00:00;4.121178995433791;;;;;;;
2021-05-30 05:00:00;4.121178995433791;;;;;;;
2021-05-30 06:00:00;4.121178995433791;;;;;;;
2021-05-30 07:00:00;4.121178995433791;;;;;;;
2021-05-30 08:00:00;4.121178995433791;;;;;;;
2021-05-30 09:00:00;4.121178995433791;;;;;;;
2021-05-30 10:00:00;4.121178995433791;;;;;;;
2021-05-30 11:00:00;4.121178995433791;;;;;;;
2021-05-30 12:00:00;4.121178995433791;;;;;;;
2021-05-30 13:00:00;4.121178995433791;;;;;;;
2021-05-30 14:00:00;4.121178995433791;;;;;;;
2021-05-30 15:00:00;4.121178995433791;;;;;;;
2021-05-30 16:00:00;4.121178995433791;;;;;;;
2021-05-30 17:00:00;4.121178995433791;;;;;;;
2021-05-30 18:00:00;4.121178995433791;;;;;;;
2021-05-30 19:00:00;4.121178995433791;;;;;;;
2021-05-30 20:00:00;4.121178995433791;;;;;;;
2021-05-30 21:00:00;4.121178995433791;;;;;;;
2021-05-30 22:00:00;4.121178995433791;;;;;;;
2021-05-30 23:00:00;4.121178995433791;;;;;;;
2021-05-31 00:00:00;4.121178995433791;;;;;;;
2021-05-31 01:00:00;4.121178995433791;;;;;;;
2021-05-31 02:00:00;4.121178995433791;;;;;;;
2021-05-31 03:00:00;4.121178995433791;;;;;;;
2021-05-31 04:00:00;4.121178995433791;;;;;;;
2021-05-31 05:00:00;4.121178995433791;;;;;;;
2021-05-31 06:00:00;4.121178995433791;;;;;;;
2021-05-31 07:00:00;4.121178995433791;;;;;;;
2021-05-31 08:00:00;4.121178995433791;;;;;;;
2021-05-31 09:00:00;4.121178995433791;;;;;;;
2021-05-31 10:00:00;4.121178995433791;;;;;;;
2021-05-31 11:00:00;4.121178995433791;;;;;;;
2021-05-31 12:00:00;4.121178995433791;;;;;;;
2021-05-31 13:00:00;4.121178995433791;;;;;;;
2021-05-31 14:00:00;4.121178995433791;;;;;;;
2021-05-31 15:00:00;4.121178995433791;;;;;;;
2021-05-31 16:00:00;4.121178995433791;;;;;;;
2021-05-31 17:00:00;4.121178995433791;;;;;;;
2021-05-31 18:00:00;4.121178995433791;;;;;;;
2021-05-31 19:00:00;4.121178995433791;;;;;;;
2021-05-31 20:00:00;4.121178995433791;;;;;;;
2021-05-31 21:00:00;4.121178995433791;;;;;;;
2021-05-31 22:00:00;4.121178995433791;;;;;;;
2021-05-31 23:00:00;4.121178995433791;;;;;;;
2021-06-01 00:00:00;4.121178995433791;;;;;;;
2021-06-01 01:00:00;4.121178995433791;;;;;;;
2021-06-01 02:00:00;4.121178995433791;;;;;;;
2021-06-01 03:00:00;4.121178995433791;;;;;;;
2021-06-01 04:00:00;4.121178995433791;;;;;;;
2021-06-01 05:00:00;4.121178995433791;;;;;;;
2021-06-01 06:00:00;4.121178995433791;;;;;;;
2021-06-01 07:00:00;4.121178995433791;;;;;;;
2021-06-01 08:00:00;4.121178995433791;;;;;;;
2021-06-01 09:00:00;4.121178995433791;;;;;;;
2021-06-01 10:00:00;4.121178995433791;;;;;;;
2021-06-01 11:00:00;4.121178995433791;;;;;;;
2021-06-01 12:00:00;4.121178995433791;;;;;;;
2021-06-01 13:00:00;4.121178995433791;;;;;;;
2021-06-01 14:00:00;4.121178995433791;;;;;;;
2021-06-01 15:00:00;4.121178995433791;;;;;;;
2021-06-01 16:00:00;4.121178995433791;;;;;;;
2021-06-01 17:00:00;4.121178995433791;;;;;;;
2021-06-01 18:00:00;4.121178995433791;;;;;;;
2021-06-01 19:00:00;4.121178995433791;;;;;;;
2021-06-01 20:00:00;4.121178995433791;;;;;;;
2021-06-01 21:00:00;4.121178995433791;;;;;;;
2021-06-01 22:00:00;4.121178995433791;;;;;;;
2021-06-01 23:00:00;4.121178995433791;;;;;;;
2021-06-02 00:00:00;4.121178995433791;;;;;;;
2021-06-02 01:00:00;4.121178995433791;;;;;;;
2021-06-02 02:00:00;4.121178995433791;;;;;;;
2021-06-02 03:00:00;4.121178995433791;;;;;;;
2021-06-02 04:00:00;4.121178995433791;;;;;;;
2021-06-02 05:00:00;4.121178995433791;;;;;;;
2021-06-02 06:00:00;4.121178995433791;;;;;;;
2021-06-02 07:00:00;4.121178995433791;;;;;;;
2021-06-02 08:00:00;4.121178995433791;;;;;;;
2021-06-02 09:00:00;4.121178995433791;;;;;;;
2021-06-02 10:00:00;4.121178995433791;;;;;;;
2021-06-02 11:00:00;4.121178995433791;;;;;;;
2021-06-02 12:00:00;4.121178995433791;;;;;;;
2021-06-02 13:00:00;4.121178995433791;;;;;;;
2021-06-02 14:00:00;4.121178995433791;;;;;;;
2021-06-02 15:00:00;4.121178995433791;;;;;;;
2021-06-02 16:00:00;4.121178995433791;;;;;;;
2021-06-02 17:00:00;4.121178995433791;;;;;;;
2021-06-02 18:00:00;4.121178995433791;;;;;;;
2021-06-02 19:00:00;4.121178995433791;;;;;;;
2021-06-02 20:00:00;4.121178995433791;;;;;;;
2021-06-02 21:00:00;4.121178995433791;;;;;;;
2021-06-02 22:00:00;4.121178995433791;;;;;;;
2021-06-02 23:00:00;4.121178995433791;;;;;;;
2021-06-03 00:00:00;4.121178995433791;;;;;;;
2021-06-03 01:00:00;4.121178995433791;;;;;;;
2021-06-03 02:00:00;4.121178995433791;;;;;;;
2021-06-03 03:00:00;4.121178995433791;;;;;;;
2021-06-03 04:00:00;4.121178995433791;;;;;;;
2021-06-03 05:00:00;4.121178995433791;;;;;;;
2021-06-03 06:00:00;4.121178995433791;;;;;;;
2021-06-03 07:00:00;4.121178995433791;;;;;;;
2021-06-03 08:00:00;4.121178995433791;;;;;;;
2021-06-03 09:00:00;4.121178995433791;;;;;;;
2021-06-03 10:00:00;4.121178995433791;;;;;;;
2021-06-03 11:00:00;4.121178995433791;;;;;;;
2021-06-03 12:00:00;4.121178995433791;;;;;;;
2021-06-03 13:00:00;4.121178995433791;;;;;;;
2021-06-03 14:00:00;4.121178995433791;;;;;;;
2021-06-03 15:00:00;4.121178995433791;;;;;;;
2021-06-03 16:00:00;4.121178995433791;;;;;;;
2021-06-03 17:00:00;4.121178995433791;;;;;;;
2021-06-03 18:00:00;4.121178995433791;;;;;;;
2021-06-03 19:00:00;4.121178995433791;;;;;;;
2021-06-03 20:00:00;4.121178995433791;;;;;;;
2021-06-03 21:00:00;4.121178995433791;;;;;;;
2021-06-03 22:00:00;4.121178995433791;;;;;;;
2021-06-03 23:00:00;4.121178995433791;;;;;;;
2021-06-04 00:00:00;4.121178995433791;;;;;;;
2021-06-04 01:00:00;4.121178995433791;;;;;;;
2021-06-04 02:00:00;4.121178995433791;;;;;;;
2021-06-04 03:00:00;4.121178995433791;;;;;;;
2021-06-04 04:00:00;4.121178995433791;;;;;;;
2021-06-04 05:00:00;4.121178995433791;;;;;;;
2021-06-04 06:00:00;4.121178995433791;;;;;;;
2021-06-04 07:00:00;4.121178995433791;;;;;;;
2021-06-04 08:00:00;4.121178995433791;;;;;;;
2021-06-04 09:00:00;4.121178995433791;;;;;;;
2021-06-04 10:00:00;4.121178995433791;;;;;;;
2021-06-04 11:00:00;4.121178995433791;;;;;;;
2021-06-04 12:00:00;4.121178995433791;;;;;;;
2021-06-04 13:00:00;4.121178995433791;;;;;;;
2021-06-04 14:00:00;4.121178995433791;;;;;;;
2021-06-04 15:00:00;4.121178995433791;;;;;;;
2021-06-04 16:00:00;4.121178995433791;;;;;;;
2021-06-04 17:00:00;4.121178995433791;;;;;;;
2021-06-04 18:00:00;4.121178995433791;;;;;;;
2021-06-04 19:00:00;4.121178995433791;;;;;;;
2021-06-04 20:00:00;4.121178995433791;;;;;;;
2021-06-04 21:00:00;4.121178995433791;;;;;;;
2021-06-04 22:00:00;4.121178995433791;;;;;;;
2021-06-04 23:00:00;4.121178995433791;;;;;;;
2021-06-05 00:00:00;4.121178995433791;;;;;;;
2021-06-05 01:00:00;4.121178995433791;;;;;;;
2021-06-05 02:00:00;4.121178995433791;;;;;;;
2021-06-05 03:00:00;4.121178995433791;;;;;;;
2021-06-05 04:00:00;4.121178995433791;;;;;;;
2021-06-05 05:00:00;4.121178995433791;;;;;;;
2021-06-05 06:00:00;4.121178995433791;;;;;;;
2021-06-05 07:00:00;4.121178995433791;;;;;;;
2021-06-05 08:00:00;4.121178995433791;;;;;;;
2021-06-05 09:00:00;4.121178995433791;;;;;;;
2021-06-05 10:00:00;4.121178995433791;;;;;;;
2021-06-05 11:00:00;4.121178995433791;;;;;;;
2021-06-05 12:00:00;4.121178995433791;;;;;;;
2021-06-05 13:00:00;4.121178995433791;;;;;;;
2021-06-05 14:00:00;4.121178995433791;;;;;;;
2021-06-05 15:00:00;4.121178995433791;;;;;;;
2021-06-05 16:00:00;4.121178995433791;;;;;;;
2021-06-05 17:00:00;4.121178995433791;;;;;;;
2021-06-05 18:00:00;4.121178995433791;;;;;;;
2021-06-05 19:00:00;4.121178995433791;;;;;;;
2021-06-05 20:00:00;4.121178995433791;;;;;;;
2021-06-05 21:00:00;4.121178995433791;;;;;;;
2021-06-05 22:00:00;4.121178995433791;;;;;;;
2021-06-05 23:00:00;4.121178995433791;;;;;;;
2021-06-06 00:00:00;4.121178995433791;;;;;;;
2021-06-06 01:00:00;4.121178995433791;;;;;;;
2021-06-06 02:00:00;4.121178995433791;;;;;;;
2021-06-06 03:00:00;4.121178995433791;;;;;;;
2021-06-06 04:00:00;4.121178995433791;;;;;;;
2021-06-06 05:00:00;4.121178995433791;;;;;;;
2021-06-06 06:00:00;4.121178995433791;;;;;;;
2021-06-06 07:00:00;4.121178995433791;;;;;;;
2021-06-06 08:00:00;4.121178995433791;;;;;;;
2021-06-06 09:00:00;4.121178995433791;;;;;;;
2021-06-06 10:00:00;4.121178995433791;;;;;;;
2021-06-06 11:00:00;4.121178995433791;;;;;;;
2021-06-06 12:00:00;4.121178995433791;;;;;;;
2021-06-06 13:00:00;4.121178995433791;;;;;;;
2021-06-06 14:00:00;4.121178995433791;;;;;;;
2021-06-06 15:00:00;4.121178995433791;;;;;;;
2021-06-06 16:00:00;4.121178995433791;;;;;;;
2021-06-06 17:00:00;4.121178995433791;;;;;;;
2021-06-06 18:00:00;4.121178995433791;;;;;;;
2021-06-06 19:00:00;4.121178995433791;;;;;;;
2021-06-06 20:00:00;4.121178995433791;;;;;;;
2021-06-06 21:00:00;4.121178995433791;;;;;;;
2021-06-06 22:00:00;4.121178995433791;;;;;;;
2021-06-06 23:00:00;4.121178995433791;;;;;;;
2021-06-07 00:00:00;4.121178995433791;;;;;;;
2021-06-07 01:00:00;4.121178995433791;;;;;;;
2021-06-07 02:00:00;4.121178995433791;;;;;;;
2021-06-07 03:00:00;4.121178995433791;;;;;;;
2021-06-07 04:00:00;4.121178995433791;;;;;;;
2021-06-07 05:00:00;4.121178995433791;;;;;;;
2021-06-07 06:00:00;4.121178995433791;;;;;;;
2021-06-07 07:00:00;4.121178995433791;;;;;;;
2021-06-07 08:00:00;4.121178995433791;;;;;;;
2021-06-07 09:00:00;4.121178995433791;;;;;;;
2021-06-07 10:00:00;4.121178995433791;;;;;;;
2021-06-07 11:00:00;4.121178995433791;;;;;;;
2021-06-07 12:00:00;4.121178995433791;;;;;;;
2021-06-07 13:00:00;4.121178995433791;;;;;;;
2021-06-07 14:00:00;4.121178995433791;;;;;;;
2021-06-07 15:00:00;4.121178995433791;;;;;;;
2021-06-07 16:00:00;4.121178995433791;;;;;;;
2021-06-07 17:00:00;4.121178995433791;;;;;;;
2021-06-07 18:00:00;4.121178995433791;;;;;;;
2021-06-07 19:00:00;4.121178995433791;;;;;;;
2021-06-07 20:00:00;4.121178995433791;;;;;;;
2021-06-07 21:00:00;4.121178995433791;;;;;;;
2021-06-07 22:00:00;4.121178995433791;;;;;;;
2021-06-07 23:00:00;4.121178995433791;;;;;;;
2021-06-08 00:00:00;4.121178995433791;;;;;;;
2021-06-08 01:00:00;4.121178995433791;;;;;;;
2021-06-08 02:00:00;4.121178995433791;;;;;;;
2021-06-08 03:00:00;4.121178995433791;;;;;;;
2021-06-08 04:00:00;4.121178995433791;;;;;;;
2021-06-08 05:00:00;4.121178995433791;;;;;;;
2021-06-08 06:00:00;4.121178995433791;;;;;;;
2021-06-08 07:00:00;4.121178995433791;;;;;;;
2021-06-08 08:00:00;4.121178995433791;;;;;;;
2021-06-08 09:00:00;4.121178995433791;;;;;;;
2021-06-08 10:00:00;4.121178995433791;;;;;;;
2021-06-08 11:00:00;4.121178995433791;;;;;;;
2021-06-08 12:00:00;4.121178995433791;;;;;;;
2021-06-08 13:00:00;4.121178995433791;;;;;;;
2021-06-08 14:00:00;4.121178995433791;;;;;;;
2021-06-08 15:00:00;4.121178995433791;;;;;;;
2021-06-08 16:00:00;4.121178995433791;;;;;;;
2021-06-08 17:00:00;4.121178995433791;;;;;;;
2021-06-08 18:00:00;4.121178995433791;;;;;;;
2021-06-08 19:00:00;4.121178995433791;;;;;;;
2021-06-08 20:00:00;4.121178995433791;;;;;;;
2021-06-08 21:00:00;4.121178995433791;;;;;;;
2021-06-08 22:00:00;4.121178995433791;;;;;;;
2021-06-08 23:00:00;4.121178995433791;;;;;;;
2021-06-09 00:00:00;4.121178995433791;;;;;;;
2021-06-09 01:00:00;4.121178995433791;;;;;;;
2021-06-09 02:00:00;4.121178995433791;;;;;;;
2021-06-09 03:00:00;4.121178995433791;;;;;;;
2021-06-09 04:00:00;4.121178995433791;;;;;;;
2021-06-09 05:00:00;4.121178995433791;;;;;;;
2021-06-09 06:00:00;4.121178995433791;;;;;;;
2021-06-09 07:00:00;4.121178995433791;;;;;;;
2021-06-09 08:00:00;4.121178995433791;;;;;;;
2021-06-09 09:00:00;4.121178995433791;;;;;;;
2021-06-09 10:00:00;4.121178995433791;;;;;;;
2021-06-09 11:00:00;4.121178995433791;;;;;;;
2021-06-09 12:00:00;4.121178995433791;;;;;;;
2021-06-09 13:00:00;4.121178995433791;;;;;;;
2021-06-09 14:00:00;4.121178995433791;;;;;;;
2021-06-09 15:00:00;4.121178995433791;;;;;;;
2021-06-09 16:00:00;4.121178995433791;;;;;;;
2021-06-09 17:00:00;4.121178995433791;;;;;;;
2021-06-09 18:00:00;4.121178995433791;;;;;;;
2021-06-09 19:00:00;4.121178995433791;;;;;;;
2021-06-09 20:00:00;4.121178995433791;;;;;;;
2021-06-09 21:00:00;4.121178995433791;;;;;;;
2021-06-09 22:00:00;4.121178995433791;;;;;;;
2021-06-09 23:00:00;4.121178995433791;;;;;;;
2021-06-10 00:00:00;4.121178995433791;;;;;;;
2021-06-10 01:00:00;4.121178995433791;;;;;;;
2021-06-10 02:00:00;4.121178995433791;;;;;;;
2021-06-10 03:00:00;4.121178995433791;;;;;;;
2021-06-10 04:00:00;4.121178995433791;;;;;;;
2021-06-10 05:00:00;4.121178995433791;;;;;;;
2021-06-10 06:00:00;4.121178995433791;;;;;;;
2021-06-10 07:00:00;4.121178995433791;;;;;;;
2021-06-10 08:00:00;4.121178995433791;;;;;;;
2021-06-10 09:00:00;4.121178995433791;;;;;;;
2021-06-10 10:00:00;4.121178995433791;;;;;;;
2021-06-10 11:00:00;4.121178995433791;;;;;;;
2021-06-10 12:00:00;4.121178995433791;;;;;;;
2021-06-10 13:00:00;4.121178995433791;;;;;;;
2021-06-10 14:00:00;4.121178995433791;;;;;;;
2021-06-10 15:00:00;4.121178995433791;;;;;;;
2021-06-10 16:00:00;4.121178995433791;;;;;;;
2021-06-10 17:00:00;4.121178995433791;;;;;;;
2021-06-10 18:00:00;4.121178995433791;;;;;;;
2021-06-10 19:00:00;4.121178995433791;;;;;;;
2021-06-10 20:00:00;4.121178995433791;;;;;;;
2021-06-10 21:00:00;4.121178995433791;;;;;;;
2021-06-10 22:00:00;4.121178995433791;;;;;;;
2021-06-10 23:00:00;4.121178995433791;;;;;;;
2021-06-11 00:00:00;4.121178995433791;;;;;;;
2021-06-11 01:00:00;4.121178995433791;;;;;;;
2021-06-11 02:00:00;4.121178995433791;;;;;;;
2021-06-11 03:00:00;4.121178995433791;;;;;;;
2021-06-11 04:00:00;4.121178995433791;;;;;;;
2021-06-11 05:00:00;4.121178995433791;;;;;;;
2021-06-11 06:00:00;4.121178995433791;;;;;;;
2021-06-11 07:00:00;4.121178995433791;;;;;;;
2021-06-11 08:00:00;4.121178995433791;;;;;;;
2021-06-11 09:00:00;4.121178995433791;;;;;;;
2021-06-11 10:00:00;4.121178995433791;;;;;;;
2021-06-11 11:00:00;4.121178995433791;;;;;;;
2021-06-11 12:00:00;4.121178995433791;;;;;;;
2021-06-11 13:00:00;4.121178995433791;;;;;;;
2021-06-11 14:00:00;4.121178995433791;;;;;;;
2021-06-11 15:00:00;4.121178995433791;;;;;;;
2021-06-11 16:00:00;4.121178995433791;;;;;;;
2021-06-11 17:00:00;4.121178995433791;;;;;;;
2021-06-11 18:00:00;4.121178995433791;;;;;;;
2021-06-11 19:00:00;4.121178995433791;;;;;;;
2021-06-11 20:00:00;4.121178995433791;;;;;;;
2021-06-11 21:00:00;4.121178995433791;;;;;;;
2021-06-11 22:00:00;4.121178995433791;;;;;;;
2021-06-11 23:00:00;4.121178995433791;;;;;;;
2021-06-12 00:00:00;4.121178995433791;;;;;;;
2021-06-12 01:00:00;4.121178995433791;;;;;;;
2021-06-12 02:00:00;4.121178995433791;;;;;;;
2021-06-12 03:00:00;4.121178995433791;;;;;;;
2021-06-12 04:00:00;4.121178995433791;;;;;;;
2021-06-12 05:00:00;4.121178995433791;;;;;;;
2021-06-12 06:00:00;4.121178995433791;;;;;;;
2021-06-12 07:00:00;4.121178995433791;;;;;;;
2021-06-12 08:00:00;4.121178995433791;;;;;;;
2021-06-12 09:00:00;4.121178995433791;;;;;;;
2021-06-12 10:00:00;4.121178995433791;;;;;;;
2021-06-12 11:00:00;4.121178995433791;;;;;;;
2021-06-12 12:00:00;4.121178995433791;;;;;;;
2021-06-12 13:00:00;4.121178995433791;;;;;;;
2021-06-12 14:00:00;4.121178995433791;;;;;;;
2021-06-12 15:00:00;4.121178995433791;;;;;;;
2021-06-12 16:00:00;4.121178995433791;;;;;;;
2021-06-12 17:00:00;4.121178995433791;;;;;;;
2021-06-12 18:00:00;4.121178995433791;;;;;;;
2021-06-12 19:00:00;4.121178995433791;;;;;;;
2021-06-12 20:00:00;4.121178995433791;;;;;;;
2021-06-12 21:00:00;4.121178995433791;;;;;;;
2021-06-12 22:00:00;4.121178995433791;;;;;;;
2021-06-12 23:00:00;4.121178995433791;;;;;;;
2021-06-13 00:00:00;4.121178995433791;;;;;;;
2021-06-13 01:00:00;4.121178995433791;;;;;;;
2021-06-13 02:00:00;4.121178995433791;;;;;;;
2021-06-13 03:00:00;4.121178995433791;;;;;;;
2021-06-13 04:00:00;4.121178995433791;;;;;;;
2021-06-13 05:00:00;4.121178995433791;;;;;;;
2021-06-13 06:00:00;4.121178995433791;;;;;;;
2021-06-13 07:00:00;4.121178995433791;;;;;;;
2021-06-13 08:00:00;4.121178995433791;;;;;;;
2021-06-13 09:00:00;4.121178995433791;;;;;;;
2021-06-13 10:00:00;4.121178995433791;;;;;;;
2021-06-13 11:00:00;4.121178995433791;;;;;;;
2021-06-13 12:00:00;4.121178995433791;;;;;;;
2021-06-13 13:00:00;4.121178995433791;;;;;;;
2021-06-13 14:00:00;4.121178995433791;;;;;;;
2021-06-13 15:00:00;4.121178995433791;;;;;;;
2021-06-13 16:00:00;4.121178995433791;;;;;;;
2021-06-13 17:00:00;4.121178995433791;;;;;;;
2021-06-13 18:00:00;4.121178995433791;;;;;;;
2021-06-13 19:00:00;4.121178995433791;;;;;;;
2021-06-13 20:00:00;4.121178995433791;;;;;;;
2021-06-13 21:00:00;4.121178995433791;;;;;;;
2021-06-13 22:00:00;4.121178995433791;;;;;;;
2021-06-13 23:00:00;4.121178995433791;;;;;;;
2021-06-14 00:00:00;4.121178995433791;;;;;;;
2021-06-14 01:00:00;4.121178995433791;;;;;;;
2021-06-14 02:00:00;4.121178995433791;;;;;;;
2021-06-14 03:00:00;4.121178995433791;;;;;;;
2021-06-14 04:00:00;4.121178995433791;;;;;;;
2021-06-14 05:00:00;4.121178995433791;;;;;;;
2021-06-14 06:00:00;4.121178995433791;;;;;;;
2021-06-14 07:00:00;4.121178995433791;;;;;;;
2021-06-14 08:00:00;4.121178995433791;;;;;;;
2021-06-14 09:00:00;4.121178995433791;;;;;;;
2021-06-14 10:00:00;4.121178995433791;;;;;;;
2021-06-14 11:00:00;4.121178995433791;;;;;;;
2021-06-14 12:00:00;4.121178995433791;;;;;;;
2021-06-14 13:00:00;4.121178995433791;;;;;;;
2021-06-14 14:00:00;4.121178995433791;;;;;;;
2021-06-14 15:00:00;4.121178995433791;;;;;;;
2021-06-14 16:00:00;4.121178995433791;;;;;;;
2021-06-14 17:00:00;4.121178995433791;;;;;;;
2021-06-14 18:00:00;4.121178995433791;;;;;;;
2021-06-14 19:00:00;4.121178995433791;;;;;;;
2021-06-14 20:00:00;4.121178995433791;;;;;;;
2021-06-14 21:00:00;4.121178995433791;;;;;;;
2021-06-14 22:00:00;4.121178995433791;;;;;;;
2021-06-14 23:00:00;4.121178995433791;;;;;;;
2021-06-15 00:00:00;4.121178995433791;;;;;;;
2021-06-15 01:00:00;4.121178995433791;;;;;;;
2021-06-15 02:00:00;4.121178995433791;;;;;;;
2021-06-15 03:00:00;4.121178995433791;;;;;;;
2021-06-15 04:00:00;4.121178995433791;;;;;;;
2021-06-15 05:00:00;4.121178995433791;;;;;;;
2021-06-15 06:00:00;4.121178995433791;;;;;;;
2021-06-15 07:00:00;4.121178995433791;;;;;;;
2021-06-15 08:00:00;4.121178995433791;;;;;;;
2021-06-15 09:00:00;4.121178995433791;;;;;;;
2021-06-15 10:00:00;4.121178995433791;;;;;;;
2021-06-15 11:00:00;4.121178995433791;;;;;;;
2021-06-15 12:00:00;4.121178995433791;;;;;;;
2021-06-15 13:00:00;4.121178995433791;;;;;;;
2021-06-15 14:00:00;4.121178995433791;;;;;;;
2021-06-15 15:00:00;4.121178995433791;;;;;;;
2021-06-15 16:00:00;4.121178995433791;;;;;;;
2021-06-15 17:00:00;4.121178995433791;;;;;;;
2021-06-15 18:00:00;4.121178995433791;;;;;;;
2021-06-15 19:00:00;4.121178995433791;;;;;;;
2021-06-15 20:00:00;4.121178995433791;;;;;;;
2021-06-15 21:00:00;4.121178995433791;;;;;;;
2021-06-15 22:00:00;4.121178995433791;;;;;;;
2021-06-15 23:00:00;4.121178995433791;;;;;;;
2021-06-16 00:00:00;4.121178995433791;;;;;;;
2021-06-16 01:00:00;4.121178995433791;;;;;;;
2021-06-16 02:00:00;4.121178995433791;;;;;;;
2021-06-16 03:00:00;4.121178995433791;;;;;;;
2021-06-16 04:00:00;4.121178995433791;;;;;;;
2021-06-16 05:00:00;4.121178995433791;;;;;;;
2021-06-16 06:00:00;4.121178995433791;;;;;;;
2021-06-16 07:00:00;4.121178995433791;;;;;;;
2021-06-16 08:00:00;4.121178995433791;;;;;;;
2021-06-16 09:00:00;4.121178995433791;;;;;;;
2021-06-16 10:00:00;4.121178995433791;;;;;;;
2021-06-16 11:00:00;4.121178995433791;;;;;;;
2021-06-16 12:00:00;4.121178995433791;;;;;;;
2021-06-16 13:00:00;4.121178995433791;;;;;;;
2021-06-16 14:00:00;4.121178995433791;;;;;;;
2021-06-16 15:00:00;4.121178995433791;;;;;;;
2021-06-16 16:00:00;4.121178995433791;;;;;;;
2021-06-16 17:00:00;4.121178995433791;;;;;;;
2021-06-16 18:00:00;4.121178995433791;;;;;;;
2021-06-16 19:00:00;4.121178995433791;;;;;;;
2021-06-16 20:00:00;4.121178995433791;;;;;;;
2021-06-16 21:00:00;4.121178995433791;;;;;;;
2021-06-16 22:00:00;4.121178995433791;;;;;;;
2021-06-16 23:00:00;4.121178995433791;;;;;;;
2021-06-17 00:00:00;4.121178995433791;;;;;;;
2021-06-17 01:00:00;4.121178995433791;;;;;;;
2021-06-17 02:00:00;4.121178995433791;;;;;;;
2021-06-17 03:00:00;4.121178995433791;;;;;;;
2021-06-17 04:00:00;4.121178995433791;;;;;;;
2021-06-17 05:00:00;4.121178995433791;;;;;;;
2021-06-17 06:00:00;4.121178995433791;;;;;;;
2021-06-17 07:00:00;4.121178995433791;;;;;;;
2021-06-17 08:00:00;4.121178995433791;;;;;;;
2021-06-17 09:00:00;4.121178995433791;;;;;;;
2021-06-17 10:00:00;4.121178995433791;;;;;;;
2021-06-17 11:00:00;4.121178995433791;;;;;;;
2021-06-17 12:00:00;4.121178995433791;;;;;;;
2021-06-17 13:00:00;4.121178995433791;;;;;;;
2021-06-17 14:00:00;4.121178995433791;;;;;;;
2021-06-17 15:00:00;4.121178995433791;;;;;;;
2021-06-17 16:00:00;4.121178995433791;;;;;;;
2021-06-17 17:00:00;4.121178995433791;;;;;;;
2021-06-17 18:00:00;4.121178995433791;;;;;;;
2021-06-17 19:00:00;4.121178995433791;;;;;;;
2021-06-17 20:00:00;4.121178995433791;;;;;;;
2021-06-17 21:00:00;4.121178995433791;;;;;;;
2021-06-17 22:00:00;4.121178995433791;;;;;;;
2021-06-17 23:00:00;4.121178995433791;;;;;;;
2021-06-18 00:00:00;4.121178995433791;;;;;;;
2021-06-18 01:00:00;4.121178995433791;;;;;;;
2021-06-18 02:00:00;4.121178995433791;;;;;;;
2021-06-18 03:00:00;4.121178995433791;;;;;;;
2021-06-18 04:00:00;4.121178995433791;;;;;;;
2021-06-18 05:00:00;4.121178995433791;;;;;;;
2021-06-18 06:00:00;4.121178995433791;;;;;;;
2021-06-18 07:00:00;4.121178995433791;;;;;;;
2021-06-18 08:00:00;4.121178995433791;;;;;;;
2021-06-18 09:00:00;4.121178995433791;;;;;;;
2021-06-18 10:00:00;4.121178995433791;;;;;;;
2021-06-18 11:00:00;4.121178995433791;;;;;;;
2021-06-18 12:00:00;4.121178995433791;;;;;;;
2021-06-18 13:00:00;4.121178995433791;;;;;;;
2021-06-18 14:00:00;4.121178995433791;;;;;;;
2021-06-18 15:00:00;4.121178995433791;;;;;;;
2021-06-18 16:00:00;4.121178995433791;;;;;;;
2021-06-18 17:00:00;4.121178995433791;;;;;;;
2021-06-18 18:00:00;4.121178995433791;;;;;;;
2021-06-18 19:00:00;4.121178995433791;;;;;;;
2021-06-18 20:00:00;4.121178995433791;;;;;;;
2021-06-18 21:00:00;4.121178995433791;;;;;;;
2021-06-18 22:00:00;4.121178995433791;;;;;;;
2021-06-18 23:00:00;4.121178995433791;;;;;;;
2021-06-19 00:00:00;4.121178995433791;;;;;;;
2021-06-19 01:00:00;4.121178995433791;;;;;;;
2021-06-19 02:00:00;4.121178995433791;;;;;;;
2021-06-19 03:00:00;4.121178995433791;;;;;;;
2021-06-19 04:00:00;4.121178995433791;;;;;;;
2021-06-19 05:00:00;4.121178995433791;;;;;;;
2021-06-19 06:00:00;4.121178995433791;;;;;;;
2021-06-19 07:00:00;4.121178995433791;;;;;;;
2021-06-19 08:00:00;4.121178995433791;;;;;;;
2021-06-19 09:00:00;4.121178995433791;;;;;;;
2021-06-19 10:00:00;4.121178995433791;;;;;;;
2021-06-19 11:00:00;4.121178995433791;;;;;;;
2021-06-19 12:00:00;4.121178995433791;;;;;;;
2021-06-19 13:00:00;4.121178995433791;;;;;;;
2021-06-19 14:00:00;4.121178995433791;;;;;;;
2021-06-19 15:00:00;4.121178995433791;;;;;;;
2021-06-19 16:00:00;4.121178995433791;;;;;;;
2021-06-19 17:00:00;4.121178995433791;;;;;;;
2021-06-19 18:00:00;4.121178995433791;;;;;;;
2021-06-19 19:00:00;4.121178995433791;;;;;;;
2021-06-19 20:00:00;4.121178995433791;;;;;;;
2021-06-19 21:00:00;4.121178995433791;;;;;;;
2021-06-19 22:00:00;4.121178995433791;;;;;;;
2021-06-19 23:00:00;4.121178995433791;;;;;;;
2021-06-20 00:00:00;4.121178995433791;;;;;;;
2021-06-20 01:00:00;4.121178995433791;;;;;;;
2021-06-20 02:00:00;4.121178995433791;;;;;;;
2021-06-20 03:00:00;4.121178995433791;;;;;;;
2021-06-20 04:00:00;4.121178995433791;;;;;;;
2021-06-20 05:00:00;4.121178995433791;;;;;;;
2021-06-20 06:00:00;4.121178995433791;;;;;;;
2021-06-20 07:00:00;4.121178995433791;;;;;;;
2021-06-20 08:00:00;4.121178995433791;;;;;;;
2021-06-20 09:00:00;4.121178995433791;;;;;;;
2021-06-20 10:00:00;4.121178995433791;;;;;;;
2021-06-20 11:00:00;4.121178995433791;;;;;;;
2021-06-20 12:00:00;4.121178995433791;;;;;;;
2021-06-20 13:00:00;4.121178995433791;;;;;;;
2021-06-20 14:00:00;4.121178995433791;;;;;;;
2021-06-20 15:00:00;4.121178995433791;;;;;;;
2021-06-20 16:00:00;4.121178995433791;;;;;;;
2021-06-20 17:00:00;4.121178995433791;;;;;;;
2021-06-20 18:00:00;4.121178995433791;;;;;;;
2021-06-20 19:00:00;4.121178995433791;;;;;;;
2021-06-20 20:00:00;4.121178995433791;;;;;;;
2021-06-20 21:00:00;4.121178995433791;;;;;;;
2021-06-20 22:00:00;4.121178995433791;;;;;;;
2021-06-20 23:00:00;4.121178995433791;;;;;;;
2021-06-21 00:00:00;4.121178995433791;;;;;;;
2021-06-21 01:00:00;4.121178995433791;;;;;;;
2021-06-21 02:00:00;4.121178995433791;;;;;;;
2021-06-21 03:00:00;4.121178995433791;;;;;;;
2021-06-21 04:00:00;4.121178995433791;;;;;;;
2021-06-21 05:00:00;4.121178995433791;;;;;;;
2021-06-21 06:00:00;4.121178995433791;;;;;;;
2021-06-21 07:00:00;4.121178995433791;;;;;;;
2021-06-21 08:00:00;4.121178995433791;;;;;;;
2021-06-21 09:00:00;4.121178995433791;;;;;;;
2021-06-21 10:00:00;4.121178995433791;;;;;;;
2021-06-21 11:00:00;4.121178995433791;;;;;;;
2021-06-21 12:00:00;4.121178995433791;;;;;;;
2021-06-21 13:00:00;4.121178995433791;;;;;;;
2021-06-21 14:00:00;4.121178995433791;;;;;;;
2021-06-21 15:00:00;4.121178995433791;;;;;;;
2021-06-21 16:00:00;4.121178995433791;;;;;;;
2021-06-21 17:00:00;4.121178995433791;;;;;;;
2021-06-21 18:00:00;4.121178995433791;;;;;;;
2021-06-21 19:00:00;4.121178995433791;;;;;;;
2021-06-21 20:00:00;4.121178995433791;;;;;;;
2021-06-21 21:00:00;4.121178995433791;;;;;;;
2021-06-21 22:00:00;4.121178995433791;;;;;;;
2021-06-21 23:00:00;4.121178995433791;;;;;;;
2021-06-22 00:00:00;4.121178995433791;;;;;;;
2021-06-22 01:00:00;4.121178995433791;;;;;;;
2021-06-22 02:00:00;4.121178995433791;;;;;;;
2021-06-22 03:00:00;4.121178995433791;;;;;;;
2021-06-22 04:00:00;4.121178995433791;;;;;;;
2021-06-22 05:00:00;4.121178995433791;;;;;;;
2021-06-22 06:00:00;4.121178995433791;;;;;;;
2021-06-22 07:00:00;4.121178995433791;;;;;;;
2021-06-22 08:00:00;4.121178995433791;;;;;;;
2021-06-22 09:00:00;4.121178995433791;;;;;;;
2021-06-22 10:00:00;4.121178995433791;;;;;;;
2021-06-22 11:00:00;4.121178995433791;;;;;;;
2021-06-22 12:00:00;4.121178995433791;;;;;;;
2021-06-22 13:00:00;4.121178995433791;;;;;;;
2021-06-22 14:00:00;4.121178995433791;;;;;;;
2021-06-22 15:00:00;4.121178995433791;;;;;;;
2021-06-22 16:00:00;4.121178995433791;;;;;;;
2021-06-22 17:00:00;4.121178995433791;;;;;;;
2021-06-22 18:00:00;4.121178995433791;;;;;;;
2021-06-22 19:00:00;4.121178995433791;;;;;;;
2021-06-22 20:00:00;4.121178995433791;;;;;;;
2021-06-22 21:00:00;4.121178995433791;;;;;;;
2021-06-22 22:00:00;4.121178995433791;;;;;;;
2021-06-22 23:00:00;4.121178995433791;;;;;;;
2021-06-23 00:00:00;4.121178995433791;;;;;;;
2021-06-23 01:00:00;4.121178995433791;;;;;;;
2021-06-23 02:00:00;4.121178995433791;;;;;;;
2021-06-23 03:00:00;4.121178995433791;;;;;;;
2021-06-23 04:00:00;4.121178995433791;;;;;;;
2021-06-23 05:00:00;4.121178995433791;;;;;;;
2021-06-23 06:00:00;4.121178995433791;;;;;;;
2021-06-23 07:00:00;4.121178995433791;;;;;;;
2021-06-23 08:00:00;4.121178995433791;;;;;;;
2021-06-23 09:00:00;4.121178995433791;;;;;;;
2021-06-23 10:00:00;4.121178995433791;;;;;;;
2021-06-23 11:00:00;4.121178995433791;;;;;;;
2021-06-23 12:00:00;4.121178995433791;;;;;;;
2021-06-23 13:00:00;4.121178995433791;;;;;;;
2021-06-23 14:00:00;4.121178995433791;;;;;;;
2021-06-23 15:00:00;4.121178995433791;;;;;;;
2021-06-23 16:00:00;4.121178995433791;;;;;;;
2021-06-23 17:00:00;4.121178995433791;;;;;;;
2021-06-23 18:00:00;4.121178995433791;;;;;;;
2021-06-23 19:00:00;4.121178995433791;;;;;;;
2021-06-23 20:00:00;4.121178995433791;;;;;;;
2021-06-23 21:00:00;4.121178995433791;;;;;;;
2021-06-23 22:00:00;4.121178995433791;;;;;;;
2021-06-23 23:00:00;4.121178995433791;;;;;;;
2021-06-24 00:00:00;4.121178995433791;;;;;;;
2021-06-24 01:00:00;4.121178995433791;;;;;;;
2021-06-24 02:00:00;4.121178995433791;;;;;;;
2021-06-24 03:00:00;4.121178995433791;;;;;;;
2021-06-24 04:00:00;4.121178995433791;;;;;;;
2021-06-24 05:00:00;4.121178995433791;;;;;;;
2021-06-24 06:00:00;4.121178995433791;;;;;;;
2021-06-24 07:00:00;4.121178995433791;;;;;;;
2021-06-24 08:00:00;4.121178995433791;;;;;;;
2021-06-24 09:00:00;4.121178995433791;;;;;;;
2021-06-24 10:00:00;4.121178995433791;;;;;;;
2021-06-24 11:00:00;4.121178995433791;;;;;;;
2021-06-24 12:00:00;4.121178995433791;;;;;;;
2021-06-24 13:00:00;4.121178995433791;;;;;;;
2021-06-24 14:00:00;4.121178995433791;;;;;;;
2021-06-24 15:00:00;4.121178995433791;;;;;;;
2021-06-24 16:00:00;4.121178995433791;;;;;;;
2021-06-24 17:00:00;4.121178995433791;;;;;;;
2021-06-24 18:00:00;4.121178995433791;;;;;;;
2021-06-24 19:00:00;4.121178995433791;;;;;;;
2021-06-24 20:00:00;4.121178995433791;;;;;;;
2021-06-24 21:00:00;4.121178995433791;;;;;;;
2021-06-24 22:00:00;4.121178995433791;;;;;;;
2021-06-24 23:00:00;4.121178995433791;;;;;;;
2021-06-25 00:00:00;4.121178995433791;;;;;;;
2021-06-25 01:00:00;4.121178995433791;;;;;;;
2021-06-25 02:00:00;4.121178995433791;;;;;;;
2021-06-25 03:00:00;4.121178995433791;;;;;;;
2021-06-25 04:00:00;4.121178995433791;;;;;;;
2021-06-25 05:00:00;4.121178995433791;;;;;;;
2021-06-25 06:00:00;4.121178995433791;;;;;;;
2021-06-25 07:00:00;4.121178995433791;;;;;;;
2021-06-25 08:00:00;4.121178995433791;;;;;;;
2021-06-25 09:00:00;4.121178995433791;;;;;;;
2021-06-25 10:00:00;4.121178995433791;;;;;;;
2021-06-25 11:00:00;4.121178995433791;;;;;;;
2021-06-25 12:00:00;4.121178995433791;;;;;;;
2021-06-25 13:00:00;4.121178995433791;;;;;;;
2021-06-25 14:00:00;4.121178995433791;;;;;;;
2021-06-25 15:00:00;4.121178995433791;;;;;;;
2021-06-25 16:00:00;4.121178995433791;;;;;;;
2021-06-25 17:00:00;4.121178995433791;;;;;;;
2021-06-25 18:00:00;4.121178995433791;;;;;;;
2021-06-25 19:00:00;4.121178995433791;;;;;;;
2021-06-25 20:00:00;4.121178995433791;;;;;;;
2021-06-25 21:00:00;4.121178995433791;;;;;;;
2021-06-25 22:00:00;4.121178995433791;;;;;;;
2021-06-25 23:00:00;4.121178995433791;;;;;;;
2021-06-26 00:00:00;4.121178995433791;;;;;;;
2021-06-26 01:00:00;4.121178995433791;;;;;;;
2021-06-26 02:00:00;4.121178995433791;;;;;;;
2021-06-26 03:00:00;4.121178995433791;;;;;;;
2021-06-26 04:00:00;4.121178995433791;;;;;;;
2021-06-26 05:00:00;4.121178995433791;;;;;;;
2021-06-26 06:00:00;4.121178995433791;;;;;;;
2021-06-26 07:00:00;4.121178995433791;;;;;;;
2021-06-26 08:00:00;4.121178995433791;;;;;;;
2021-06-26 09:00:00;4.121178995433791;;;;;;;
2021-06-26 10:00:00;4.121178995433791;;;;;;;
2021-06-26 11:00:00;4.121178995433791;;;;;;;
2021-06-26 12:00:00;4.121178995433791;;;;;;;
2021-06-26 13:00:00;4.121178995433791;;;;;;;
2021-06-26 14:00:00;4.121178995433791;;;;;;;
2021-06-26 15:00:00;4.121178995433791;;;;;;;
2021-06-26 16:00:00;4.121178995433791;;;;;;;
2021-06-26 17:00:00;4.121178995433791;;;;;;;
2021-06-26 18:00:00;4.121178995433791;;;;;;;
2021-06-26 19:00:00;4.121178995433791;;;;;;;
2021-06-26 20:00:00;4.121178995433791;;;;;;;
2021-06-26 21:00:00;4.121178995433791;;;;;;;
2021-06-26 22:00:00;4.121178995433791;;;;;;;
2021-06-26 23:00:00;4.121178995433791;;;;;;;
2021-06-27 00:00:00;4.121178995433791;;;;;;;
2021-06-27 01:00:00;4.121178995433791;;;;;;;
2021-06-27 02:00:00;4.121178995433791;;;;;;;
2021-06-27 03:00:00;4.121178995433791;;;;;;;
2021-06-27 04:00:00;4.121178995433791;;;;;;;
2021-06-27 05:00:00;4.121178995433791;;;;;;;
2021-06-27 06:00:00;4.121178995433791;;;;;;;
2021-06-27 07:00:00;4.121178995433791;;;;;;;
2021-06-27 08:00:00;4.121178995433791;;;;;;;
2021-06-27 09:00:00;4.121178995433791;;;;;;;
2021-06-27 10:00:00;4.121178995433791;;;;;;;
2021-06-27 11:00:00;4.121178995433791;;;;;;;
2021-06-27 12:00:00;4.121178995433791;;;;;;;
2021-06-27 13:00:00;4.121178995433791;;;;;;;
2021-06-27 14:00:00;4.121178995433791;;;;;;;
2021-06-27 15:00:00;4.121178995433791;;;;;;;
2021-06-27 16:00:00;4.121178995433791;;;;;;;
2021-06-27 17:00:00;4.121178995433791;;;;;;;
2021-06-27 18:00:00;4.121178995433791;;;;;;;
2021-06-27 19:00:00;4.121178995433791;;;;;;;
2021-06-27 20:00:00;4.121178995433791;;;;;;;
2021-06-27 21:00:00;4.121178995433791;;;;;;;
2021-06-27 22:00:00;4.121178995433791;;;;;;;
2021-06-27 23:00:00;4.121178995433791;;;;;;;
2021-06-28 00:00:00;4.121178995433791;;;;;;;
2021-06-28 01:00:00;4.121178995433791;;;;;;;
2021-06-28 02:00:00;4.121178995433791;;;;;;;
2021-06-28 03:00:00;4.121178995433791;;;;;;;
2021-06-28 04:00:00;4.121178995433791;;;;;;;
2021-06-28 05:00:00;4.121178995433791;;;;;;;
2021-06-28 06:00:00;4.121178995433791;;;;;;;
2021-06-28 07:00:00;4.121178995433791;;;;;;;
2021-06-28 08:00:00;4.121178995433791;;;;;;;
2021-06-28 09:00:00;4.121178995433791;;;;;;;
2021-06-28 10:00:00;4.121178995433791;;;;;;;
2021-06-28 11:00:00;4.121178995433791;;;;;;;
2021-06-28 12:00:00;4.121178995433791;;;;;;;
2021-06-28 13:00:00;4.121178995433791;;;;;;;
2021-06-28 14:00:00;4.121178995433791;;;;;;;
2021-06-28 15:00:00;4.121178995433791;;;;;;;
2021-06-28 16:00:00;4.121178995433791;;;;;;;
2021-06-28 17:00:00;4.121178995433791;;;;;;;
2021-06-28 18:00:00;4.121178995433791;;;;;;;
2021-06-28 19:00:00;4.121178995433791;;;;;;;
2021-06-28 20:00:00;4.121178995433791;;;;;;;
2021-06-28 21:00:00;4.121178995433791;;;;;;;
2021-06-28 22:00:00;4.121178995433791;;;;;;;
2021-06-28 23:00:00;4.121178995433791;;;;;;;
2021-06-29 00:00:00;4.121178995433791;;;;;;;
2021-06-29 01:00:00;4.121178995433791;;;;;;;
2021-06-29 02:00:00;4.121178995433791;;;;;;;
2021-06-29 03:00:00;4.121178995433791;;;;;;;
2021-06-29 04:00:00;4.121178995433791;;;;;;;
2021-06-29 05:00:00;4.121178995433791;;;;;;;
2021-06-29 06:00:00;4.121178995433791;;;;;;;
2021-06-29 07:00:00;4.121178995433791;;;;;;;
2021-06-29 08:00:00;4.121178995433791;;;;;;;
2021-06-29 09:00:00;4.121178995433791;;;;;;;
2021-06-29 10:00:00;4.121178995433791;;;;;;;
2021-06-29 11:00:00;4.121178995433791;;;;;;;
2021-06-29 12:00:00;4.121178995433791;;;;;;;
2021-06-29 13:00:00;4.121178995433791;;;;;;;
2021-06-29 14:00:00;4.121178995433791;;;;;;;
2021-06-29 15:00:00;4.121178995433791;;;;;;;
2021-06-29 16:00:00;4.121178995433791;;;;;;;
2021-06-29 17:00:00;4.121178995433791;;;;;;;
2021-06-29 18:00:00;4.121178995433791;;;;;;;
2021-06-29 19:00:00;4.121178995433791;;;;;;;
2021-06-29 20:00:00;4.121178995433791;;;;;;;
2021-06-29 21:00:00;4.121178995433791;;;;;;;
2021-06-29 22:00:00;4.121178995433791;;;;;;;
2021-06-29 23:00:00;4.121178995433791;;;;;;;
2021-06-30 00:00:00;4.121178995433791;;;;;;;
2021-06-30 01:00:00;4.121178995433791;;;;;;;
2021-06-30 02:00:00;4.121178995433791;;;;;;;
2021-06-30 03:00:00;4.121178995433791;;;;;;;
2021-06-30 04:00:00;4.121178995433791;;;;;;;
2021-06-30 05:00:00;4.121178995433791;;;;;;;
2021-06-30 06:00:00;4.121178995433791;;;;;;;
2021-06-30 07:00:00;4.121178995433791;;;;;;;
2021-06-30 08:00:00;4.121178995433791;;;;;;;
2021-06-30 09:00:00;4.121178995433791;;;;;;;
2021-06-30 10:00:00;4.121178995433791;;;;;;;
2021-06-30 11:00:00;4.121178995433791;;;;;;;
2021-06-30 12:00:00;4.121178995433791;;;;;;;
2021-06-30 13:00:00;4.121178995433791;;;;;;;
2021-06-30 14:00:00;4.121178995433791;;;;;;;
2021-06-30 15:00:00;4.121178995433791;;;;;;;
2021-06-30 16:00:00;4.121178995433791;;;;;;;
2021-06-30 17:00:00;4.121178995433791;;;;;;;
2021-06-30 18:00:00;4.121178995433791;;;;;;;
2021-06-30 19:00:00;4.121178995433791;;;;;;;
2021-06-30 20:00:00;4.121178995433791;;;;;;;
2021-06-30 21:00:00;4.121178995433791;;;;;;;
2021-06-30 22:00:00;4.121178995433791;;;;;;;
2021-06-30 23:00:00;4.121178995433791;;;;;;;
2021-07-01 00:00:00;4.121178995433791;;;;;;;
2021-07-01 01:00:00;4.121178995433791;;;;;;;
2021-07-01 02:00:00;4.121178995433791;;;;;;;
2021-07-01 03:00:00;4.121178995433791;;;;;;;
2021-07-01 04:00:00;4.121178995433791;;;;;;;
2021-07-01 05:00:00;4.121178995433791;;;;;;;
2021-07-01 06:00:00;4.121178995433791;;;;;;;
2021-07-01 07:00:00;4.121178995433791;;;;;;;
2021-07-01 08:00:00;4.121178995433791;;;;;;;
2021-07-01 09:00:00;4.121178995433791;;;;;;;
2021-07-01 10:00:00;4.121178995433791;;;;;;;
2021-07-01 11:00:00;4.121178995433791;;;;;;;
2021-07-01 12:00:00;4.121178995433791;;;;;;;
2021-07-01 13:00:00;4.121178995433791;;;;;;;
2021-07-01 14:00:00;4.121178995433791;;;;;;;
2021-07-01 15:00:00;4.121178995433791;;;;;;;
2021-07-01 16:00:00;4.121178995433791;;;;;;;
2021-07-01 17:00:00;4.121178995433791;;;;;;;
2021-07-01 18:00:00;4.121178995433791;;;;;;;
2021-07-01 19:00:00;4.121178995433791;;;;;;;
2021-07-01 20:00:00;4.121178995433791;;;;;;;
2021-07-01 21:00:00;4.121178995433791;;;;;;;
2021-07-01 22:00:00;4.121178995433791;;;;;;;
2021-07-01 23:00:00;4.121178995433791;;;;;;;
2021-07-02 00:00:00;4.121178995433791;;;;;;;
2021-07-02 01:00:00;4.121178995433791;;;;;;;
2021-07-02 02:00:00;4.121178995433791;;;;;;;
2021-07-02 03:00:00;4.121178995433791;;;;;;;
2021-07-02 04:00:00;4.121178995433791;;;;;;;
2021-07-02 05:00:00;4.121178995433791;;;;;;;
2021-07-02 06:00:00;4.121178995433791;;;;;;;
2021-07-02 07:00:00;4.121178995433791;;;;;;;
2021-07-02 08:00:00;4.121178995433791;;;;;;;
2021-07-02 09:00:00;4.121178995433791;;;;;;;
2021-07-02 10:00:00;4.121178995433791;;;;;;;
2021-07-02 11:00:00;4.121178995433791;;;;;;;
2021-07-02 12:00:00;4.121178995433791;;;;;;;
2021-07-02 13:00:00;4.121178995433791;;;;;;;
2021-07-02 14:00:00;4.121178995433791;;;;;;;
2021-07-02 15:00:00;4.121178995433791;;;;;;;
2021-07-02 16:00:00;4.121178995433791;;;;;;;
2021-07-02 17:00:00;4.121178995433791;;;;;;;
2021-07-02 18:00:00;4.121178995433791;;;;;;;
2021-07-02 19:00:00;4.121178995433791;;;;;;;
2021-07-02 20:00:00;4.121178995433791;;;;;;;
2021-07-02 21:00:00;4.121178995433791;;;;;;;
2021-07-02 22:00:00;4.121178995433791;;;;;;;
2021-07-02 23:00:00;4.121178995433791;;;;;;;
2021-07-03 00:00:00;4.121178995433791;;;;;;;
2021-07-03 01:00:00;4.121178995433791;;;;;;;
2021-07-03 02:00:00;4.121178995433791;;;;;;;
2021-07-03 03:00:00;4.121178995433791;;;;;;;
2021-07-03 04:00:00;4.121178995433791;;;;;;;
2021-07-03 05:00:00;4.121178995433791;;;;;;;
2021-07-03 06:00:00;4.121178995433791;;;;;;;
2021-07-03 07:00:00;4.121178995433791;;;;;;;
2021-07-03 08:00:00;4.121178995433791;;;;;;;
2021-07-03 09:00:00;4.121178995433791;;;;;;;
2021-07-03 10:00:00;4.121178995433791;;;;;;;
2021-07-03 11:00:00;4.121178995433791;;;;;;;
2021-07-03 12:00:00;4.121178995433791;;;;;;;
2021-07-03 13:00:00;4.121178995433791;;;;;;;
2021-07-03 14:00:00;4.121178995433791;;;;;;;
2021-07-03 15:00:00;4.121178995433791;;;;;;;
2021-07-03 16:00:00;4.121178995433791;;;;;;;
2021-07-03 17:00:00;4.121178995433791;;;;;;;
2021-07-03 18:00:00;4.121178995433791;;;;;;;
2021-07-03 19:00:00;4.121178995433791;;;;;;;
2021-07-03 20:00:00;4.121178995433791;;;;;;;
2021-07-03 21:00:00;4.121178995433791;;;;;;;
2021-07-03 22:00:00;4.121178995433791;;;;;;;
2021-07-03 23:00:00;4.121178995433791;;;;;;;
2021-07-04 00:00:00;4.121178995433791;;;;;;;
2021-07-04 01:00:00;4.121178995433791;;;;;;;
2021-07-04 02:00:00;4.121178995433791;;;;;;;
2021-07-04 03:00:00;4.121178995433791;;;;;;;
2021-07-04 04:00:00;4.121178995433791;;;;;;;
2021-07-04 05:00:00;4.121178995433791;;;;;;;
2021-07-04 06:00:00;4.121178995433791;;;;;;;
2021-07-04 07:00:00;4.121178995433791;;;;;;;
2021-07-04 08:00:00;4.121178995433791;;;;;;;
2021-07-04 09:00:00;4.121178995433791;;;;;;;
2021-07-04 10:00:00;4.121178995433791;;;;;;;
2021-07-04 11:00:00;4.121178995433791;;;;;;;
2021-07-04 12:00:00;4.121178995433791;;;;;;;
2021-07-04 13:00:00;4.121178995433791;;;;;;;
2021-07-04 14:00:00;4.121178995433791;;;;;;;
2021-07-04 15:00:00;4.121178995433791;;;;;;;
2021-07-04 16:00:00;4.121178995433791;;;;;;;
2021-07-04 17:00:00;4.121178995433791;;;;;;;
2021-07-04 18:00:00;4.121178995433791;;;;;;;
2021-07-04 19:00:00;4.121178995433791;;;;;;;
2021-07-04 20:00:00;4.121178995433791;;;;;;;
2021-07-04 21:00:00;4.121178995433791;;;;;;;
2021-07-04 22:00:00;4.121178995433791;;;;;;;
2021-07-04 23:00:00;4.121178995433791;;;;;;;
2021-07-05 00:00:00;4.121178995433791;;;;;;;
2021-07-05 01:00:00;4.121178995433791;;;;;;;
2021-07-05 02:00:00;4.121178995433791;;;;;;;
2021-07-05 03:00:00;4.121178995433791;;;;;;;
2021-07-05 04:00:00;4.121178995433791;;;;;;;
2021-07-05 05:00:00;4.121178995433791;;;;;;;
2021-07-05 06:00:00;4.121178995433791;;;;;;;
2021-07-05 07:00:00;4.121178995433791;;;;;;;
2021-07-05 08:00:00;4.121178995433791;;;;;;;
2021-07-05 09:00:00;4.121178995433791;;;;;;;
2021-07-05 10:00:00;4.121178995433791;;;;;;;
2021-07-05 11:00:00;4.121178995433791;;;;;;;
2021-07-05 12:00:00;4.121178995433791;;;;;;;
2021-07-05 13:00:00;4.121178995433791;;;;;;;
2021-07-05 14:00:00;4.121178995433791;;;;;;;
2021-07-05 15:00:00;4.121178995433791;;;;;;;
2021-07-05 16:00:00;4.121178995433791;;;;;;;
2021-07-05 17:00:00;4.121178995433791;;;;;;;
2021-07-05 18:00:00;4.121178995433791;;;;;;;
2021-07-05 19:00:00;4.121178995433791;;;;;;;
2021-07-05 20:00:00;4.121178995433791;;;;;;;
2021-07-05 21:00:00;4.121178995433791;;;;;;;
2021-07-05 22:00:00;4.121178995433791;;;;;;;
2021-07-05 23:00:00;4.121178995433791;;;;;;;
2021-07-06 00:00:00;4.121178995433791;;;;;;;
2021-07-06 01:00:00;4.121178995433791;;;;;;;
2021-07-06 02:00:00;4.121178995433791;;;;;;;
2021-07-06 03:00:00;4.121178995433791;;;;;;;
2021-07-06 04:00:00;4.121178995433791;;;;;;;
2021-07-06 05:00:00;4.121178995433791;;;;;;;
2021-07-06 06:00:00;4.121178995433791;;;;;;;
2021-07-06 07:00:00;4.121178995433791;;;;;;;
2021-07-06 08:00:00;4.121178995433791;;;;;;;
2021-07-06 09:00:00;4.121178995433791;;;;;;;
2021-07-06 10:00:00;4.121178995433791;;;;;;;
2021-07-06 11:00:00;4.121178995433791;;;;;;;
2021-07-06 12:00:00;4.121178995433791;;;;;;;
2021-07-06 13:00:00;4.121178995433791;;;;;;;
2021-07-06 14:00:00;4.121178995433791;;;;;;;
2021-07-06 15:00:00;4.121178995433791;;;;;;;
2021-07-06 16:00:00;4.121178995433791;;;;;;;
2021-07-06 17:00:00;4.121178995433791;;;;;;;
2021-07-06 18:00:00;4.121178995433791;;;;;;;
2021-07-06 19:00:00;4.121178995433791;;;;;;;
2021-07-06 20:00:00;4.121178995433791;;;;;;;
2021-07-06 21:00:00;4.121178995433791;;;;;;;
2021-07-06 22:00:00;4.121178995433791;;;;;;;
2021-07-06 23:00:00;4.121178995433791;;;;;;;
2021-07-07 00:00:00;4.121178995433791;;;;;;;
2021-07-07 01:00:00;4.121178995433791;;;;;;;
2021-07-07 02:00:00;4.121178995433791;;;;;;;
2021-07-07 03:00:00;4.121178995433791;;;;;;;
2021-07-07 04:00:00;4.121178995433791;;;;;;;
2021-07-07 05:00:00;4.121178995433791;;;;;;;
2021-07-07 06:00:00;4.121178995433791;;;;;;;
2021-07-07 07:00:00;4.121178995433791;;;;;;;
2021-07-07 08:00:00;4.121178995433791;;;;;;;
2021-07-07 09:00:00;4.121178995433791;;;;;;;
2021-07-07 10:00:00;4.121178995433791;;;;;;;
2021-07-07 11:00:00;4.121178995433791;;;;;;;
2021-07-07 12:00:00;4.121178995433791;;;;;;;
2021-07-07 13:00:00;4.121178995433791;;;;;;;
2021-07-07 14:00:00;4.121178995433791;;;;;;;
2021-07-07 15:00:00;4.121178995433791;;;;;;;
2021-07-07 16:00:00;4.121178995433791;;;;;;;
2021-07-07 17:00:00;4.121178995433791;;;;;;;
2021-07-07 18:00:00;4.121178995433791;;;;;;;
2021-07-07 19:00:00;4.121178995433791;;;;;;;
2021-07-07 20:00:00;4.121178995433791;;;;;;;
2021-07-07 21:00:00;4.121178995433791;;;;;;;
2021-07-07 22:00:00;4.121178995433791;;;;;;;
2021-07-07 23:00:00;4.121178995433791;;;;;;;
2021-07-08 00:00:00;4.121178995433791;;;;;;;
2021-07-08 01:00:00;4.121178995433791;;;;;;;
2021-07-08 02:00:00;4.121178995433791;;;;;;;
2021-07-08 03:00:00;4.121178995433791;;;;;;;
2021-07-08 04:00:00;4.121178995433791;;;;;;;
2021-07-08 05:00:00;4.121178995433791;;;;;;;
2021-07-08 06:00:00;4.121178995433791;;;;;;;
2021-07-08 07:00:00;4.121178995433791;;;;;;;
2021-07-08 08:00:00;4.121178995433791;;;;;;;
2021-07-08 09:00:00;4.121178995433791;;;;;;;
2021-07-08 10:00:00;4.121178995433791;;;;;;;
2021-07-08 11:00:00;4.121178995433791;;;;;;;
2021-07-08 12:00:00;4.121178995433791;;;;;;;
2021-07-08 13:00:00;4.121178995433791;;;;;;;
2021-07-08 14:00:00;4.121178995433791;;;;;;;
2021-07-08 15:00:00;4.121178995433791;;;;;;;
2021-07-08 16:00:00;4.121178995433791;;;;;;;
2021-07-08 17:00:00;4.121178995433791;;;;;;;
2021-07-08 18:00:00;4.121178995433791;;;;;;;
2021-07-08 19:00:00;4.121178995433791;;;;;;;
2021-07-08 20:00:00;4.121178995433791;;;;;;;
2021-07-08 21:00:00;4.121178995433791;;;;;;;
2021-07-08 22:00:00;4.121178995433791;;;;;;;
2021-07-08 23:00:00;4.121178995433791;;;;;;;
2021-07-09 00:00:00;4.121178995433791;;;;;;;
2021-07-09 01:00:00;4.121178995433791;;;;;;;
2021-07-09 02:00:00;4.121178995433791;;;;;;;
2021-07-09 03:00:00;4.121178995433791;;;;;;;
2021-07-09 04:00:00;4.121178995433791;;;;;;;
2021-07-09 05:00:00;4.121178995433791;;;;;;;
2021-07-09 06:00:00;4.121178995433791;;;;;;;
2021-07-09 07:00:00;4.121178995433791;;;;;;;
2021-07-09 08:00:00;4.121178995433791;;;;;;;
2021-07-09 09:00:00;4.121178995433791;;;;;;;
2021-07-09 10:00:00;4.121178995433791;;;;;;;
2021-07-09 11:00:00;4.121178995433791;;;;;;;
2021-07-09 12:00:00;4.121178995433791;;;;;;;
2021-07-09 13:00:00;4.121178995433791;;;;;;;
2021-07-09 14:00:00;4.121178995433791;;;;;;;
2021-07-09 15:00:00;4.121178995433791;;;;;;;
2021-07-09 16:00:00;4.121178995433791;;;;;;;
2021-07-09 17:00:00;4.121178995433791;;;;;;;
2021-07-09 18:00:00;4.121178995433791;;;;;;;
2021-07-09 19:00:00;4.121178995433791;;;;;;;
2021-07-09 20:00:00;4.121178995433791;;;;;;;
2021-07-09 21:00:00;4.121178995433791;;;;;;;
2021-07-09 22:00:00;4.121178995433791;;;;;;;
2021-07-09 23:00:00;4.121178995433791;;;;;;;
2021-07-10 00:00:00;4.121178995433791;;;;;;;
2021-07-10 01:00:00;4.121178995433791;;;;;;;
2021-07-10 02:00:00;4.121178995433791;;;;;;;
2021-07-10 03:00:00;4.121178995433791;;;;;;;
2021-07-10 04:00:00;4.121178995433791;;;;;;;
2021-07-10 05:00:00;4.121178995433791;;;;;;;
2021-07-10 06:00:00;4.121178995433791;;;;;;;
2021-07-10 07:00:00;4.121178995433791;;;;;;;
2021-07-10 08:00:00;4.121178995433791;;;;;;;
2021-07-10 09:00:00;4.121178995433791;;;;;;;
2021-07-10 10:00:00;4.121178995433791;;;;;;;
2021-07-10 11:00:00;4.121178995433791;;;;;;;
2021-07-10 12:00:00;4.121178995433791;;;;;;;
2021-07-10 13:00:00;4.121178995433791;;;;;;;
2021-07-10 14:00:00;4.121178995433791;;;;;;;
2021-07-10 15:00:00;4.121178995433791;;;;;;;
2021-07-10 16:00:00;4.121178995433791;;;;;;;
2021-07-10 17:00:00;4.121178995433791;;;;;;;
2021-07-10 18:00:00;4.121178995433791;;;;;;;
2021-07-10 19:00:00;4.121178995433791;;;;;;;
2021-07-10 20:00:00;4.121178995433791;;;;;;;
2021-07-10 21:00:00;4.121178995433791;;;;;;;
2021-07-10 22:00:00;4.121178995433791;;;;;;;
2021-07-10 23:00:00;4.121178995433791;;;;;;;
2021-07-11 00:00:00;4.121178995433791;;;;;;;
2021-07-11 01:00:00;4.121178995433791;;;;;;;
2021-07-11 02:00:00;4.121178995433791;;;;;;;
2021-07-11 03:00:00;4.121178995433791;;;;;;;
2021-07-11 04:00:00;4.121178995433791;;;;;;;
2021-07-11 05:00:00;4.121178995433791;;;;;;;
2021-07-11 06:00:00;4.121178995433791;;;;;;;
2021-07-11 07:00:00;4.121178995433791;;;;;;;
2021-07-11 08:00:00;4.121178995433791;;;;;;;
2021-07-11 09:00:00;4.121178995433791;;;;;;;
2021-07-11 10:00:00;4.121178995433791;;;;;;;
2021-07-11 11:00:00;4.121178995433791;;;;;;;
2021-07-11 12:00:00;4.121178995433791;;;;;;;
2021-07-11 13:00:00;4.121178995433791;;;;;;;
2021-07-11 14:00:00;4.121178995433791;;;;;;;
2021-07-11 15:00:00;4.121178995433791;;;;;;;
2021-07-11 16:00:00;4.121178995433791;;;;;;;
2021-07-11 17:00:00;4.121178995433791;;;;;;;
2021-07-11 18:00:00;4.121178995433791;;;;;;;
2021-07-11 19:00:00;4.121178995433791;;;;;;;
2021-07-11 20:00:00;4.121178995433791;;;;;;;
2021-07-11 21:00:00;4.121178995433791;;;;;;;
2021-07-11 22:00:00;4.121178995433791;;;;;;;
2021-07-11 23:00:00;4.121178995433791;;;;;;;
2021-07-12 00:00:00;4.121178995433791;;;;;;;
2021-07-12 01:00:00;4.121178995433791;;;;;;;
2021-07-12 02:00:00;4.121178995433791;;;;;;;
2021-07-12 03:00:00;4.121178995433791;;;;;;;
2021-07-12 04:00:00;4.121178995433791;;;;;;;
2021-07-12 05:00:00;4.121178995433791;;;;;;;
2021-07-12 06:00:00;4.121178995433791;;;;;;;
2021-07-12 07:00:00;4.121178995433791;;;;;;;
2021-07-12 08:00:00;4.121178995433791;;;;;;;
2021-07-12 09:00:00;4.121178995433791;;;;;;;
2021-07-12 10:00:00;4.121178995433791;;;;;;;
2021-07-12 11:00:00;4.121178995433791;;;;;;;
2021-07-12 12:00:00;4.121178995433791;;;;;;;
2021-07-12 13:00:00;4.121178995433791;;;;;;;
2021-07-12 14:00:00;4.121178995433791;;;;;;;
2021-07-12 15:00:00;4.121178995433791;;;;;;;
2021-07-12 16:00:00;4.121178995433791;;;;;;;
2021-07-12 17:00:00;4.121178995433791;;;;;;;
2021-07-12 18:00:00;4.121178995433791;;;;;;;
2021-07-12 19:00:00;4.121178995433791;;;;;;;
2021-07-12 20:00:00;4.121178995433791;;;;;;;
2021-07-12 21:00:00;4.121178995433791;;;;;;;
2021-07-12 22:00:00;4.121178995433791;;;;;;;
2021-07-12 23:00:00;4.121178995433791;;;;;;;
2021-07-13 00:00:00;4.121178995433791;;;;;;;
2021-07-13 01:00:00;4.121178995433791;;;;;;;
2021-07-13 02:00:00;4.121178995433791;;;;;;;
2021-07-13 03:00:00;4.121178995433791;;;;;;;
2021-07-13 04:00:00;4.121178995433791;;;;;;;
2021-07-13 05:00:00;4.121178995433791;;;;;;;
2021-07-13 06:00:00;4.121178995433791;;;;;;;
2021-07-13 07:00:00;4.121178995433791;;;;;;;
2021-07-13 08:00:00;4.121178995433791;;;;;;;
2021-07-13 09:00:00;4.121178995433791;;;;;;;
2021-07-13 10:00:00;4.121178995433791;;;;;;;
2021-07-13 11:00:00;4.121178995433791;;;;;;;
2021-07-13 12:00:00;4.121178995433791;;;;;;;
2021-07-13 13:00:00;4.121178995433791;;;;;;;
2021-07-13 14:00:00;4.121178995433791;;;;;;;
2021-07-13 15:00:00;4.121178995433791;;;;;;;
2021-07-13 16:00:00;4.121178995433791;;;;;;;
2021-07-13 17:00:00;4.121178995433791;;;;;;;
2021-07-13 18:00:00;4.121178995433791;;;;;;;
2021-07-13 19:00:00;4.121178995433791;;;;;;;
2021-07-13 20:00:00;4.121178995433791;;;;;;;
2021-07-13 21:00:00;4.121178995433791;;;;;;;
2021-07-13 22:00:00;4.121178995433791;;;;;;;
2021-07-13 23:00:00;4.121178995433791;;;;;;;
2021-07-14 00:00:00;4.121178995433791;;;;;;;
2021-07-14 01:00:00;4.121178995433791;;;;;;;
2021-07-14 02:00:00;4.121178995433791;;;;;;;
2021-07-14 03:00:00;4.121178995433791;;;;;;;
2021-07-14 04:00:00;4.121178995433791;;;;;;;
2021-07-14 05:00:00;4.121178995433791;;;;;;;
2021-07-14 06:00:00;4.121178995433791;;;;;;;
2021-07-14 07:00:00;4.121178995433791;;;;;;;
2021-07-14 08:00:00;4.121178995433791;;;;;;;
2021-07-14 09:00:00;4.121178995433791;;;;;;;
2021-07-14 10:00:00;4.121178995433791;;;;;;;
2021-07-14 11:00:00;4.121178995433791;;;;;;;
2021-07-14 12:00:00;4.121178995433791;;;;;;;
2021-07-14 13:00:00;4.121178995433791;;;;;;;
2021-07-14 14:00:00;4.121178995433791;;;;;;;
2021-07-14 15:00:00;4.121178995433791;;;;;;;
2021-07-14 16:00:00;4.121178995433791;;;;;;;
2021-07-14 17:00:00;4.121178995433791;;;;;;;
2021-07-14 18:00:00;4.121178995433791;;;;;;;
2021-07-14 19:00:00;4.121178995433791;;;;;;;
2021-07-14 20:00:00;4.121178995433791;;;;;;;
2021-07-14 21:00:00;4.121178995433791;;;;;;;
2021-07-14 22:00:00;4.121178995433791;;;;;;;
2021-07-14 23:00:00;4.121178995433791;;;;;;;
2021-07-15 00:00:00;4.121178995433791;;;;;;;
2021-07-15 01:00:00;4.121178995433791;;;;;;;
2021-07-15 02:00:00;4.121178995433791;;;;;;;
2021-07-15 03:00:00;4.121178995433791;;;;;;;
2021-07-15 04:00:00;4.121178995433791;;;;;;;
2021-07-15 05:00:00;4.121178995433791;;;;;;;
2021-07-15 06:00:00;4.121178995433791;;;;;;;
2021-07-15 07:00:00;4.121178995433791;;;;;;;
2021-07-15 08:00:00;4.121178995433791;;;;;;;
2021-07-15 09:00:00;4.121178995433791;;;;;;;
2021-07-15 10:00:00;4.121178995433791;;;;;;;
2021-07-15 11:00:00;4.121178995433791;;;;;;;
2021-07-15 12:00:00;4.121178995433791;;;;;;;
2021-07-15 13:00:00;4.121178995433791;;;;;;;
2021-07-15 14:00:00;4.121178995433791;;;;;;;
2021-07-15 15:00:00;4.121178995433791;;;;;;;
2021-07-15 16:00:00;4.121178995433791;;;;;;;
2021-07-15 17:00:00;4.121178995433791;;;;;;;
2021-07-15 18:00:00;4.121178995433791;;;;;;;
2021-07-15 19:00:00;4.121178995433791;;;;;;;
2021-07-15 20:00:00;4.121178995433791;;;;;;;
2021-07-15 21:00:00;4.121178995433791;;;;;;;
2021-07-15 22:00:00;4.121178995433791;;;;;;;
2021-07-15 23:00:00;4.121178995433791;;;;;;;
2021-07-16 00:00:00;4.121178995433791;;;;;;;
2021-07-16 01:00:00;4.121178995433791;;;;;;;
2021-07-16 02:00:00;4.121178995433791;;;;;;;
2021-07-16 03:00:00;4.121178995433791;;;;;;;
2021-07-16 04:00:00;4.121178995433791;;;;;;;
2021-07-16 05:00:00;4.121178995433791;;;;;;;
2021-07-16 06:00:00;4.121178995433791;;;;;;;
2021-07-16 07:00:00;4.121178995433791;;;;;;;
2021-07-16 08:00:00;4.121178995433791;;;;;;;
2021-07-16 09:00:00;4.121178995433791;;;;;;;
2021-07-16 10:00:00;4.121178995433791;;;;;;;
2021-07-16 11:00:00;4.121178995433791;;;;;;;
2021-07-16 12:00:00;4.121178995433791;;;;;;;
2021-07-16 13:00:00;4.121178995433791;;;;;;;
2021-07-16 14:00:00;4.121178995433791;;;;;;;
2021-07-16 15:00:00;4.121178995433791;;;;;;;
2021-07-16 16:00:00;4.121178995433791;;;;;;;
2021-07-16 17:00:00;4.121178995433791;;;;;;;
2021-07-16 18:00:00;4.121178995433791;;;;;;;
2021-07-16 19:00:00;4.121178995433791;;;;;;;
2021-07-16 20:00:00;4.121178995433791;;;;;;;
2021-07-16 21:00:00;4.121178995433791;;;;;;;
2021-07-16 22:00:00;4.121178995433791;;;;;;;
2021-07-16 23:00:00;4.121178995433791;;;;;;;
2021-07-17 00:00:00;4.121178995433791;;;;;;;
2021-07-17 01:00:00;4.121178995433791;;;;;;;
2021-07-17 02:00:00;4.121178995433791;;;;;;;
2021-07-17 03:00:00;4.121178995433791;;;;;;;
2021-07-17 04:00:00;4.121178995433791;;;;;;;
2021-07-17 05:00:00;4.121178995433791;;;;;;;
2021-07-17 06:00:00;4.121178995433791;;;;;;;
2021-07-17 07:00:00;4.121178995433791;;;;;;;
2021-07-17 08:00:00;4.121178995433791;;;;;;;
2021-07-17 09:00:00;4.121178995433791;;;;;;;
2021-07-17 10:00:00;4.121178995433791;;;;;;;
2021-07-17 11:00:00;4.121178995433791;;;;;;;
2021-07-17 12:00:00;4.121178995433791;;;;;;;
2021-07-17 13:00:00;4.121178995433791;;;;;;;
2021-07-17 14:00:00;4.121178995433791;;;;;;;
2021-07-17 15:00:00;4.121178995433791;;;;;;;
2021-07-17 16:00:00;4.121178995433791;;;;;;;
2021-07-17 17:00:00;4.121178995433791;;;;;;;
2021-07-17 18:00:00;4.121178995433791;;;;;;;
2021-07-17 19:00:00;4.121178995433791;;;;;;;
2021-07-17 20:00:00;4.121178995433791;;;;;;;
2021-07-17 21:00:00;4.121178995433791;;;;;;;
2021-07-17 22:00:00;4.121178995433791;;;;;;;
2021-07-17 23:00:00;4.121178995433791;;;;;;;
2021-07-18 00:00:00;4.121178995433791;;;;;;;
2021-07-18 01:00:00;4.121178995433791;;;;;;;
2021-07-18 02:00:00;4.121178995433791;;;;;;;
2021-07-18 03:00:00;4.121178995433791;;;;;;;
2021-07-18 04:00:00;4.121178995433791;;;;;;;
2021-07-18 05:00:00;4.121178995433791;;;;;;;
2021-07-18 06:00:00;4.121178995433791;;;;;;;
2021-07-18 07:00:00;4.121178995433791;;;;;;;
2021-07-18 08:00:00;4.121178995433791;;;;;;;
2021-07-18 09:00:00;4.121178995433791;;;;;;;
2021-07-18 10:00:00;4.121178995433791;;;;;;;
2021-07-18 11:00:00;4.121178995433791;;;;;;;
2021-07-18 12:00:00;4.121178995433791;;;;;;;
2021-07-18 13:00:00;4.121178995433791;;;;;;;
2021-07-18 14:00:00;4.121178995433791;;;;;;;
2021-07-18 15:00:00;4.121178995433791;;;;;;;
2021-07-18 16:00:00;4.121178995433791;;;;;;;
2021-07-18 17:00:00;4.121178995433791;;;;;;;
2021-07-18 18:00:00;4.121178995433791;;;;;;;
2021-07-18 19:00:00;4.121178995433791;;;;;;;
2021-07-18 20:00:00;4.121178995433791;;;;;;;
2021-07-18 21:00:00;4.121178995433791;;;;;;;
2021-07-18 22:00:00;4.121178995433791;;;;;;;
2021-07-18 23:00:00;4.121178995433791;;;;;;;
2021-07-19 00:00:00;4.121178995433791;;;;;;;
2021-07-19 01:00:00;4.121178995433791;;;;;;;
2021-07-19 02:00:00;4.121178995433791;;;;;;;
2021-07-19 03:00:00;4.121178995433791;;;;;;;
2021-07-19 04:00:00;4.121178995433791;;;;;;;
2021-07-19 05:00:00;4.121178995433791;;;;;;;
2021-07-19 06:00:00;4.121178995433791;;;;;;;
2021-07-19 07:00:00;4.121178995433791;;;;;;;
2021-07-19 08:00:00;4.121178995433791;;;;;;;
2021-07-19 09:00:00;4.121178995433791;;;;;;;
2021-07-19 10:00:00;4.121178995433791;;;;;;;
2021-07-19 11:00:00;4.121178995433791;;;;;;;
2021-07-19 12:00:00;4.121178995433791;;;;;;;
2021-07-19 13:00:00;4.121178995433791;;;;;;;
2021-07-19 14:00:00;4.121178995433791;;;;;;;
2021-07-19 15:00:00;4.121178995433791;;;;;;;
2021-07-19 16:00:00;4.121178995433791;;;;;;;
2021-07-19 17:00:00;4.121178995433791;;;;;;;
2021-07-19 18:00:00;4.121178995433791;;;;;;;
2021-07-19 19:00:00;4.121178995433791;;;;;;;
2021-07-19 20:00:00;4.121178995433791;;;;;;;
2021-07-19 21:00:00;4.121178995433791;;;;;;;
2021-07-19 22:00:00;4.121178995433791;;;;;;;
2021-07-19 23:00:00;4.121178995433791;;;;;;;
2021-07-20 00:00:00;4.121178995433791;;;;;;;
2021-07-20 01:00:00;4.121178995433791;;;;;;;
2021-07-20 02:00:00;4.121178995433791;;;;;;;
2021-07-20 03:00:00;4.121178995433791;;;;;;;
2021-07-20 04:00:00;4.121178995433791;;;;;;;
2021-07-20 05:00:00;4.121178995433791;;;;;;;
2021-07-20 06:00:00;4.121178995433791;;;;;;;
2021-07-20 07:00:00;4.121178995433791;;;;;;;
2021-07-20 08:00:00;4.121178995433791;;;;;;;
2021-07-20 09:00:00;4.121178995433791;;;;;;;
2021-07-20 10:00:00;4.121178995433791;;;;;;;
2021-07-20 11:00:00;4.121178995433791;;;;;;;
2021-07-20 12:00:00;4.121178995433791;;;;;;;
2021-07-20 13:00:00;4.121178995433791;;;;;;;
2021-07-20 14:00:00;4.121178995433791;;;;;;;
2021-07-20 15:00:00;4.121178995433791;;;;;;;
2021-07-20 16:00:00;4.121178995433791;;;;;;;
2021-07-20 17:00:00;4.121178995433791;;;;;;;
2021-07-20 18:00:00;4.121178995433791;;;;;;;
2021-07-20 19:00:00;4.121178995433791;;;;;;;
2021-07-20 20:00:00;4.121178995433791;;;;;;;
2021-07-20 21:00:00;4.121178995433791;;;;;;;
2021-07-20 22:00:00;4.121178995433791;;;;;;;
2021-07-20 23:00:00;4.121178995433791;;;;;;;
2021-07-21 00:00:00;4.121178995433791;;;;;;;
2021-07-21 01:00:00;4.121178995433791;;;;;;;
2021-07-21 02:00:00;4.121178995433791;;;;;;;
2021-07-21 03:00:00;4.121178995433791;;;;;;;
2021-07-21 04:00:00;4.121178995433791;;;;;;;
2021-07-21 05:00:00;4.121178995433791;;;;;;;
2021-07-21 06:00:00;4.121178995433791;;;;;;;
2021-07-21 07:00:00;4.121178995433791;;;;;;;
2021-07-21 08:00:00;4.121178995433791;;;;;;;
2021-07-21 09:00:00;4.121178995433791;;;;;;;
2021-07-21 10:00:00;4.121178995433791;;;;;;;
2021-07-21 11:00:00;4.121178995433791;;;;;;;
2021-07-21 12:00:00;4.121178995433791;;;;;;;
2021-07-21 13:00:00;4.121178995433791;;;;;;;
2021-07-21 14:00:00;4.121178995433791;;;;;;;
2021-07-21 15:00:00;4.121178995433791;;;;;;;
2021-07-21 16:00:00;4.121178995433791;;;;;;;
2021-07-21 17:00:00;4.121178995433791;;;;;;;
2021-07-21 18:00:00;4.121178995433791;;;;;;;
2021-07-21 19:00:00;4.121178995433791;;;;;;;
2021-07-21 20:00:00;4.121178995433791;;;;;;;
2021-07-21 21:00:00;4.121178995433791;;;;;;;
2021-07-21 22:00:00;4.121178995433791;;;;;;;
2021-07-21 23:00:00;4.121178995433791;;;;;;;
2021-07-22 00:00:00;4.121178995433791;;;;;;;
2021-07-22 01:00:00;4.121178995433791;;;;;;;
2021-07-22 02:00:00;4.121178995433791;;;;;;;
2021-07-22 03:00:00;4.121178995433791;;;;;;;
2021-07-22 04:00:00;4.121178995433791;;;;;;;
2021-07-22 05:00:00;4.121178995433791;;;;;;;
2021-07-22 06:00:00;4.121178995433791;;;;;;;
2021-07-22 07:00:00;4.121178995433791;;;;;;;
2021-07-22 08:00:00;4.121178995433791;;;;;;;
2021-07-22 09:00:00;4.121178995433791;;;;;;;
2021-07-22 10:00:00;4.121178995433791;;;;;;;
2021-07-22 11:00:00;4.121178995433791;;;;;;;
2021-07-22 12:00:00;4.121178995433791;;;;;;;
2021-07-22 13:00:00;4.121178995433791;;;;;;;
2021-07-22 14:00:00;4.121178995433791;;;;;;;
2021-07-22 15:00:00;4.121178995433791;;;;;;;
2021-07-22 16:00:00;4.121178995433791;;;;;;;
2021-07-22 17:00:00;4.121178995433791;;;;;;;
2021-07-22 18:00:00;4.121178995433791;;;;;;;
2021-07-22 19:00:00;4.121178995433791;;;;;;;
2021-07-22 20:00:00;4.121178995433791;;;;;;;
2021-07-22 21:00:00;4.121178995433791;;;;;;;
2021-07-22 22:00:00;4.121178995433791;;;;;;;
2021-07-22 23:00:00;4.121178995433791;;;;;;;
2021-07-23 00:00:00;4.121178995433791;;;;;;;
2021-07-23 01:00:00;4.121178995433791;;;;;;;
2021-07-23 02:00:00;4.121178995433791;;;;;;;
2021-07-23 03:00:00;4.121178995433791;;;;;;;
2021-07-23 04:00:00;4.121178995433791;;;;;;;
2021-07-23 05:00:00;4.121178995433791;;;;;;;
2021-07-23 06:00:00;4.121178995433791;;;;;;;
2021-07-23 07:00:00;4.121178995433791;;;;;;;
2021-07-23 08:00:00;4.121178995433791;;;;;;;
2021-07-23 09:00:00;4.121178995433791;;;;;;;
2021-07-23 10:00:00;4.121178995433791;;;;;;;
2021-07-23 11:00:00;4.121178995433791;;;;;;;
2021-07-23 12:00:00;4.121178995433791;;;;;;;
2021-07-23 13:00:00;4.121178995433791;;;;;;;
2021-07-23 14:00:00;4.121178995433791;;;;;;;
2021-07-23 15:00:00;4.121178995433791;;;;;;;
2021-07-23 16:00:00;4.121178995433791;;;;;;;
2021-07-23 17:00:00;4.121178995433791;;;;;;;
2021-07-23 18:00:00;4.121178995433791;;;;;;;
2021-07-23 19:00:00;4.121178995433791;;;;;;;
2021-07-23 20:00:00;4.121178995433791;;;;;;;
2021-07-23 21:00:00;4.121178995433791;;;;;;;
2021-07-23 22:00:00;4.121178995433791;;;;;;;
2021-07-23 23:00:00;4.121178995433791;;;;;;;
2021-07-24 00:00:00;4.121178995433791;;;;;;;
2021-07-24 01:00:00;4.121178995433791;;;;;;;
2021-07-24 02:00:00;4.121178995433791;;;;;;;
2021-07-24 03:00:00;4.121178995433791;;;;;;;
2021-07-24 04:00:00;4.121178995433791;;;;;;;
2021-07-24 05:00:00;4.121178995433791;;;;;;;
2021-07-24 06:00:00;4.121178995433791;;;;;;;
2021-07-24 07:00:00;4.121178995433791;;;;;;;
2021-07-24 08:00:00;4.121178995433791;;;;;;;
2021-07-24 09:00:00;4.121178995433791;;;;;;;
2021-07-24 10:00:00;4.121178995433791;;;;;;;
2021-07-24 11:00:00;4.121178995433791;;;;;;;
2021-07-24 12:00:00;4.121178995433791;;;;;;;
2021-07-24 13:00:00;4.121178995433791;;;;;;;
2021-07-24 14:00:00;4.121178995433791;;;;;;;
2021-07-24 15:00:00;4.121178995433791;;;;;;;
2021-07-24 16:00:00;4.121178995433791;;;;;;;
2021-07-24 17:00:00;4.121178995433791;;;;;;;
2021-07-24 18:00:00;4.121178995433791;;;;;;;
2021-07-24 19:00:00;4.121178995433791;;;;;;;
2021-07-24 20:00:00;4.121178995433791;;;;;;;
2021-07-24 21:00:00;4.121178995433791;;;;;;;
2021-07-24 22:00:00;4.121178995433791;;;;;;;
2021-07-24 23:00:00;4.121178995433791;;;;;;;
2021-07-25 00:00:00;4.121178995433791;;;;;;;
2021-07-25 01:00:00;4.121178995433791;;;;;;;
2021-07-25 02:00:00;4.121178995433791;;;;;;;
2021-07-25 03:00:00;4.121178995433791;;;;;;;
2021-07-25 04:00:00;4.121178995433791;;;;;;;
2021-07-25 05:00:00;4.121178995433791;;;;;;;
2021-07-25 06:00:00;4.121178995433791;;;;;;;
2021-07-25 07:00:00;4.121178995433791;;;;;;;
2021-07-25 08:00:00;4.121178995433791;;;;;;;
2021-07-25 09:00:00;4.121178995433791;;;;;;;
2021-07-25 10:00:00;4.121178995433791;;;;;;;
2021-07-25 11:00:00;4.121178995433791;;;;;;;
2021-07-25 12:00:00;4.121178995433791;;;;;;;
2021-07-25 13:00:00;4.121178995433791;;;;;;;
2021-07-25 14:00:00;4.121178995433791;;;;;;;
2021-07-25 15:00:00;4.121178995433791;;;;;;;
2021-07-25 16:00:00;4.121178995433791;;;;;;;
2021-07-25 17:00:00;4.121178995433791;;;;;;;
2021-07-25 18:00:00;4.121178995433791;;;;;;;
2021-07-25 19:00:00;4.121178995433791;;;;;;;
2021-07-25 20:00:00;4.121178995433791;;;;;;;
2021-07-25 21:00:00;4.121178995433791;;;;;;;
2021-07-25 22:00:00;4.121178995433791;;;;;;;
2021-07-25 23:00:00;4.121178995433791;;;;;;;
2021-07-26 00:00:00;4.121178995433791;;;;;;;
2021-07-26 01:00:00;4.121178995433791;;;;;;;
2021-07-26 02:00:00;4.121178995433791;;;;;;;
2021-07-26 03:00:00;4.121178995433791;;;;;;;
2021-07-26 04:00:00;4.121178995433791;;;;;;;
2021-07-26 05:00:00;4.121178995433791;;;;;;;
2021-07-26 06:00:00;4.121178995433791;;;;;;;
2021-07-26 07:00:00;4.121178995433791;;;;;;;
2021-07-26 08:00:00;4.121178995433791;;;;;;;
2021-07-26 09:00:00;4.121178995433791;;;;;;;
2021-07-26 10:00:00;4.121178995433791;;;;;;;
2021-07-26 11:00:00;4.121178995433791;;;;;;;
2021-07-26 12:00:00;4.121178995433791;;;;;;;
2021-07-26 13:00:00;4.121178995433791;;;;;;;
2021-07-26 14:00:00;4.121178995433791;;;;;;;
2021-07-26 15:00:00;4.121178995433791;;;;;;;
2021-07-26 16:00:00;4.121178995433791;;;;;;;
2021-07-26 17:00:00;4.121178995433791;;;;;;;
2021-07-26 18:00:00;4.121178995433791;;;;;;;
2021-07-26 19:00:00;4.121178995433791;;;;;;;
2021-07-26 20:00:00;4.121178995433791;;;;;;;
2021-07-26 21:00:00;4.121178995433791;;;;;;;
2021-07-26 22:00:00;4.121178995433791;;;;;;;
2021-07-26 23:00:00;4.121178995433791;;;;;;;
2021-07-27 00:00:00;4.121178995433791;;;;;;;
2021-07-27 01:00:00;4.121178995433791;;;;;;;
2021-07-27 02:00:00;4.121178995433791;;;;;;;
2021-07-27 03:00:00;4.121178995433791;;;;;;;
2021-07-27 04:00:00;4.121178995433791;;;;;;;
2021-07-27 05:00:00;4.121178995433791;;;;;;;
2021-07-27 06:00:00;4.121178995433791;;;;;;;
2021-07-27 07:00:00;4.121178995433791;;;;;;;
2021-07-27 08:00:00;4.121178995433791;;;;;;;
2021-07-27 09:00:00;4.121178995433791;;;;;;;
2021-07-27 10:00:00;4.121178995433791;;;;;;;
2021-07-27 11:00:00;4.121178995433791;;;;;;;
2021-07-27 12:00:00;4.121178995433791;;;;;;;
2021-07-27 13:00:00;4.121178995433791;;;;;;;
2021-07-27 14:00:00;4.121178995433791;;;;;;;
2021-07-27 15:00:00;4.121178995433791;;;;;;;
2021-07-27 16:00:00;4.121178995433791;;;;;;;
2021-07-27 17:00:00;4.121178995433791;;;;;;;
2021-07-27 18:00:00;4.121178995433791;;;;;;;
2021-07-27 19:00:00;4.121178995433791;;;;;;;
2021-07-27 20:00:00;4.121178995433791;;;;;;;
2021-07-27 21:00:00;4.121178995433791;;;;;;;
2021-07-27 22:00:00;4.121178995433791;;;;;;;
2021-07-27 23:00:00;4.121178995433791;;;;;;;
2021-07-28 00:00:00;4.121178995433791;;;;;;;
2021-07-28 01:00:00;4.121178995433791;;;;;;;
2021-07-28 02:00:00;4.121178995433791;;;;;;;
2021-07-28 03:00:00;4.121178995433791;;;;;;;
2021-07-28 04:00:00;4.121178995433791;;;;;;;
2021-07-28 05:00:00;4.121178995433791;;;;;;;
2021-07-28 06:00:00;4.121178995433791;;;;;;;
2021-07-28 07:00:00;4.121178995433791;;;;;;;
2021-07-28 08:00:00;4.121178995433791;;;;;;;
2021-07-28 09:00:00;4.121178995433791;;;;;;;
2021-07-28 10:00:00;4.121178995433791;;;;;;;
2021-07-28 11:00:00;4.121178995433791;;;;;;;
2021-07-28 12:00:00;4.121178995433791;;;;;;;
2021-07-28 13:00:00;4.121178995433791;;;;;;;
2021-07-28 14:00:00;4.121178995433791;;;;;;;
2021-07-28 15:00:00;4.121178995433791;;;;;;;
2021-07-28 16:00:00;4.121178995433791;;;;;;;
2021-07-28 17:00:00;4.121178995433791;;;;;;;
2021-07-28 18:00:00;4.121178995433791;;;;;;;
2021-07-28 19:00:00;4.121178995433791;;;;;;;
2021-07-28 20:00:00;4.121178995433791;;;;;;;
2021-07-28 21:00:00;4.121178995433791;;;;;;;
2021-07-28 22:00:00;4.121178995433791;;;;;;;
2021-07-28 23:00:00;4.121178995433791;;;;;;;
2021-07-29 00:00:00;4.121178995433791;;;;;;;
2021-07-29 01:00:00;4.121178995433791;;;;;;;
2021-07-29 02:00:00;4.121178995433791;;;;;;;
2021-07-29 03:00:00;4.121178995433791;;;;;;;
2021-07-29 04:00:00;4.121178995433791;;;;;;;
2021-07-29 05:00:00;4.121178995433791;;;;;;;
2021-07-29 06:00:00;4.121178995433791;;;;;;;
2021-07-29 07:00:00;4.121178995433791;;;;;;;
2021-07-29 08:00:00;4.121178995433791;;;;;;;
2021-07-29 09:00:00;4.121178995433791;;;;;;;
2021-07-29 10:00:00;4.121178995433791;;;;;;;
2021-07-29 11:00:00;4.121178995433791;;;;;;;
2021-07-29 12:00:00;4.121178995433791;;;;;;;
2021-07-29 13:00:00;4.121178995433791;;;;;;;
2021-07-29 14:00:00;4.121178995433791;;;;;;;
2021-07-29 15:00:00;4.121178995433791;;;;;;;
2021-07-29 16:00:00;4.121178995433791;;;;;;;
2021-07-29 17:00:00;4.121178995433791;;;;;;;
2021-07-29 18:00:00;4.121178995433791;;;;;;;
2021-07-29 19:00:00;4.121178995433791;;;;;;;
2021-07-29 20:00:00;4.121178995433791;;;;;;;
2021-07-29 21:00:00;4.121178995433791;;;;;;;
2021-07-29 22:00:00;4.121178995433791;;;;;;;
2021-07-29 23:00:00;4.121178995433791;;;;;;;
2021-07-30 00:00:00;4.121178995433791;;;;;;;
2021-07-30 01:00:00;4.121178995433791;;;;;;;
2021-07-30 02:00:00;4.121178995433791;;;;;;;
2021-07-30 03:00:00;4.121178995433791;;;;;;;
2021-07-30 04:00:00;4.121178995433791;;;;;;;
2021-07-30 05:00:00;4.121178995433791;;;;;;;
2021-07-30 06:00:00;4.121178995433791;;;;;;;
2021-07-30 07:00:00;4.121178995433791;;;;;;;
2021-07-30 08:00:00;4.121178995433791;;;;;;;
2021-07-30 09:00:00;4.121178995433791;;;;;;;
2021-07-30 10:00:00;4.121178995433791;;;;;;;
2021-07-30 11:00:00;4.121178995433791;;;;;;;
2021-07-30 12:00:00;4.121178995433791;;;;;;;
2021-07-30 13:00:00;4.121178995433791;;;;;;;
2021-07-30 14:00:00;4.121178995433791;;;;;;;
2021-07-30 15:00:00;4.121178995433791;;;;;;;
2021-07-30 16:00:00;4.121178995433791;;;;;;;
2021-07-30 17:00:00;4.121178995433791;;;;;;;
2021-07-30 18:00:00;4.121178995433791;;;;;;;
2021-07-30 19:00:00;4.121178995433791;;;;;;;
2021-07-30 20:00:00;4.121178995433791;;;;;;;
2021-07-30 21:00:00;4.121178995433791;;;;;;;
2021-07-30 22:00:00;4.121178995433791;;;;;;;
2021-07-30 23:00:00;4.121178995433791;;;;;;;
2021-07-31 00:00:00;4.121178995433791;;;;;;;
2021-07-31 01:00:00;4.121178995433791;;;;;;;
2021-07-31 02:00:00;4.121178995433791;;;;;;;
2021-07-31 03:00:00;4.121178995433791;;;;;;;
2021-07-31 04:00:00;4.121178995433791;;;;;;;
2021-07-31 05:00:00;4.121178995433791;;;;;;;
2021-07-31 06:00:00;4.121178995433791;;;;;;;
2021-07-31 07:00:00;4.121178995433791;;;;;;;
2021-07-31 08:00:00;4.121178995433791;;;;;;;
2021-07-31 09:00:00;4.121178995433791;;;;;;;
2021-07-31 10:00:00;4.121178995433791;;;;;;;
2021-07-31 11:00:00;4.121178995433791;;;;;;;
2021-07-31 12:00:00;4.121178995433791;;;;;;;
2021-07-31 13:00:00;4.121178995433791;;;;;;;
2021-07-31 14:00:00;4.121178995433791;;;;;;;
2021-07-31 15:00:00;4.121178995433791;;;;;;;
2021-07-31 16:00:00;4.121178995433791;;;;;;;
2021-07-31 17:00:00;4.121178995433791;;;;;;;
2021-07-31 18:00:00;4.121178995433791;;;;;;;
2021-07-31 19:00:00;4.121178995433791;;;;;;;
2021-07-31 20:00:00;4.121178995433791;;;;;;;
2021-07-31 21:00:00;4.121178995433791;;;;;;;
2021-07-31 22:00:00;4.121178995433791;;;;;;;
2021-07-31 23:00:00;4.121178995433791;;;;;;;
2021-08-01 00:00:00;4.121178995433791;;;;;;;
2021-08-01 01:00:00;4.121178995433791;;;;;;;
2021-08-01 02:00:00;4.121178995433791;;;;;;;
2021-08-01 03:00:00;4.121178995433791;;;;;;;
2021-08-01 04:00:00;4.121178995433791;;;;;;;
2021-08-01 05:00:00;4.121178995433791;;;;;;;
2021-08-01 06:00:00;4.121178995433791;;;;;;;
2021-08-01 07:00:00;4.121178995433791;;;;;;;
2021-08-01 08:00:00;4.121178995433791;;;;;;;
2021-08-01 09:00:00;4.121178995433791;;;;;;;
2021-08-01 10:00:00;4.121178995433791;;;;;;;
2021-08-01 11:00:00;4.121178995433791;;;;;;;
2021-08-01 12:00:00;4.121178995433791;;;;;;;
2021-08-01 13:00:00;4.121178995433791;;;;;;;
2021-08-01 14:00:00;4.121178995433791;;;;;;;
2021-08-01 15:00:00;4.121178995433791;;;;;;;
2021-08-01 16:00:00;4.121178995433791;;;;;;;
2021-08-01 17:00:00;4.121178995433791;;;;;;;
2021-08-01 18:00:00;4.121178995433791;;;;;;;
2021-08-01 19:00:00;4.121178995433791;;;;;;;
2021-08-01 20:00:00;4.121178995433791;;;;;;;
2021-08-01 21:00:00;4.121178995433791;;;;;;;
2021-08-01 22:00:00;4.121178995433791;;;;;;;
2021-08-01 23:00:00;4.121178995433791;;;;;;;
2021-08-02 00:00:00;4.121178995433791;;;;;;;
2021-08-02 01:00:00;4.121178995433791;;;;;;;
2021-08-02 02:00:00;4.121178995433791;;;;;;;
2021-08-02 03:00:00;4.121178995433791;;;;;;;
2021-08-02 04:00:00;4.121178995433791;;;;;;;
2021-08-02 05:00:00;4.121178995433791;;;;;;;
2021-08-02 06:00:00;4.121178995433791;;;;;;;
2021-08-02 07:00:00;4.121178995433791;;;;;;;
2021-08-02 08:00:00;4.121178995433791;;;;;;;
2021-08-02 09:00:00;4.121178995433791;;;;;;;
2021-08-02 10:00:00;4.121178995433791;;;;;;;
2021-08-02 11:00:00;4.121178995433791;;;;;;;
2021-08-02 12:00:00;4.121178995433791;;;;;;;
2021-08-02 13:00:00;4.121178995433791;;;;;;;
2021-08-02 14:00:00;4.121178995433791;;;;;;;
2021-08-02 15:00:00;4.121178995433791;;;;;;;
2021-08-02 16:00:00;4.121178995433791;;;;;;;
2021-08-02 17:00:00;4.121178995433791;;;;;;;
2021-08-02 18:00:00;4.121178995433791;;;;;;;
2021-08-02 19:00:00;4.121178995433791;;;;;;;
2021-08-02 20:00:00;4.121178995433791;;;;;;;
2021-08-02 21:00:00;4.121178995433791;;;;;;;
2021-08-02 22:00:00;4.121178995433791;;;;;;;
2021-08-02 23:00:00;4.121178995433791;;;;;;;
2021-08-03 00:00:00;4.121178995433791;;;;;;;
2021-08-03 01:00:00;4.121178995433791;;;;;;;
2021-08-03 02:00:00;4.121178995433791;;;;;;;
2021-08-03 03:00:00;4.121178995433791;;;;;;;
2021-08-03 04:00:00;4.121178995433791;;;;;;;
2021-08-03 05:00:00;4.121178995433791;;;;;;;
2021-08-03 06:00:00;4.121178995433791;;;;;;;
2021-08-03 07:00:00;4.121178995433791;;;;;;;
2021-08-03 08:00:00;4.121178995433791;;;;;;;
2021-08-03 09:00:00;4.121178995433791;;;;;;;
2021-08-03 10:00:00;4.121178995433791;;;;;;;
2021-08-03 11:00:00;4.121178995433791;;;;;;;
2021-08-03 12:00:00;4.121178995433791;;;;;;;
2021-08-03 13:00:00;4.121178995433791;;;;;;;
2021-08-03 14:00:00;4.121178995433791;;;;;;;
2021-08-03 15:00:00;4.121178995433791;;;;;;;
2021-08-03 16:00:00;4.121178995433791;;;;;;;
2021-08-03 17:00:00;4.121178995433791;;;;;;;
2021-08-03 18:00:00;4.121178995433791;;;;;;;
2021-08-03 19:00:00;4.121178995433791;;;;;;;
2021-08-03 20:00:00;4.121178995433791;;;;;;;
2021-08-03 21:00:00;4.121178995433791;;;;;;;
2021-08-03 22:00:00;4.121178995433791;;;;;;;
2021-08-03 23:00:00;4.121178995433791;;;;;;;
2021-08-04 00:00:00;4.121178995433791;;;;;;;
2021-08-04 01:00:00;4.121178995433791;;;;;;;
2021-08-04 02:00:00;4.121178995433791;;;;;;;
2021-08-04 03:00:00;4.121178995433791;;;;;;;
2021-08-04 04:00:00;4.121178995433791;;;;;;;
2021-08-04 05:00:00;4.121178995433791;;;;;;;
2021-08-04 06:00:00;4.121178995433791;;;;;;;
2021-08-04 07:00:00;4.121178995433791;;;;;;;
2021-08-04 08:00:00;4.121178995433791;;;;;;;
2021-08-04 09:00:00;4.121178995433791;;;;;;;
2021-08-04 10:00:00;4.121178995433791;;;;;;;
2021-08-04 11:00:00;4.121178995433791;;;;;;;
2021-08-04 12:00:00;4.121178995433791;;;;;;;
2021-08-04 13:00:00;4.121178995433791;;;;;;;
2021-08-04 14:00:00;4.121178995433791;;;;;;;
2021-08-04 15:00:00;4.121178995433791;;;;;;;
2021-08-04 16:00:00;4.121178995433791;;;;;;;
2021-08-04 17:00:00;4.121178995433791;;;;;;;
2021-08-04 18:00:00;4.121178995433791;;;;;;;
2021-08-04 19:00:00;4.121178995433791;;;;;;;
2021-08-04 20:00:00;4.121178995433791;;;;;;;
2021-08-04 21:00:00;4.121178995433791;;;;;;;
2021-08-04 22:00:00;4.121178995433791;;;;;;;
2021-08-04 23:00:00;4.121178995433791;;;;;;;
2021-08-05 00:00:00;4.121178995433791;;;;;;;
2021-08-05 01:00:00;4.121178995433791;;;;;;;
2021-08-05 02:00:00;4.121178995433791;;;;;;;
2021-08-05 03:00:00;4.121178995433791;;;;;;;
2021-08-05 04:00:00;4.121178995433791;;;;;;;
2021-08-05 05:00:00;4.121178995433791;;;;;;;
2021-08-05 06:00:00;4.121178995433791;;;;;;;
2021-08-05 07:00:00;4.121178995433791;;;;;;;
2021-08-05 08:00:00;4.121178995433791;;;;;;;
2021-08-05 09:00:00;4.121178995433791;;;;;;;
2021-08-05 10:00:00;4.121178995433791;;;;;;;
2021-08-05 11:00:00;4.121178995433791;;;;;;;
2021-08-05 12:00:00;4.121178995433791;;;;;;;
2021-08-05 13:00:00;4.121178995433791;;;;;;;
2021-08-05 14:00:00;4.121178995433791;;;;;;;
2021-08-05 15:00:00;4.121178995433791;;;;;;;
2021-08-05 16:00:00;4.121178995433791;;;;;;;
2021-08-05 17:00:00;4.121178995433791;;;;;;;
2021-08-05 18:00:00;4.121178995433791;;;;;;;
2021-08-05 19:00:00;4.121178995433791;;;;;;;
2021-08-05 20:00:00;4.121178995433791;;;;;;;
2021-08-05 21:00:00;4.121178995433791;;;;;;;
2021-08-05 22:00:00;4.121178995433791;;;;;;;
2021-08-05 23:00:00;4.121178995433791;;;;;;;
2021-08-06 00:00:00;4.121178995433791;;;;;;;
2021-08-06 01:00:00;4.121178995433791;;;;;;;
2021-08-06 02:00:00;4.121178995433791;;;;;;;
2021-08-06 03:00:00;4.121178995433791;;;;;;;
2021-08-06 04:00:00;4.121178995433791;;;;;;;
2021-08-06 05:00:00;4.121178995433791;;;;;;;
2021-08-06 06:00:00;4.121178995433791;;;;;;;
2021-08-06 07:00:00;4.121178995433791;;;;;;;
2021-08-06 08:00:00;4.121178995433791;;;;;;;
2021-08-06 09:00:00;4.121178995433791;;;;;;;
2021-08-06 10:00:00;4.121178995433791;;;;;;;
2021-08-06 11:00:00;4.121178995433791;;;;;;;
2021-08-06 12:00:00;4.121178995433791;;;;;;;
2021-08-06 13:00:00;4.121178995433791;;;;;;;
2021-08-06 14:00:00;4.121178995433791;;;;;;;
2021-08-06 15:00:00;4.121178995433791;;;;;;;
2021-08-06 16:00:00;4.121178995433791;;;;;;;
2021-08-06 17:00:00;4.121178995433791;;;;;;;
2021-08-06 18:00:00;4.121178995433791;;;;;;;
2021-08-06 19:00:00;4.121178995433791;;;;;;;
2021-08-06 20:00:00;4.121178995433791;;;;;;;
2021-08-06 21:00:00;4.121178995433791;;;;;;;
2021-08-06 22:00:00;4.121178995433791;;;;;;;
2021-08-06 23:00:00;4.121178995433791;;;;;;;
2021-08-07 00:00:00;4.121178995433791;;;;;;;
2021-08-07 01:00:00;4.121178995433791;;;;;;;
2021-08-07 02:00:00;4.121178995433791;;;;;;;
2021-08-07 03:00:00;4.121178995433791;;;;;;;
2021-08-07 04:00:00;4.121178995433791;;;;;;;
2021-08-07 05:00:00;4.121178995433791;;;;;;;
2021-08-07 06:00:00;4.121178995433791;;;;;;;
2021-08-07 07:00:00;4.121178995433791;;;;;;;
2021-08-07 08:00:00;4.121178995433791;;;;;;;
2021-08-07 09:00:00;4.121178995433791;;;;;;;
2021-08-07 10:00:00;4.121178995433791;;;;;;;
2021-08-07 11:00:00;4.121178995433791;;;;;;;
2021-08-07 12:00:00;4.121178995433791;;;;;;;
2021-08-07 13:00:00;4.121178995433791;;;;;;;
2021-08-07 14:00:00;4.121178995433791;;;;;;;
2021-08-07 15:00:00;4.121178995433791;;;;;;;
2021-08-07 16:00:00;4.121178995433791;;;;;;;
2021-08-07 17:00:00;4.121178995433791;;;;;;;
2021-08-07 18:00:00;4.121178995433791;;;;;;;
2021-08-07 19:00:00;4.121178995433791;;;;;;;
2021-08-07 20:00:00;4.121178995433791;;;;;;;
2021-08-07 21:00:00;4.121178995433791;;;;;;;
2021-08-07 22:00:00;4.121178995433791;;;;;;;
2021-08-07 23:00:00;4.121178995433791;;;;;;;
2021-08-08 00:00:00;4.121178995433791;;;;;;;
2021-08-08 01:00:00;4.121178995433791;;;;;;;
2021-08-08 02:00:00;4.121178995433791;;;;;;;
2021-08-08 03:00:00;4.121178995433791;;;;;;;
2021-08-08 04:00:00;4.121178995433791;;;;;;;
2021-08-08 05:00:00;4.121178995433791;;;;;;;
2021-08-08 06:00:00;4.121178995433791;;;;;;;
2021-08-08 07:00:00;4.121178995433791;;;;;;;
2021-08-08 08:00:00;4.121178995433791;;;;;;;
2021-08-08 09:00:00;4.121178995433791;;;;;;;
2021-08-08 10:00:00;4.121178995433791;;;;;;;
2021-08-08 11:00:00;4.121178995433791;;;;;;;
2021-08-08 12:00:00;4.121178995433791;;;;;;;
2021-08-08 13:00:00;4.121178995433791;;;;;;;
2021-08-08 14:00:00;4.121178995433791;;;;;;;
2021-08-08 15:00:00;4.121178995433791;;;;;;;
2021-08-08 16:00:00;4.121178995433791;;;;;;;
2021-08-08 17:00:00;4.121178995433791;;;;;;;
2021-08-08 18:00:00;4.121178995433791;;;;;;;
2021-08-08 19:00:00;4.121178995433791;;;;;;;
2021-08-08 20:00:00;4.121178995433791;;;;;;;
2021-08-08 21:00:00;4.121178995433791;;;;;;;
2021-08-08 22:00:00;4.121178995433791;;;;;;;
2021-08-08 23:00:00;4.121178995433791;;;;;;;
2021-08-09 00:00:00;4.121178995433791;;;;;;;
2021-08-09 01:00:00;4.121178995433791;;;;;;;
2021-08-09 02:00:00;4.121178995433791;;;;;;;
2021-08-09 03:00:00;4.121178995433791;;;;;;;
2021-08-09 04:00:00;4.121178995433791;;;;;;;
2021-08-09 05:00:00;4.121178995433791;;;;;;;
2021-08-09 06:00:00;4.121178995433791;;;;;;;
2021-08-09 07:00:00;4.121178995433791;;;;;;;
2021-08-09 08:00:00;4.121178995433791;;;;;;;
2021-08-09 09:00:00;4.121178995433791;;;;;;;
2021-08-09 10:00:00;4.121178995433791;;;;;;;
2021-08-09 11:00:00;4.121178995433791;;;;;;;
2021-08-09 12:00:00;4.121178995433791;;;;;;;
2021-08-09 13:00:00;4.121178995433791;;;;;;;
2021-08-09 14:00:00;4.121178995433791;;;;;;;
2021-08-09 15:00:00;4.121178995433791;;;;;;;
2021-08-09 16:00:00;4.121178995433791;;;;;;;
2021-08-09 17:00:00;4.121178995433791;;;;;;;
2021-08-09 18:00:00;4.121178995433791;;;;;;;
2021-08-09 19:00:00;4.121178995433791;;;;;;;
2021-08-09 20:00:00;4.121178995433791;;;;;;;
2021-08-09 21:00:00;4.121178995433791;;;;;;;
2021-08-09 22:00:00;4.121178995433791;;;;;;;
2021-08-09 23:00:00;4.121178995433791;;;;;;;
2021-08-10 00:00:00;4.121178995433791;;;;;;;
2021-08-10 01:00:00;4.121178995433791;;;;;;;
2021-08-10 02:00:00;4.121178995433791;;;;;;;
2021-08-10 03:00:00;4.121178995433791;;;;;;;
2021-08-10 04:00:00;4.121178995433791;;;;;;;
2021-08-10 05:00:00;4.121178995433791;;;;;;;
2021-08-10 06:00:00;4.121178995433791;;;;;;;
2021-08-10 07:00:00;4.121178995433791;;;;;;;
2021-08-10 08:00:00;4.121178995433791;;;;;;;
2021-08-10 09:00:00;4.121178995433791;;;;;;;
2021-08-10 10:00:00;4.121178995433791;;;;;;;
2021-08-10 11:00:00;4.121178995433791;;;;;;;
2021-08-10 12:00:00;4.121178995433791;;;;;;;
2021-08-10 13:00:00;4.121178995433791;;;;;;;
2021-08-10 14:00:00;4.121178995433791;;;;;;;
2021-08-10 15:00:00;4.121178995433791;;;;;;;
2021-08-10 16:00:00;4.121178995433791;;;;;;;
2021-08-10 17:00:00;4.121178995433791;;;;;;;
2021-08-10 18:00:00;4.121178995433791;;;;;;;
2021-08-10 19:00:00;4.121178995433791;;;;;;;
2021-08-10 20:00:00;4.121178995433791;;;;;;;
2021-08-10 21:00:00;4.121178995433791;;;;;;;
2021-08-10 22:00:00;4.121178995433791;;;;;;;
2021-08-10 23:00:00;4.121178995433791;;;;;;;
2021-08-11 00:00:00;4.121178995433791;;;;;;;
2021-08-11 01:00:00;4.121178995433791;;;;;;;
2021-08-11 02:00:00;4.121178995433791;;;;;;;
2021-08-11 03:00:00;4.121178995433791;;;;;;;
2021-08-11 04:00:00;4.121178995433791;;;;;;;
2021-08-11 05:00:00;4.121178995433791;;;;;;;
2021-08-11 06:00:00;4.121178995433791;;;;;;;
2021-08-11 07:00:00;4.121178995433791;;;;;;;
2021-08-11 08:00:00;4.121178995433791;;;;;;;
2021-08-11 09:00:00;4.121178995433791;;;;;;;
2021-08-11 10:00:00;4.121178995433791;;;;;;;
2021-08-11 11:00:00;4.121178995433791;;;;;;;
2021-08-11 12:00:00;4.121178995433791;;;;;;;
2021-08-11 13:00:00;4.121178995433791;;;;;;;
2021-08-11 14:00:00;4.121178995433791;;;;;;;
2021-08-11 15:00:00;4.121178995433791;;;;;;;
2021-08-11 16:00:00;4.121178995433791;;;;;;;
2021-08-11 17:00:00;4.121178995433791;;;;;;;
2021-08-11 18:00:00;4.121178995433791;;;;;;;
2021-08-11 19:00:00;4.121178995433791;;;;;;;
2021-08-11 20:00:00;4.121178995433791;;;;;;;
2021-08-11 21:00:00;4.121178995433791;;;;;;;
2021-08-11 22:00:00;4.121178995433791;;;;;;;
2021-08-11 23:00:00;4.121178995433791;;;;;;;
2021-08-12 00:00:00;4.121178995433791;;;;;;;
2021-08-12 01:00:00;4.121178995433791;;;;;;;
2021-08-12 02:00:00;4.121178995433791;;;;;;;
2021-08-12 03:00:00;4.121178995433791;;;;;;;
2021-08-12 04:00:00;4.121178995433791;;;;;;;
2021-08-12 05:00:00;4.121178995433791;;;;;;;
2021-08-12 06:00:00;4.121178995433791;;;;;;;
2021-08-12 07:00:00;4.121178995433791;;;;;;;
2021-08-12 08:00:00;4.121178995433791;;;;;;;
2021-08-12 09:00:00;4.121178995433791;;;;;;;
2021-08-12 10:00:00;4.121178995433791;;;;;;;
2021-08-12 11:00:00;4.121178995433791;;;;;;;
2021-08-12 12:00:00;4.121178995433791;;;;;;;
2021-08-12 13:00:00;4.121178995433791;;;;;;;
2021-08-12 14:00:00;4.121178995433791;;;;;;;
2021-08-12 15:00:00;4.121178995433791;;;;;;;
2021-08-12 16:00:00;4.121178995433791;;;;;;;
2021-08-12 17:00:00;4.121178995433791;;;;;;;
2021-08-12 18:00:00;4.121178995433791;;;;;;;
2021-08-12 19:00:00;4.121178995433791;;;;;;;
2021-08-12 20:00:00;4.121178995433791;;;;;;;
2021-08-12 21:00:00;4.121178995433791;;;;;;;
2021-08-12 22:00:00;4.121178995433791;;;;;;;
2021-08-12 23:00:00;4.121178995433791;;;;;;;
2021-08-13 00:00:00;4.121178995433791;;;;;;;
2021-08-13 01:00:00;4.121178995433791;;;;;;;
2021-08-13 02:00:00;4.121178995433791;;;;;;;
2021-08-13 03:00:00;4.121178995433791;;;;;;;
2021-08-13 04:00:00;4.121178995433791;;;;;;;
2021-08-13 05:00:00;4.121178995433791;;;;;;;
2021-08-13 06:00:00;4.121178995433791;;;;;;;
2021-08-13 07:00:00;4.121178995433791;;;;;;;
2021-08-13 08:00:00;4.121178995433791;;;;;;;
2021-08-13 09:00:00;4.121178995433791;;;;;;;
2021-08-13 10:00:00;4.121178995433791;;;;;;;
2021-08-13 11:00:00;4.121178995433791;;;;;;;
2021-08-13 12:00:00;4.121178995433791;;;;;;;
2021-08-13 13:00:00;4.121178995433791;;;;;;;
2021-08-13 14:00:00;4.121178995433791;;;;;;;
2021-08-13 15:00:00;4.121178995433791;;;;;;;
2021-08-13 16:00:00;4.121178995433791;;;;;;;
2021-08-13 17:00:00;4.121178995433791;;;;;;;
2021-08-13 18:00:00;4.121178995433791;;;;;;;
2021-08-13 19:00:00;4.121178995433791;;;;;;;
2021-08-13 20:00:00;4.121178995433791;;;;;;;
2021-08-13 21:00:00;4.121178995433791;;;;;;;
2021-08-13 22:00:00;4.121178995433791;;;;;;;
2021-08-13 23:00:00;4.121178995433791;;;;;;;
2021-08-14 00:00:00;4.121178995433791;;;;;;;
2021-08-14 01:00:00;4.121178995433791;;;;;;;
2021-08-14 02:00:00;4.121178995433791;;;;;;;
2021-08-14 03:00:00;4.121178995433791;;;;;;;
2021-08-14 04:00:00;4.121178995433791;;;;;;;
2021-08-14 05:00:00;4.121178995433791;;;;;;;
2021-08-14 06:00:00;4.121178995433791;;;;;;;
2021-08-14 07:00:00;4.121178995433791;;;;;;;
2021-08-14 08:00:00;4.121178995433791;;;;;;;
2021-08-14 09:00:00;4.121178995433791;;;;;;;
2021-08-14 10:00:00;4.121178995433791;;;;;;;
2021-08-14 11:00:00;4.121178995433791;;;;;;;
2021-08-14 12:00:00;4.121178995433791;;;;;;;
2021-08-14 13:00:00;4.121178995433791;;;;;;;
2021-08-14 14:00:00;4.121178995433791;;;;;;;
2021-08-14 15:00:00;4.121178995433791;;;;;;;
2021-08-14 16:00:00;4.121178995433791;;;;;;;
2021-08-14 17:00:00;4.121178995433791;;;;;;;
2021-08-14 18:00:00;4.121178995433791;;;;;;;
2021-08-14 19:00:00;4.121178995433791;;;;;;;
2021-08-14 20:00:00;4.121178995433791;;;;;;;
2021-08-14 21:00:00;4.121178995433791;;;;;;;
2021-08-14 22:00:00;4.121178995433791;;;;;;;
2021-08-14 23:00:00;4.121178995433791;;;;;;;
2021-08-15 00:00:00;4.121178995433791;;;;;;;
2021-08-15 01:00:00;4.121178995433791;;;;;;;
2021-08-15 02:00:00;4.121178995433791;;;;;;;
2021-08-15 03:00:00;4.121178995433791;;;;;;;
2021-08-15 04:00:00;4.121178995433791;;;;;;;
2021-08-15 05:00:00;4.121178995433791;;;;;;;
2021-08-15 06:00:00;4.121178995433791;;;;;;;
2021-08-15 07:00:00;4.121178995433791;;;;;;;
2021-08-15 08:00:00;4.121178995433791;;;;;;;
2021-08-15 09:00:00;4.121178995433791;;;;;;;
2021-08-15 10:00:00;4.121178995433791;;;;;;;
2021-08-15 11:00:00;4.121178995433791;;;;;;;
2021-08-15 12:00:00;4.121178995433791;;;;;;;
2021-08-15 13:00:00;4.121178995433791;;;;;;;
2021-08-15 14:00:00;4.121178995433791;;;;;;;
2021-08-15 15:00:00;4.121178995433791;;;;;;;
2021-08-15 16:00:00;4.121178995433791;;;;;;;
2021-08-15 17:00:00;4.121178995433791;;;;;;;
2021-08-15 18:00:00;4.121178995433791;;;;;;;
2021-08-15 19:00:00;4.121178995433791;;;;;;;
2021-08-15 20:00:00;4.121178995433791;;;;;;;
2021-08-15 21:00:00;4.121178995433791;;;;;;;
2021-08-15 22:00:00;4.121178995433791;;;;;;;
2021-08-15 23:00:00;4.121178995433791;;;;;;;
2021-08-16 00:00:00;4.121178995433791;;;;;;;
2021-08-16 01:00:00;4.121178995433791;;;;;;;
2021-08-16 02:00:00;4.121178995433791;;;;;;;
2021-08-16 03:00:00;4.121178995433791;;;;;;;
2021-08-16 04:00:00;4.121178995433791;;;;;;;
2021-08-16 05:00:00;4.121178995433791;;;;;;;
2021-08-16 06:00:00;4.121178995433791;;;;;;;
2021-08-16 07:00:00;4.121178995433791;;;;;;;
2021-08-16 08:00:00;4.121178995433791;;;;;;;
2021-08-16 09:00:00;4.121178995433791;;;;;;;
2021-08-16 10:00:00;4.121178995433791;;;;;;;
2021-08-16 11:00:00;4.121178995433791;;;;;;;
2021-08-16 12:00:00;4.121178995433791;;;;;;;
2021-08-16 13:00:00;4.121178995433791;;;;;;;
2021-08-16 14:00:00;4.121178995433791;;;;;;;
2021-08-16 15:00:00;4.121178995433791;;;;;;;
2021-08-16 16:00:00;4.121178995433791;;;;;;;
2021-08-16 17:00:00;4.121178995433791;;;;;;;
2021-08-16 18:00:00;4.121178995433791;;;;;;;
2021-08-16 19:00:00;4.121178995433791;;;;;;;
2021-08-16 20:00:00;4.121178995433791;;;;;;;
2021-08-16 21:00:00;4.121178995433791;;;;;;;
2021-08-16 22:00:00;4.121178995433791;;;;;;;
2021-08-16 23:00:00;4.121178995433791;;;;;;;
2021-08-17 00:00:00;4.121178995433791;;;;;;;
2021-08-17 01:00:00;4.121178995433791;;;;;;;
2021-08-17 02:00:00;4.121178995433791;;;;;;;
2021-08-17 03:00:00;4.121178995433791;;;;;;;
2021-08-17 04:00:00;4.121178995433791;;;;;;;
2021-08-17 05:00:00;4.121178995433791;;;;;;;
2021-08-17 06:00:00;4.121178995433791;;;;;;;
2021-08-17 07:00:00;4.121178995433791;;;;;;;
2021-08-17 08:00:00;4.121178995433791;;;;;;;
2021-08-17 09:00:00;4.121178995433791;;;;;;;
2021-08-17 10:00:00;4.121178995433791;;;;;;;
2021-08-17 11:00:00;4.121178995433791;;;;;;;
2021-08-17 12:00:00;4.121178995433791;;;;;;;
2021-08-17 13:00:00;4.121178995433791;;;;;;;
2021-08-17 14:00:00;4.121178995433791;;;;;;;
2021-08-17 15:00:00;4.121178995433791;;;;;;;
2021-08-17 16:00:00;4.121178995433791;;;;;;;
2021-08-17 17:00:00;4.121178995433791;;;;;;;
2021-08-17 18:00:00;4.121178995433791;;;;;;;
2021-08-17 19:00:00;4.121178995433791;;;;;;;
2021-08-17 20:00:00;4.121178995433791;;;;;;;
2021-08-17 21:00:00;4.121178995433791;;;;;;;
2021-08-17 22:00:00;4.121178995433791;;;;;;;
2021-08-17 23:00:00;4.121178995433791;;;;;;;
2021-08-18 00:00:00;4.121178995433791;;;;;;;
2021-08-18 01:00:00;4.121178995433791;;;;;;;
2021-08-18 02:00:00;4.121178995433791;;;;;;;
2021-08-18 03:00:00;4.121178995433791;;;;;;;
2021-08-18 04:00:00;4.121178995433791;;;;;;;
2021-08-18 05:00:00;4.121178995433791;;;;;;;
2021-08-18 06:00:00;4.121178995433791;;;;;;;
2021-08-18 07:00:00;4.121178995433791;;;;;;;
2021-08-18 08:00:00;4.121178995433791;;;;;;;
2021-08-18 09:00:00;4.121178995433791;;;;;;;
2021-08-18 10:00:00;4.121178995433791;;;;;;;
2021-08-18 11:00:00;4.121178995433791;;;;;;;
2021-08-18 12:00:00;4.121178995433791;;;;;;;
2021-08-18 13:00:00;4.121178995433791;;;;;;;
2021-08-18 14:00:00;4.121178995433791;;;;;;;
2021-08-18 15:00:00;4.121178995433791;;;;;;;
2021-08-18 16:00:00;4.121178995433791;;;;;;;
2021-08-18 17:00:00;4.121178995433791;;;;;;;
2021-08-18 18:00:00;4.121178995433791;;;;;;;
2021-08-18 19:00:00;4.121178995433791;;;;;;;
2021-08-18 20:00:00;4.121178995433791;;;;;;;
2021-08-18 21:00:00;4.121178995433791;;;;;;;
2021-08-18 22:00:00;4.121178995433791;;;;;;;
2021-08-18 23:00:00;4.121178995433791;;;;;;;
2021-08-19 00:00:00;4.121178995433791;;;;;;;
2021-08-19 01:00:00;4.121178995433791;;;;;;;
2021-08-19 02:00:00;4.121178995433791;;;;;;;
2021-08-19 03:00:00;4.121178995433791;;;;;;;
2021-08-19 04:00:00;4.121178995433791;;;;;;;
2021-08-19 05:00:00;4.121178995433791;;;;;;;
2021-08-19 06:00:00;4.121178995433791;;;;;;;
2021-08-19 07:00:00;4.121178995433791;;;;;;;
2021-08-19 08:00:00;4.121178995433791;;;;;;;
2021-08-19 09:00:00;4.121178995433791;;;;;;;
2021-08-19 10:00:00;4.121178995433791;;;;;;;
2021-08-19 11:00:00;4.121178995433791;;;;;;;
2021-08-19 12:00:00;4.121178995433791;;;;;;;
2021-08-19 13:00:00;4.121178995433791;;;;;;;
2021-08-19 14:00:00;4.121178995433791;;;;;;;
2021-08-19 15:00:00;4.121178995433791;;;;;;;
2021-08-19 16:00:00;4.121178995433791;;;;;;;
2021-08-19 17:00:00;4.121178995433791;;;;;;;
2021-08-19 18:00:00;4.121178995433791;;;;;;;
2021-08-19 19:00:00;4.121178995433791;;;;;;;
2021-08-19 20:00:00;4.121178995433791;;;;;;;
2021-08-19 21:00:00;4.121178995433791;;;;;;;
2021-08-19 22:00:00;4.121178995433791;;;;;;;
2021-08-19 23:00:00;4.121178995433791;;;;;;;
2021-08-20 00:00:00;4.121178995433791;;;;;;;
2021-08-20 01:00:00;4.121178995433791;;;;;;;
2021-08-20 02:00:00;4.121178995433791;;;;;;;
2021-08-20 03:00:00;4.121178995433791;;;;;;;
2021-08-20 04:00:00;4.121178995433791;;;;;;;
2021-08-20 05:00:00;4.121178995433791;;;;;;;
2021-08-20 06:00:00;4.121178995433791;;;;;;;
2021-08-20 07:00:00;4.121178995433791;;;;;;;
2021-08-20 08:00:00;4.121178995433791;;;;;;;
2021-08-20 09:00:00;4.121178995433791;;;;;;;
2021-08-20 10:00:00;4.121178995433791;;;;;;;
2021-08-20 11:00:00;4.121178995433791;;;;;;;
2021-08-20 12:00:00;4.121178995433791;;;;;;;
2021-08-20 13:00:00;4.121178995433791;;;;;;;
2021-08-20 14:00:00;4.121178995433791;;;;;;;
2021-08-20 15:00:00;4.121178995433791;;;;;;;
2021-08-20 16:00:00;4.121178995433791;;;;;;;
2021-08-20 17:00:00;4.121178995433791;;;;;;;
2021-08-20 18:00:00;4.121178995433791;;;;;;;
2021-08-20 19:00:00;4.121178995433791;;;;;;;
2021-08-20 20:00:00;4.121178995433791;;;;;;;
2021-08-20 21:00:00;4.121178995433791;;;;;;;
2021-08-20 22:00:00;4.121178995433791;;;;;;;
2021-08-20 23:00:00;4.121178995433791;;;;;;;
2021-08-21 00:00:00;4.121178995433791;;;;;;;
2021-08-21 01:00:00;4.121178995433791;;;;;;;
2021-08-21 02:00:00;4.121178995433791;;;;;;;
2021-08-21 03:00:00;4.121178995433791;;;;;;;
2021-08-21 04:00:00;4.121178995433791;;;;;;;
2021-08-21 05:00:00;4.121178995433791;;;;;;;
2021-08-21 06:00:00;4.121178995433791;;;;;;;
2021-08-21 07:00:00;4.121178995433791;;;;;;;
2021-08-21 08:00:00;4.121178995433791;;;;;;;
2021-08-21 09:00:00;4.121178995433791;;;;;;;
2021-08-21 10:00:00;4.121178995433791;;;;;;;
2021-08-21 11:00:00;4.121178995433791;;;;;;;
2021-08-21 12:00:00;4.121178995433791;;;;;;;
2021-08-21 13:00:00;4.121178995433791;;;;;;;
2021-08-21 14:00:00;4.121178995433791;;;;;;;
2021-08-21 15:00:00;4.121178995433791;;;;;;;
2021-08-21 16:00:00;4.121178995433791;;;;;;;
2021-08-21 17:00:00;4.121178995433791;;;;;;;
2021-08-21 18:00:00;4.121178995433791;;;;;;;
2021-08-21 19:00:00;4.121178995433791;;;;;;;
2021-08-21 20:00:00;4.121178995433791;;;;;;;
2021-08-21 21:00:00;4.121178995433791;;;;;;;
2021-08-21 22:00:00;4.121178995433791;;;;;;;
2021-08-21 23:00:00;4.121178995433791;;;;;;;
2021-08-22 00:00:00;4.121178995433791;;;;;;;
2021-08-22 01:00:00;4.121178995433791;;;;;;;
2021-08-22 02:00:00;4.121178995433791;;;;;;;
2021-08-22 03:00:00;4.121178995433791;;;;;;;
2021-08-22 04:00:00;4.121178995433791;;;;;;;
2021-08-22 05:00:00;4.121178995433791;;;;;;;
2021-08-22 06:00:00;4.121178995433791;;;;;;;
2021-08-22 07:00:00;4.121178995433791;;;;;;;
2021-08-22 08:00:00;4.121178995433791;;;;;;;
2021-08-22 09:00:00;4.121178995433791;;;;;;;
2021-08-22 10:00:00;4.121178995433791;;;;;;;
2021-08-22 11:00:00;4.121178995433791;;;;;;;
2021-08-22 12:00:00;4.121178995433791;;;;;;;
2021-08-22 13:00:00;4.121178995433791;;;;;;;
2021-08-22 14:00:00;4.121178995433791;;;;;;;
2021-08-22 15:00:00;4.121178995433791;;;;;;;
2021-08-22 16:00:00;4.121178995433791;;;;;;;
2021-08-22 17:00:00;4.121178995433791;;;;;;;
2021-08-22 18:00:00;4.121178995433791;;;;;;;
2021-08-22 19:00:00;4.121178995433791;;;;;;;
2021-08-22 20:00:00;4.121178995433791;;;;;;;
2021-08-22 21:00:00;4.121178995433791;;;;;;;
2021-08-22 22:00:00;4.121178995433791;;;;;;;
2021-08-22 23:00:00;4.121178995433791;;;;;;;
2021-08-23 00:00:00;4.121178995433791;;;;;;;
2021-08-23 01:00:00;4.121178995433791;;;;;;;
2021-08-23 02:00:00;4.121178995433791;;;;;;;
2021-08-23 03:00:00;4.121178995433791;;;;;;;
2021-08-23 04:00:00;4.121178995433791;;;;;;;
2021-08-23 05:00:00;4.121178995433791;;;;;;;
2021-08-23 06:00:00;4.121178995433791;;;;;;;
2021-08-23 07:00:00;4.121178995433791;;;;;;;
2021-08-23 08:00:00;4.121178995433791;;;;;;;
2021-08-23 09:00:00;4.121178995433791;;;;;;;
2021-08-23 10:00:00;4.121178995433791;;;;;;;
2021-08-23 11:00:00;4.121178995433791;;;;;;;
2021-08-23 12:00:00;4.121178995433791;;;;;;;
2021-08-23 13:00:00;4.121178995433791;;;;;;;
2021-08-23 14:00:00;4.121178995433791;;;;;;;
2021-08-23 15:00:00;4.121178995433791;;;;;;;
2021-08-23 16:00:00;4.121178995433791;;;;;;;
2021-08-23 17:00:00;4.121178995433791;;;;;;;
2021-08-23 18:00:00;4.121178995433791;;;;;;;
2021-08-23 19:00:00;4.121178995433791;;;;;;;
2021-08-23 20:00:00;4.121178995433791;;;;;;;
2021-08-23 21:00:00;4.121178995433791;;;;;;;
2021-08-23 22:00:00;4.121178995433791;;;;;;;
2021-08-23 23:00:00;4.121178995433791;;;;;;;
2021-08-24 00:00:00;4.121178995433791;;;;;;;
2021-08-24 01:00:00;4.121178995433791;;;;;;;
2021-08-24 02:00:00;4.121178995433791;;;;;;;
2021-08-24 03:00:00;4.121178995433791;;;;;;;
2021-08-24 04:00:00;4.121178995433791;;;;;;;
2021-08-24 05:00:00;4.121178995433791;;;;;;;
2021-08-24 06:00:00;4.121178995433791;;;;;;;
2021-08-24 07:00:00;4.121178995433791;;;;;;;
2021-08-24 08:00:00;4.121178995433791;;;;;;;
2021-08-24 09:00:00;4.121178995433791;;;;;;;
2021-08-24 10:00:00;4.121178995433791;;;;;;;
2021-08-24 11:00:00;4.121178995433791;;;;;;;
2021-08-24 12:00:00;4.121178995433791;;;;;;;
2021-08-24 13:00:00;4.121178995433791;;;;;;;
2021-08-24 14:00:00;4.121178995433791;;;;;;;
2021-08-24 15:00:00;4.121178995433791;;;;;;;
2021-08-24 16:00:00;4.121178995433791;;;;;;;
2021-08-24 17:00:00;4.121178995433791;;;;;;;
2021-08-24 18:00:00;4.121178995433791;;;;;;;
2021-08-24 19:00:00;4.121178995433791;;;;;;;
2021-08-24 20:00:00;4.121178995433791;;;;;;;
2021-08-24 21:00:00;4.121178995433791;;;;;;;
2021-08-24 22:00:00;4.121178995433791;;;;;;;
2021-08-24 23:00:00;4.121178995433791;;;;;;;
2021-08-25 00:00:00;4.121178995433791;;;;;;;
2021-08-25 01:00:00;4.121178995433791;;;;;;;
2021-08-25 02:00:00;4.121178995433791;;;;;;;
2021-08-25 03:00:00;4.121178995433791;;;;;;;
2021-08-25 04:00:00;4.121178995433791;;;;;;;
2021-08-25 05:00:00;4.121178995433791;;;;;;;
2021-08-25 06:00:00;4.121178995433791;;;;;;;
2021-08-25 07:00:00;4.121178995433791;;;;;;;
2021-08-25 08:00:00;4.121178995433791;;;;;;;
2021-08-25 09:00:00;4.121178995433791;;;;;;;
2021-08-25 10:00:00;4.121178995433791;;;;;;;
2021-08-25 11:00:00;4.121178995433791;;;;;;;
2021-08-25 12:00:00;4.121178995433791;;;;;;;
2021-08-25 13:00:00;4.121178995433791;;;;;;;
2021-08-25 14:00:00;4.121178995433791;;;;;;;
2021-08-25 15:00:00;4.121178995433791;;;;;;;
2021-08-25 16:00:00;4.121178995433791;;;;;;;
2021-08-25 17:00:00;4.121178995433791;;;;;;;
2021-08-25 18:00:00;4.121178995433791;;;;;;;
2021-08-25 19:00:00;4.121178995433791;;;;;;;
2021-08-25 20:00:00;4.121178995433791;;;;;;;
2021-08-25 21:00:00;4.121178995433791;;;;;;;
2021-08-25 22:00:00;4.121178995433791;;;;;;;
2021-08-25 23:00:00;4.121178995433791;;;;;;;
2021-08-26 00:00:00;4.121178995433791;;;;;;;
2021-08-26 01:00:00;4.121178995433791;;;;;;;
2021-08-26 02:00:00;4.121178995433791;;;;;;;
2021-08-26 03:00:00;4.121178995433791;;;;;;;
2021-08-26 04:00:00;4.121178995433791;;;;;;;
2021-08-26 05:00:00;4.121178995433791;;;;;;;
2021-08-26 06:00:00;4.121178995433791;;;;;;;
2021-08-26 07:00:00;4.121178995433791;;;;;;;
2021-08-26 08:00:00;4.121178995433791;;;;;;;
2021-08-26 09:00:00;4.121178995433791;;;;;;;
2021-08-26 10:00:00;4.121178995433791;;;;;;;
2021-08-26 11:00:00;4.121178995433791;;;;;;;
2021-08-26 12:00:00;4.121178995433791;;;;;;;
2021-08-26 13:00:00;4.121178995433791;;;;;;;
2021-08-26 14:00:00;4.121178995433791;;;;;;;
2021-08-26 15:00:00;4.121178995433791;;;;;;;
2021-08-26 16:00:00;4.121178995433791;;;;;;;
2021-08-26 17:00:00;4.121178995433791;;;;;;;
2021-08-26 18:00:00;4.121178995433791;;;;;;;
2021-08-26 19:00:00;4.121178995433791;;;;;;;
2021-08-26 20:00:00;4.121178995433791;;;;;;;
2021-08-26 21:00:00;4.121178995433791;;;;;;;
2021-08-26 22:00:00;4.121178995433791;;;;;;;
2021-08-26 23:00:00;4.121178995433791;;;;;;;
2021-08-27 00:00:00;4.121178995433791;;;;;;;
2021-08-27 01:00:00;4.121178995433791;;;;;;;
2021-08-27 02:00:00;4.121178995433791;;;;;;;
2021-08-27 03:00:00;4.121178995433791;;;;;;;
2021-08-27 04:00:00;4.121178995433791;;;;;;;
2021-08-27 05:00:00;4.121178995433791;;;;;;;
2021-08-27 06:00:00;4.121178995433791;;;;;;;
2021-08-27 07:00:00;4.121178995433791;;;;;;;
2021-08-27 08:00:00;4.121178995433791;;;;;;;
2021-08-27 09:00:00;4.121178995433791;;;;;;;
2021-08-27 10:00:00;4.121178995433791;;;;;;;
2021-08-27 11:00:00;4.121178995433791;;;;;;;
2021-08-27 12:00:00;4.121178995433791;;;;;;;
2021-08-27 13:00:00;4.121178995433791;;;;;;;
2021-08-27 14:00:00;4.121178995433791;;;;;;;
2021-08-27 15:00:00;4.121178995433791;;;;;;;
2021-08-27 16:00:00;4.121178995433791;;;;;;;
2021-08-27 17:00:00;4.121178995433791;;;;;;;
2021-08-27 18:00:00;4.121178995433791;;;;;;;
2021-08-27 19:00:00;4.121178995433791;;;;;;;
2021-08-27 20:00:00;4.121178995433791;;;;;;;
2021-08-27 21:00:00;4.121178995433791;;;;;;;
2021-08-27 22:00:00;4.121178995433791;;;;;;;
2021-08-27 23:00:00;4.121178995433791;;;;;;;
2021-08-28 00:00:00;4.121178995433791;;;;;;;
2021-08-28 01:00:00;4.121178995433791;;;;;;;
2021-08-28 02:00:00;4.121178995433791;;;;;;;
2021-08-28 03:00:00;4.121178995433791;;;;;;;
2021-08-28 04:00:00;4.121178995433791;;;;;;;
2021-08-28 05:00:00;4.121178995433791;;;;;;;
2021-08-28 06:00:00;4.121178995433791;;;;;;;
2021-08-28 07:00:00;4.121178995433791;;;;;;;
2021-08-28 08:00:00;4.121178995433791;;;;;;;
2021-08-28 09:00:00;4.121178995433791;;;;;;;
2021-08-28 10:00:00;4.121178995433791;;;;;;;
2021-08-28 11:00:00;4.121178995433791;;;;;;;
2021-08-28 12:00:00;4.121178995433791;;;;;;;
2021-08-28 13:00:00;4.121178995433791;;;;;;;
2021-08-28 14:00:00;4.121178995433791;;;;;;;
2021-08-28 15:00:00;4.121178995433791;;;;;;;
2021-08-28 16:00:00;4.121178995433791;;;;;;;
2021-08-28 17:00:00;4.121178995433791;;;;;;;
2021-08-28 18:00:00;4.121178995433791;;;;;;;
2021-08-28 19:00:00;4.121178995433791;;;;;;;
2021-08-28 20:00:00;4.121178995433791;;;;;;;
2021-08-28 21:00:00;4.121178995433791;;;;;;;
2021-08-28 22:00:00;4.121178995433791;;;;;;;
2021-08-28 23:00:00;4.121178995433791;;;;;;;
2021-08-29 00:00:00;4.121178995433791;;;;;;;
2021-08-29 01:00:00;4.121178995433791;;;;;;;
2021-08-29 02:00:00;4.121178995433791;;;;;;;
2021-08-29 03:00:00;4.121178995433791;;;;;;;
2021-08-29 04:00:00;4.121178995433791;;;;;;;
2021-08-29 05:00:00;4.121178995433791;;;;;;;
2021-08-29 06:00:00;4.121178995433791;;;;;;;
2021-08-29 07:00:00;4.121178995433791;;;;;;;
2021-08-29 08:00:00;4.121178995433791;;;;;;;
2021-08-29 09:00:00;4.121178995433791;;;;;;;
2021-08-29 10:00:00;4.121178995433791;;;;;;;
2021-08-29 11:00:00;4.121178995433791;;;;;;;
2021-08-29 12:00:00;4.121178995433791;;;;;;;
2021-08-29 13:00:00;4.121178995433791;;;;;;;
2021-08-29 14:00:00;4.121178995433791;;;;;;;
2021-08-29 15:00:00;4.121178995433791;;;;;;;
2021-08-29 16:00:00;4.121178995433791;;;;;;;
2021-08-29 17:00:00;4.121178995433791;;;;;;;
2021-08-29 18:00:00;4.121178995433791;;;;;;;
2021-08-29 19:00:00;4.121178995433791;;;;;;;
2021-08-29 20:00:00;4.121178995433791;;;;;;;
2021-08-29 21:00:00;4.121178995433791;;;;;;;
2021-08-29 22:00:00;4.121178995433791;;;;;;;
2021-08-29 23:00:00;4.121178995433791;;;;;;;
2021-08-30 00:00:00;4.121178995433791;;;;;;;
2021-08-30 01:00:00;4.121178995433791;;;;;;;
2021-08-30 02:00:00;4.121178995433791;;;;;;;
2021-08-30 03:00:00;4.121178995433791;;;;;;;
2021-08-30 04:00:00;4.121178995433791;;;;;;;
2021-08-30 05:00:00;4.121178995433791;;;;;;;
2021-08-30 06:00:00;4.121178995433791;;;;;;;
2021-08-30 07:00:00;4.121178995433791;;;;;;;
2021-08-30 08:00:00;4.121178995433791;;;;;;;
2021-08-30 09:00:00;4.121178995433791;;;;;;;
2021-08-30 10:00:00;4.121178995433791;;;;;;;
2021-08-30 11:00:00;4.121178995433791;;;;;;;
2021-08-30 12:00:00;4.121178995433791;;;;;;;
2021-08-30 13:00:00;4.121178995433791;;;;;;;
2021-08-30 14:00:00;4.121178995433791;;;;;;;
2021-08-30 15:00:00;4.121178995433791;;;;;;;
2021-08-30 16:00:00;4.121178995433791;;;;;;;
2021-08-30 17:00:00;4.121178995433791;;;;;;;
2021-08-30 18:00:00;4.121178995433791;;;;;;;
2021-08-30 19:00:00;4.121178995433791;;;;;;;
2021-08-30 20:00:00;4.121178995433791;;;;;;;
2021-08-30 21:00:00;4.121178995433791;;;;;;;
2021-08-30 22:00:00;4.121178995433791;;;;;;;
2021-08-30 23:00:00;4.121178995433791;;;;;;;
2021-08-31 00:00:00;4.121178995433791;;;;;;;
2021-08-31 01:00:00;4.121178995433791;;;;;;;
2021-08-31 02:00:00;4.121178995433791;;;;;;;
2021-08-31 03:00:00;4.121178995433791;;;;;;;
2021-08-31 04:00:00;4.121178995433791;;;;;;;
2021-08-31 05:00:00;4.121178995433791;;;;;;;
2021-08-31 06:00:00;4.121178995433791;;;;;;;
2021-08-31 07:00:00;4.121178995433791;;;;;;;
2021-08-31 08:00:00;4.121178995433791;;;;;;;
2021-08-31 09:00:00;4.121178995433791;;;;;;;
2021-08-31 10:00:00;4.121178995433791;;;;;;;
2021-08-31 11:00:00;4.121178995433791;;;;;;;
2021-08-31 12:00:00;4.121178995433791;;;;;;;
2021-08-31 13:00:00;4.121178995433791;;;;;;;
2021-08-31 14:00:00;4.121178995433791;;;;;;;
2021-08-31 15:00:00;4.121178995433791;;;;;;;
2021-08-31 16:00:00;4.121178995433791;;;;;;;
2021-08-31 17:00:00;4.121178995433791;;;;;;;
2021-08-31 18:00:00;4.121178995433791;;;;;;;
2021-08-31 19:00:00;4.121178995433791;;;;;;;
2021-08-31 20:00:00;4.121178995433791;;;;;;;
2021-08-31 21:00:00;4.121178995433791;;;;;;;
2021-08-31 22:00:00;4.121178995433791;;;;;;;
2021-08-31 23:00:00;4.121178995433791;;;;;;;
2021-09-01 00:00:00;4.121178995433791;;;;;;;
2021-09-01 01:00:00;4.121178995433791;;;;;;;
2021-09-01 02:00:00;4.121178995433791;;;;;;;
2021-09-01 03:00:00;4.121178995433791;;;;;;;
2021-09-01 04:00:00;4.121178995433791;;;;;;;
2021-09-01 05:00:00;4.121178995433791;;;;;;;
2021-09-01 06:00:00;4.121178995433791;;;;;;;
2021-09-01 07:00:00;4.121178995433791;;;;;;;
2021-09-01 08:00:00;4.121178995433791;;;;;;;
2021-09-01 09:00:00;4.121178995433791;;;;;;;
2021-09-01 10:00:00;4.121178995433791;;;;;;;
2021-09-01 11:00:00;4.121178995433791;;;;;;;
2021-09-01 12:00:00;4.121178995433791;;;;;;;
2021-09-01 13:00:00;4.121178995433791;;;;;;;
2021-09-01 14:00:00;4.121178995433791;;;;;;;
2021-09-01 15:00:00;4.121178995433791;;;;;;;
2021-09-01 16:00:00;4.121178995433791;;;;;;;
2021-09-01 17:00:00;4.121178995433791;;;;;;;
2021-09-01 18:00:00;4.121178995433791;;;;;;;
2021-09-01 19:00:00;4.121178995433791;;;;;;;
2021-09-01 20:00:00;4.121178995433791;;;;;;;
2021-09-01 21:00:00;4.121178995433791;;;;;;;
2021-09-01 22:00:00;4.121178995433791;;;;;;;
2021-09-01 23:00:00;4.121178995433791;;;;;;;
2021-09-02 00:00:00;4.121178995433791;;;;;;;
2021-09-02 01:00:00;4.121178995433791;;;;;;;
2021-09-02 02:00:00;4.121178995433791;;;;;;;
2021-09-02 03:00:00;4.121178995433791;;;;;;;
2021-09-02 04:00:00;4.121178995433791;;;;;;;
2021-09-02 05:00:00;4.121178995433791;;;;;;;
2021-09-02 06:00:00;4.121178995433791;;;;;;;
2021-09-02 07:00:00;4.121178995433791;;;;;;;
2021-09-02 08:00:00;4.121178995433791;;;;;;;
2021-09-02 09:00:00;4.121178995433791;;;;;;;
2021-09-02 10:00:00;4.121178995433791;;;;;;;
2021-09-02 11:00:00;4.121178995433791;;;;;;;
2021-09-02 12:00:00;4.121178995433791;;;;;;;
2021-09-02 13:00:00;4.121178995433791;;;;;;;
2021-09-02 14:00:00;4.121178995433791;;;;;;;
2021-09-02 15:00:00;4.121178995433791;;;;;;;
2021-09-02 16:00:00;4.121178995433791;;;;;;;
2021-09-02 17:00:00;4.121178995433791;;;;;;;
2021-09-02 18:00:00;4.121178995433791;;;;;;;
2021-09-02 19:00:00;4.121178995433791;;;;;;;
2021-09-02 20:00:00;4.121178995433791;;;;;;;
2021-09-02 21:00:00;4.121178995433791;;;;;;;
2021-09-02 22:00:00;4.121178995433791;;;;;;;
2021-09-02 23:00:00;4.121178995433791;;;;;;;
2021-09-03 00:00:00;4.121178995433791;;;;;;;
2021-09-03 01:00:00;4.121178995433791;;;;;;;
2021-09-03 02:00:00;4.121178995433791;;;;;;;
2021-09-03 03:00:00;4.121178995433791;;;;;;;
2021-09-03 04:00:00;4.121178995433791;;;;;;;
2021-09-03 05:00:00;4.121178995433791;;;;;;;
2021-09-03 06:00:00;4.121178995433791;;;;;;;
2021-09-03 07:00:00;4.121178995433791;;;;;;;
2021-09-03 08:00:00;4.121178995433791;;;;;;;
2021-09-03 09:00:00;4.121178995433791;;;;;;;
2021-09-03 10:00:00;4.121178995433791;;;;;;;
2021-09-03 11:00:00;4.121178995433791;;;;;;;
2021-09-03 12:00:00;4.121178995433791;;;;;;;
2021-09-03 13:00:00;4.121178995433791;;;;;;;
2021-09-03 14:00:00;4.121178995433791;;;;;;;
2021-09-03 15:00:00;4.121178995433791;;;;;;;
2021-09-03 16:00:00;4.121178995433791;;;;;;;
2021-09-03 17:00:00;4.121178995433791;;;;;;;
2021-09-03 18:00:00;4.121178995433791;;;;;;;
2021-09-03 19:00:00;4.121178995433791;;;;;;;
2021-09-03 20:00:00;4.121178995433791;;;;;;;
2021-09-03 21:00:00;4.121178995433791;;;;;;;
2021-09-03 22:00:00;4.121178995433791;;;;;;;
2021-09-03 23:00:00;4.121178995433791;;;;;;;
2021-09-04 00:00:00;4.121178995433791;;;;;;;
2021-09-04 01:00:00;4.121178995433791;;;;;;;
2021-09-04 02:00:00;4.121178995433791;;;;;;;
2021-09-04 03:00:00;4.121178995433791;;;;;;;
2021-09-04 04:00:00;4.121178995433791;;;;;;;
2021-09-04 05:00:00;4.121178995433791;;;;;;;
2021-09-04 06:00:00;4.121178995433791;;;;;;;
2021-09-04 07:00:00;4.121178995433791;;;;;;;
2021-09-04 08:00:00;4.121178995433791;;;;;;;
2021-09-04 09:00:00;4.121178995433791;;;;;;;
2021-09-04 10:00:00;4.121178995433791;;;;;;;
2021-09-04 11:00:00;4.121178995433791;;;;;;;
2021-09-04 12:00:00;4.121178995433791;;;;;;;
2021-09-04 13:00:00;4.121178995433791;;;;;;;
2021-09-04 14:00:00;4.121178995433791;;;;;;;
2021-09-04 15:00:00;4.121178995433791;;;;;;;
2021-09-04 16:00:00;4.121178995433791;;;;;;;
2021-09-04 17:00:00;4.121178995433791;;;;;;;
2021-09-04 18:00:00;4.121178995433791;;;;;;;
2021-09-04 19:00:00;4.121178995433791;;;;;;;
2021-09-04 20:00:00;4.121178995433791;;;;;;;
2021-09-04 21:00:00;4.121178995433791;;;;;;;
2021-09-04 22:00:00;4.121178995433791;;;;;;;
2021-09-04 23:00:00;4.121178995433791;;;;;;;
2021-09-05 00:00:00;4.121178995433791;;;;;;;
2021-09-05 01:00:00;4.121178995433791;;;;;;;
2021-09-05 02:00:00;4.121178995433791;;;;;;;
2021-09-05 03:00:00;4.121178995433791;;;;;;;
2021-09-05 04:00:00;4.121178995433791;;;;;;;
2021-09-05 05:00:00;4.121178995433791;;;;;;;
2021-09-05 06:00:00;4.121178995433791;;;;;;;
2021-09-05 07:00:00;4.121178995433791;;;;;;;
2021-09-05 08:00:00;4.121178995433791;;;;;;;
2021-09-05 09:00:00;4.121178995433791;;;;;;;
2021-09-05 10:00:00;4.121178995433791;;;;;;;
2021-09-05 11:00:00;4.121178995433791;;;;;;;
2021-09-05 12:00:00;4.121178995433791;;;;;;;
2021-09-05 13:00:00;4.121178995433791;;;;;;;
2021-09-05 14:00:00;4.121178995433791;;;;;;;
2021-09-05 15:00:00;4.121178995433791;;;;;;;
2021-09-05 16:00:00;4.121178995433791;;;;;;;
2021-09-05 17:00:00;4.121178995433791;;;;;;;
2021-09-05 18:00:00;4.121178995433791;;;;;;;
2021-09-05 19:00:00;4.121178995433791;;;;;;;
2021-09-05 20:00:00;4.121178995433791;;;;;;;
2021-09-05 21:00:00;4.121178995433791;;;;;;;
2021-09-05 22:00:00;4.121178995433791;;;;;;;
2021-09-05 23:00:00;4.121178995433791;;;;;;;
2021-09-06 00:00:00;4.121178995433791;;;;;;;
2021-09-06 01:00:00;4.121178995433791;;;;;;;
2021-09-06 02:00:00;4.121178995433791;;;;;;;
2021-09-06 03:00:00;4.121178995433791;;;;;;;
2021-09-06 04:00:00;4.121178995433791;;;;;;;
2021-09-06 05:00:00;4.121178995433791;;;;;;;
2021-09-06 06:00:00;4.121178995433791;;;;;;;
2021-09-06 07:00:00;4.121178995433791;;;;;;;
2021-09-06 08:00:00;4.121178995433791;;;;;;;
2021-09-06 09:00:00;4.121178995433791;;;;;;;
2021-09-06 10:00:00;4.121178995433791;;;;;;;
2021-09-06 11:00:00;4.121178995433791;;;;;;;
2021-09-06 12:00:00;4.121178995433791;;;;;;;
2021-09-06 13:00:00;4.121178995433791;;;;;;;
2021-09-06 14:00:00;4.121178995433791;;;;;;;
2021-09-06 15:00:00;4.121178995433791;;;;;;;
2021-09-06 16:00:00;4.121178995433791;;;;;;;
2021-09-06 17:00:00;4.121178995433791;;;;;;;
2021-09-06 18:00:00;4.121178995433791;;;;;;;
2021-09-06 19:00:00;4.121178995433791;;;;;;;
2021-09-06 20:00:00;4.121178995433791;;;;;;;
2021-09-06 21:00:00;4.121178995433791;;;;;;;
2021-09-06 22:00:00;4.121178995433791;;;;;;;
2021-09-06 23:00:00;4.121178995433791;;;;;;;
2021-09-07 00:00:00;4.121178995433791;;;;;;;
2021-09-07 01:00:00;4.121178995433791;;;;;;;
2021-09-07 02:00:00;4.121178995433791;;;;;;;
2021-09-07 03:00:00;4.121178995433791;;;;;;;
2021-09-07 04:00:00;4.121178995433791;;;;;;;
2021-09-07 05:00:00;4.121178995433791;;;;;;;
2021-09-07 06:00:00;4.121178995433791;;;;;;;
2021-09-07 07:00:00;4.121178995433791;;;;;;;
2021-09-07 08:00:00;4.121178995433791;;;;;;;
2021-09-07 09:00:00;4.121178995433791;;;;;;;
2021-09-07 10:00:00;4.121178995433791;;;;;;;
2021-09-07 11:00:00;4.121178995433791;;;;;;;
2021-09-07 12:00:00;4.121178995433791;;;;;;;
2021-09-07 13:00:00;4.121178995433791;;;;;;;
2021-09-07 14:00:00;4.121178995433791;;;;;;;
2021-09-07 15:00:00;4.121178995433791;;;;;;;
2021-09-07 16:00:00;4.121178995433791;;;;;;;
2021-09-07 17:00:00;4.121178995433791;;;;;;;
2021-09-07 18:00:00;4.121178995433791;;;;;;;
2021-09-07 19:00:00;4.121178995433791;;;;;;;
2021-09-07 20:00:00;4.121178995433791;;;;;;;
2021-09-07 21:00:00;4.121178995433791;;;;;;;
2021-09-07 22:00:00;4.121178995433791;;;;;;;
2021-09-07 23:00:00;4.121178995433791;;;;;;;
2021-09-08 00:00:00;4.121178995433791;;;;;;;
2021-09-08 01:00:00;4.121178995433791;;;;;;;
2021-09-08 02:00:00;4.121178995433791;;;;;;;
2021-09-08 03:00:00;4.121178995433791;;;;;;;
2021-09-08 04:00:00;4.121178995433791;;;;;;;
2021-09-08 05:00:00;4.121178995433791;;;;;;;
2021-09-08 06:00:00;4.121178995433791;;;;;;;
2021-09-08 07:00:00;4.121178995433791;;;;;;;
2021-09-08 08:00:00;4.121178995433791;;;;;;;
2021-09-08 09:00:00;4.121178995433791;;;;;;;
2021-09-08 10:00:00;4.121178995433791;;;;;;;
2021-09-08 11:00:00;4.121178995433791;;;;;;;
2021-09-08 12:00:00;4.121178995433791;;;;;;;
2021-09-08 13:00:00;4.121178995433791;;;;;;;
2021-09-08 14:00:00;4.121178995433791;;;;;;;
2021-09-08 15:00:00;4.121178995433791;;;;;;;
2021-09-08 16:00:00;4.121178995433791;;;;;;;
2021-09-08 17:00:00;4.121178995433791;;;;;;;
2021-09-08 18:00:00;4.121178995433791;;;;;;;
2021-09-08 19:00:00;4.121178995433791;;;;;;;
2021-09-08 20:00:00;4.121178995433791;;;;;;;
2021-09-08 21:00:00;4.121178995433791;;;;;;;
2021-09-08 22:00:00;4.121178995433791;;;;;;;
2021-09-08 23:00:00;4.121178995433791;;;;;;;
2021-09-09 00:00:00;4.121178995433791;;;;;;;
2021-09-09 01:00:00;4.121178995433791;;;;;;;
2021-09-09 02:00:00;4.121178995433791;;;;;;;
2021-09-09 03:00:00;4.121178995433791;;;;;;;
2021-09-09 04:00:00;4.121178995433791;;;;;;;
2021-09-09 05:00:00;4.121178995433791;;;;;;;
2021-09-09 06:00:00;4.121178995433791;;;;;;;
2021-09-09 07:00:00;4.121178995433791;;;;;;;
2021-09-09 08:00:00;4.121178995433791;;;;;;;
2021-09-09 09:00:00;4.121178995433791;;;;;;;
2021-09-09 10:00:00;4.121178995433791;;;;;;;
2021-09-09 11:00:00;4.121178995433791;;;;;;;
2021-09-09 12:00:00;4.121178995433791;;;;;;;
2021-09-09 13:00:00;4.121178995433791;;;;;;;
2021-09-09 14:00:00;4.121178995433791;;;;;;;
2021-09-09 15:00:00;4.121178995433791;;;;;;;
2021-09-09 16:00:00;4.121178995433791;;;;;;;
2021-09-09 17:00:00;4.121178995433791;;;;;;;
2021-09-09 18:00:00;4.121178995433791;;;;;;;
2021-09-09 19:00:00;4.121178995433791;;;;;;;
2021-09-09 20:00:00;4.121178995433791;;;;;;;
2021-09-09 21:00:00;4.121178995433791;;;;;;;
2021-09-09 22:00:00;4.121178995433791;;;;;;;
2021-09-09 23:00:00;4.121178995433791;;;;;;;
2021-09-10 00:00:00;4.121178995433791;;;;;;;
2021-09-10 01:00:00;4.121178995433791;;;;;;;
2021-09-10 02:00:00;4.121178995433791;;;;;;;
2021-09-10 03:00:00;4.121178995433791;;;;;;;
2021-09-10 04:00:00;4.121178995433791;;;;;;;
2021-09-10 05:00:00;4.121178995433791;;;;;;;
2021-09-10 06:00:00;4.121178995433791;;;;;;;
2021-09-10 07:00:00;4.121178995433791;;;;;;;
2021-09-10 08:00:00;4.121178995433791;;;;;;;
2021-09-10 09:00:00;4.121178995433791;;;;;;;
2021-09-10 10:00:00;4.121178995433791;;;;;;;
2021-09-10 11:00:00;4.121178995433791;;;;;;;
2021-09-10 12:00:00;4.121178995433791;;;;;;;
2021-09-10 13:00:00;4.121178995433791;;;;;;;
2021-09-10 14:00:00;4.121178995433791;;;;;;;
2021-09-10 15:00:00;4.121178995433791;;;;;;;
2021-09-10 16:00:00;4.121178995433791;;;;;;;
2021-09-10 17:00:00;4.121178995433791;;;;;;;
2021-09-10 18:00:00;4.121178995433791;;;;;;;
2021-09-10 19:00:00;4.121178995433791;;;;;;;
2021-09-10 20:00:00;4.121178995433791;;;;;;;
2021-09-10 21:00:00;4.121178995433791;;;;;;;
2021-09-10 22:00:00;4.121178995433791;;;;;;;
2021-09-10 23:00:00;4.121178995433791;;;;;;;
2021-09-11 00:00:00;4.121178995433791;;;;;;;
2021-09-11 01:00:00;4.121178995433791;;;;;;;
2021-09-11 02:00:00;4.121178995433791;;;;;;;
2021-09-11 03:00:00;4.121178995433791;;;;;;;
2021-09-11 04:00:00;4.121178995433791;;;;;;;
2021-09-11 05:00:00;4.121178995433791;;;;;;;
2021-09-11 06:00:00;4.121178995433791;;;;;;;
2021-09-11 07:00:00;4.121178995433791;;;;;;;
2021-09-11 08:00:00;4.121178995433791;;;;;;;
2021-09-11 09:00:00;4.121178995433791;;;;;;;
2021-09-11 10:00:00;4.121178995433791;;;;;;;
2021-09-11 11:00:00;4.121178995433791;;;;;;;
2021-09-11 12:00:00;4.121178995433791;;;;;;;
2021-09-11 13:00:00;4.121178995433791;;;;;;;
2021-09-11 14:00:00;4.121178995433791;;;;;;;
2021-09-11 15:00:00;4.121178995433791;;;;;;;
2021-09-11 16:00:00;4.121178995433791;;;;;;;
2021-09-11 17:00:00;4.121178995433791;;;;;;;
2021-09-11 18:00:00;4.121178995433791;;;;;;;
2021-09-11 19:00:00;4.121178995433791;;;;;;;
2021-09-11 20:00:00;4.121178995433791;;;;;;;
2021-09-11 21:00:00;4.121178995433791;;;;;;;
2021-09-11 22:00:00;4.121178995433791;;;;;;;
2021-09-11 23:00:00;4.121178995433791;;;;;;;
2021-09-12 00:00:00;4.121178995433791;;;;;;;
2021-09-12 01:00:00;4.121178995433791;;;;;;;
2021-09-12 02:00:00;4.121178995433791;;;;;;;
2021-09-12 03:00:00;4.121178995433791;;;;;;;
2021-09-12 04:00:00;4.121178995433791;;;;;;;
2021-09-12 05:00:00;4.121178995433791;;;;;;;
2021-09-12 06:00:00;4.121178995433791;;;;;;;
2021-09-12 07:00:00;4.121178995433791;;;;;;;
2021-09-12 08:00:00;4.121178995433791;;;;;;;
2021-09-12 09:00:00;4.121178995433791;;;;;;;
2021-09-12 10:00:00;4.121178995433791;;;;;;;
2021-09-12 11:00:00;4.121178995433791;;;;;;;
2021-09-12 12:00:00;4.121178995433791;;;;;;;
2021-09-12 13:00:00;4.121178995433791;;;;;;;
2021-09-12 14:00:00;4.121178995433791;;;;;;;
2021-09-12 15:00:00;4.121178995433791;;;;;;;
2021-09-12 16:00:00;4.121178995433791;;;;;;;
2021-09-12 17:00:00;4.121178995433791;;;;;;;
2021-09-12 18:00:00;4.121178995433791;;;;;;;
2021-09-12 19:00:00;4.121178995433791;;;;;;;
2021-09-12 20:00:00;4.121178995433791;;;;;;;
2021-09-12 21:00:00;4.121178995433791;;;;;;;
2021-09-12 22:00:00;4.121178995433791;;;;;;;
2021-09-12 23:00:00;4.121178995433791;;;;;;;
2021-09-13 00:00:00;4.121178995433791;;;;;;;
2021-09-13 01:00:00;4.121178995433791;;;;;;;
2021-09-13 02:00:00;4.121178995433791;;;;;;;
2021-09-13 03:00:00;4.121178995433791;;;;;;;
2021-09-13 04:00:00;4.121178995433791;;;;;;;
2021-09-13 05:00:00;4.121178995433791;;;;;;;
2021-09-13 06:00:00;4.121178995433791;;;;;;;
2021-09-13 07:00:00;4.121178995433791;;;;;;;
2021-09-13 08:00:00;4.121178995433791;;;;;;;
2021-09-13 09:00:00;4.121178995433791;;;;;;;
2021-09-13 10:00:00;4.121178995433791;;;;;;;
2021-09-13 11:00:00;4.121178995433791;;;;;;;
2021-09-13 12:00:00;4.121178995433791;;;;;;;
2021-09-13 13:00:00;4.121178995433791;;;;;;;
2021-09-13 14:00:00;4.121178995433791;;;;;;;
2021-09-13 15:00:00;4.121178995433791;;;;;;;
2021-09-13 16:00:00;4.121178995433791;;;;;;;
2021-09-13 17:00:00;4.121178995433791;;;;;;;
2021-09-13 18:00:00;4.121178995433791;;;;;;;
2021-09-13 19:00:00;4.121178995433791;;;;;;;
2021-09-13 20:00:00;4.121178995433791;;;;;;;
2021-09-13 21:00:00;4.121178995433791;;;;;;;
2021-09-13 22:00:00;4.121178995433791;;;;;;;
2021-09-13 23:00:00;4.121178995433791;;;;;;;
2021-09-14 00:00:00;4.121178995433791;;;;;;;
2021-09-14 01:00:00;4.121178995433791;;;;;;;
2021-09-14 02:00:00;4.121178995433791;;;;;;;
2021-09-14 03:00:00;4.121178995433791;;;;;;;
2021-09-14 04:00:00;4.121178995433791;;;;;;;
2021-09-14 05:00:00;4.121178995433791;;;;;;;
2021-09-14 06:00:00;4.121178995433791;;;;;;;
2021-09-14 07:00:00;4.121178995433791;;;;;;;
2021-09-14 08:00:00;4.121178995433791;;;;;;;
2021-09-14 09:00:00;4.121178995433791;;;;;;;
2021-09-14 10:00:00;4.121178995433791;;;;;;;
2021-09-14 11:00:00;4.121178995433791;;;;;;;
2021-09-14 12:00:00;4.121178995433791;;;;;;;
2021-09-14 13:00:00;4.121178995433791;;;;;;;
2021-09-14 14:00:00;4.121178995433791;;;;;;;
2021-09-14 15:00:00;4.121178995433791;;;;;;;
2021-09-14 16:00:00;4.121178995433791;;;;;;;
2021-09-14 17:00:00;4.121178995433791;;;;;;;
2021-09-14 18:00:00;4.121178995433791;;;;;;;
2021-09-14 19:00:00;4.121178995433791;;;;;;;
2021-09-14 20:00:00;4.121178995433791;;;;;;;
2021-09-14 21:00:00;4.121178995433791;;;;;;;
2021-09-14 22:00:00;4.121178995433791;;;;;;;
2021-09-14 23:00:00;4.121178995433791;;;;;;;
2021-09-15 00:00:00;4.121178995433791;;;;;;;
2021-09-15 01:00:00;4.121178995433791;;;;;;;
2021-09-15 02:00:00;4.121178995433791;;;;;;;
2021-09-15 03:00:00;4.121178995433791;;;;;;;
2021-09-15 04:00:00;4.121178995433791;;;;;;;
2021-09-15 05:00:00;4.121178995433791;;;;;;;
2021-09-15 06:00:00;4.121178995433791;;;;;;;
2021-09-15 07:00:00;4.121178995433791;;;;;;;
2021-09-15 08:00:00;4.121178995433791;;;;;;;
2021-09-15 09:00:00;4.121178995433791;;;;;;;
2021-09-15 10:00:00;4.121178995433791;;;;;;;
2021-09-15 11:00:00;4.121178995433791;;;;;;;
2021-09-15 12:00:00;4.121178995433791;;;;;;;
2021-09-15 13:00:00;4.121178995433791;;;;;;;
2021-09-15 14:00:00;4.121178995433791;;;;;;;
2021-09-15 15:00:00;4.121178995433791;;;;;;;
2021-09-15 16:00:00;4.121178995433791;;;;;;;
2021-09-15 17:00:00;4.121178995433791;;;;;;;
2021-09-15 18:00:00;4.121178995433791;;;;;;;
2021-09-15 19:00:00;4.121178995433791;;;;;;;
2021-09-15 20:00:00;4.121178995433791;;;;;;;
2021-09-15 21:00:00;4.121178995433791;;;;;;;
2021-09-15 22:00:00;4.121178995433791;;;;;;;
2021-09-15 23:00:00;4.121178995433791;;;;;;;
2021-09-16 00:00:00;4.121178995433791;;;;;;;
2021-09-16 01:00:00;4.121178995433791;;;;;;;
2021-09-16 02:00:00;4.121178995433791;;;;;;;
2021-09-16 03:00:00;4.121178995433791;;;;;;;
2021-09-16 04:00:00;4.121178995433791;;;;;;;
2021-09-16 05:00:00;4.121178995433791;;;;;;;
2021-09-16 06:00:00;4.121178995433791;;;;;;;
2021-09-16 07:00:00;4.121178995433791;;;;;;;
2021-09-16 08:00:00;4.121178995433791;;;;;;;
2021-09-16 09:00:00;4.121178995433791;;;;;;;
2021-09-16 10:00:00;4.121178995433791;;;;;;;
2021-09-16 11:00:00;4.121178995433791;;;;;;;
2021-09-16 12:00:00;4.121178995433791;;;;;;;
2021-09-16 13:00:00;4.121178995433791;;;;;;;
2021-09-16 14:00:00;4.121178995433791;;;;;;;
2021-09-16 15:00:00;4.121178995433791;;;;;;;
2021-09-16 16:00:00;4.121178995433791;;;;;;;
2021-09-16 17:00:00;4.121178995433791;;;;;;;
2021-09-16 18:00:00;4.121178995433791;;;;;;;
2021-09-16 19:00:00;4.121178995433791;;;;;;;
2021-09-16 20:00:00;4.121178995433791;;;;;;;
2021-09-16 21:00:00;4.121178995433791;;;;;;;
2021-09-16 22:00:00;4.121178995433791;;;;;;;
2021-09-16 23:00:00;4.121178995433791;;;;;;;
2021-09-17 00:00:00;4.121178995433791;;;;;;;
2021-09-17 01:00:00;4.121178995433791;;;;;;;
2021-09-17 02:00:00;4.121178995433791;;;;;;;
2021-09-17 03:00:00;4.121178995433791;;;;;;;
2021-09-17 04:00:00;4.121178995433791;;;;;;;
2021-09-17 05:00:00;4.121178995433791;;;;;;;
2021-09-17 06:00:00;4.121178995433791;;;;;;;
2021-09-17 07:00:00;4.121178995433791;;;;;;;
2021-09-17 08:00:00;4.121178995433791;;;;;;;
2021-09-17 09:00:00;4.121178995433791;;;;;;;
2021-09-17 10:00:00;4.121178995433791;;;;;;;
2021-09-17 11:00:00;4.121178995433791;;;;;;;
2021-09-17 12:00:00;4.121178995433791;;;;;;;
2021-09-17 13:00:00;4.121178995433791;;;;;;;
2021-09-17 14:00:00;4.121178995433791;;;;;;;
2021-09-17 15:00:00;4.121178995433791;;;;;;;
2021-09-17 16:00:00;4.121178995433791;;;;;;;
2021-09-17 17:00:00;4.121178995433791;;;;;;;
2021-09-17 18:00:00;4.121178995433791;;;;;;;
2021-09-17 19:00:00;4.121178995433791;;;;;;;
2021-09-17 20:00:00;4.121178995433791;;;;;;;
2021-09-17 21:00:00;4.121178995433791;;;;;;;
2021-09-17 22:00:00;4.121178995433791;;;;;;;
2021-09-17 23:00:00;4.121178995433791;;;;;;;
2021-09-18 00:00:00;4.121178995433791;;;;;;;
2021-09-18 01:00:00;4.121178995433791;;;;;;;
2021-09-18 02:00:00;4.121178995433791;;;;;;;
2021-09-18 03:00:00;4.121178995433791;;;;;;;
2021-09-18 04:00:00;4.121178995433791;;;;;;;
2021-09-18 05:00:00;4.121178995433791;;;;;;;
2021-09-18 06:00:00;4.121178995433791;;;;;;;
2021-09-18 07:00:00;4.121178995433791;;;;;;;
2021-09-18 08:00:00;4.121178995433791;;;;;;;
2021-09-18 09:00:00;4.121178995433791;;;;;;;
2021-09-18 10:00:00;4.121178995433791;;;;;;;
2021-09-18 11:00:00;4.121178995433791;;;;;;;
2021-09-18 12:00:00;4.121178995433791;;;;;;;
2021-09-18 13:00:00;4.121178995433791;;;;;;;
2021-09-18 14:00:00;4.121178995433791;;;;;;;
2021-09-18 15:00:00;4.121178995433791;;;;;;;
2021-09-18 16:00:00;4.121178995433791;;;;;;;
2021-09-18 17:00:00;4.121178995433791;;;;;;;
2021-09-18 18:00:00;4.121178995433791;;;;;;;
2021-09-18 19:00:00;4.121178995433791;;;;;;;
2021-09-18 20:00:00;4.121178995433791;;;;;;;
2021-09-18 21:00:00;4.121178995433791;;;;;;;
2021-09-18 22:00:00;4.121178995433791;;;;;;;
2021-09-18 23:00:00;4.121178995433791;;;;;;;
2021-09-19 00:00:00;4.121178995433791;;;;;;;
2021-09-19 01:00:00;4.121178995433791;;;;;;;
2021-09-19 02:00:00;4.121178995433791;;;;;;;
2021-09-19 03:00:00;4.121178995433791;;;;;;;
2021-09-19 04:00:00;4.121178995433791;;;;;;;
2021-09-19 05:00:00;4.121178995433791;;;;;;;
2021-09-19 06:00:00;4.121178995433791;;;;;;;
2021-09-19 07:00:00;4.121178995433791;;;;;;;
2021-09-19 08:00:00;4.121178995433791;;;;;;;
2021-09-19 09:00:00;4.121178995433791;;;;;;;
2021-09-19 10:00:00;4.121178995433791;;;;;;;
2021-09-19 11:00:00;4.121178995433791;;;;;;;
2021-09-19 12:00:00;4.121178995433791;;;;;;;
2021-09-19 13:00:00;4.121178995433791;;;;;;;
2021-09-19 14:00:00;4.121178995433791;;;;;;;
2021-09-19 15:00:00;4.121178995433791;;;;;;;
2021-09-19 16:00:00;4.121178995433791;;;;;;;
2021-09-19 17:00:00;4.121178995433791;;;;;;;
2021-09-19 18:00:00;4.121178995433791;;;;;;;
2021-09-19 19:00:00;4.121178995433791;;;;;;;
2021-09-19 20:00:00;4.121178995433791;;;;;;;
2021-09-19 21:00:00;4.121178995433791;;;;;;;
2021-09-19 22:00:00;4.121178995433791;;;;;;;
2021-09-19 23:00:00;4.121178995433791;;;;;;;
2021-09-20 00:00:00;4.121178995433791;;;;;;;
2021-09-20 01:00:00;4.121178995433791;;;;;;;
2021-09-20 02:00:00;4.121178995433791;;;;;;;
2021-09-20 03:00:00;4.121178995433791;;;;;;;
2021-09-20 04:00:00;4.121178995433791;;;;;;;
2021-09-20 05:00:00;4.121178995433791;;;;;;;
2021-09-20 06:00:00;4.121178995433791;;;;;;;
2021-09-20 07:00:00;4.121178995433791;;;;;;;
2021-09-20 08:00:00;4.121178995433791;;;;;;;
2021-09-20 09:00:00;4.121178995433791;;;;;;;
2021-09-20 10:00:00;4.121178995433791;;;;;;;
2021-09-20 11:00:00;4.121178995433791;;;;;;;
2021-09-20 12:00:00;4.121178995433791;;;;;;;
2021-09-20 13:00:00;4.121178995433791;;;;;;;
2021-09-20 14:00:00;4.121178995433791;;;;;;;
2021-09-20 15:00:00;4.121178995433791;;;;;;;
2021-09-20 16:00:00;4.121178995433791;;;;;;;
2021-09-20 17:00:00;4.121178995433791;;;;;;;
2021-09-20 18:00:00;4.121178995433791;;;;;;;
2021-09-20 19:00:00;4.121178995433791;;;;;;;
2021-09-20 20:00:00;4.121178995433791;;;;;;;
2021-09-20 21:00:00;4.121178995433791;;;;;;;
2021-09-20 22:00:00;4.121178995433791;;;;;;;
2021-09-20 23:00:00;4.121178995433791;;;;;;;
2021-09-21 00:00:00;4.121178995433791;;;;;;;
2021-09-21 01:00:00;4.121178995433791;;;;;;;
2021-09-21 02:00:00;4.121178995433791;;;;;;;
2021-09-21 03:00:00;4.121178995433791;;;;;;;
2021-09-21 04:00:00;4.121178995433791;;;;;;;
2021-09-21 05:00:00;4.121178995433791;;;;;;;
2021-09-21 06:00:00;4.121178995433791;;;;;;;
2021-09-21 07:00:00;4.121178995433791;;;;;;;
2021-09-21 08:00:00;4.121178995433791;;;;;;;
2021-09-21 09:00:00;4.121178995433791;;;;;;;
2021-09-21 10:00:00;4.121178995433791;;;;;;;
2021-09-21 11:00:00;4.121178995433791;;;;;;;
2021-09-21 12:00:00;4.121178995433791;;;;;;;
2021-09-21 13:00:00;4.121178995433791;;;;;;;
2021-09-21 14:00:00;4.121178995433791;;;;;;;
2021-09-21 15:00:00;4.121178995433791;;;;;;;
2021-09-21 16:00:00;4.121178995433791;;;;;;;
2021-09-21 17:00:00;4.121178995433791;;;;;;;
2021-09-21 18:00:00;4.121178995433791;;;;;;;
2021-09-21 19:00:00;4.121178995433791;;;;;;;
2021-09-21 20:00:00;4.121178995433791;;;;;;;
2021-09-21 21:00:00;4.121178995433791;;;;;;;
2021-09-21 22:00:00;4.121178995433791;;;;;;;
2021-09-21 23:00:00;4.121178995433791;;;;;;;
2021-09-22 00:00:00;4.121178995433791;;;;;;;
2021-09-22 01:00:00;4.121178995433791;;;;;;;
2021-09-22 02:00:00;4.121178995433791;;;;;;;
2021-09-22 03:00:00;4.121178995433791;;;;;;;
2021-09-22 04:00:00;4.121178995433791;;;;;;;
2021-09-22 05:00:00;4.121178995433791;;;;;;;
2021-09-22 06:00:00;4.121178995433791;;;;;;;
2021-09-22 07:00:00;4.121178995433791;;;;;;;
2021-09-22 08:00:00;4.121178995433791;;;;;;;
2021-09-22 09:00:00;4.121178995433791;;;;;;;
2021-09-22 10:00:00;4.121178995433791;;;;;;;
2021-09-22 11:00:00;4.121178995433791;;;;;;;
2021-09-22 12:00:00;4.121178995433791;;;;;;;
2021-09-22 13:00:00;4.121178995433791;;;;;;;
2021-09-22 14:00:00;4.121178995433791;;;;;;;
2021-09-22 15:00:00;4.121178995433791;;;;;;;
2021-09-22 16:00:00;4.121178995433791;;;;;;;
2021-09-22 17:00:00;4.121178995433791;;;;;;;
2021-09-22 18:00:00;4.121178995433791;;;;;;;
2021-09-22 19:00:00;4.121178995433791;;;;;;;
2021-09-22 20:00:00;4.121178995433791;;;;;;;
2021-09-22 21:00:00;4.121178995433791;;;;;;;
2021-09-22 22:00:00;4.121178995433791;;;;;;;
2021-09-22 23:00:00;4.121178995433791;;;;;;;
2021-09-23 00:00:00;4.121178995433791;;;;;;;
2021-09-23 01:00:00;4.121178995433791;;;;;;;
2021-09-23 02:00:00;4.121178995433791;;;;;;;
2021-09-23 03:00:00;4.121178995433791;;;;;;;
2021-09-23 04:00:00;4.121178995433791;;;;;;;
2021-09-23 05:00:00;4.121178995433791;;;;;;;
2021-09-23 06:00:00;4.121178995433791;;;;;;;
2021-09-23 07:00:00;4.121178995433791;;;;;;;
2021-09-23 08:00:00;4.121178995433791;;;;;;;
2021-09-23 09:00:00;4.121178995433791;;;;;;;
2021-09-23 10:00:00;4.121178995433791;;;;;;;
2021-09-23 11:00:00;4.121178995433791;;;;;;;
2021-09-23 12:00:00;4.121178995433791;;;;;;;
2021-09-23 13:00:00;4.121178995433791;;;;;;;
2021-09-23 14:00:00;4.121178995433791;;;;;;;
2021-09-23 15:00:00;4.121178995433791;;;;;;;
2021-09-23 16:00:00;4.121178995433791;;;;;;;
2021-09-23 17:00:00;4.121178995433791;;;;;;;
2021-09-23 18:00:00;4.121178995433791;;;;;;;
2021-09-23 19:00:00;4.121178995433791;;;;;;;
2021-09-23 20:00:00;4.121178995433791;;;;;;;
2021-09-23 21:00:00;4.121178995433791;;;;;;;
2021-09-23 22:00:00;4.121178995433791;;;;;;;
2021-09-23 23:00:00;4.121178995433791;;;;;;;
2021-09-24 00:00:00;4.121178995433791;;;;;;;
2021-09-24 01:00:00;4.121178995433791;;;;;;;
2021-09-24 02:00:00;4.121178995433791;;;;;;;
2021-09-24 03:00:00;4.121178995433791;;;;;;;
2021-09-24 04:00:00;4.121178995433791;;;;;;;
2021-09-24 05:00:00;4.121178995433791;;;;;;;
2021-09-24 06:00:00;4.121178995433791;;;;;;;
2021-09-24 07:00:00;4.121178995433791;;;;;;;
2021-09-24 08:00:00;4.121178995433791;;;;;;;
2021-09-24 09:00:00;4.121178995433791;;;;;;;
2021-09-24 10:00:00;4.121178995433791;;;;;;;
2021-09-24 11:00:00;4.121178995433791;;;;;;;
2021-09-24 12:00:00;4.121178995433791;;;;;;;
2021-09-24 13:00:00;4.121178995433791;;;;;;;
2021-09-24 14:00:00;4.121178995433791;;;;;;;
2021-09-24 15:00:00;4.121178995433791;;;;;;;
2021-09-24 16:00:00;4.121178995433791;;;;;;;
2021-09-24 17:00:00;4.121178995433791;;;;;;;
2021-09-24 18:00:00;4.121178995433791;;;;;;;
2021-09-24 19:00:00;4.121178995433791;;;;;;;
2021-09-24 20:00:00;4.121178995433791;;;;;;;
2021-09-24 21:00:00;4.121178995433791;;;;;;;
2021-09-24 22:00:00;4.121178995433791;;;;;;;
2021-09-24 23:00:00;4.121178995433791;;;;;;;
2021-09-25 00:00:00;4.121178995433791;;;;;;;
2021-09-25 01:00:00;4.121178995433791;;;;;;;
2021-09-25 02:00:00;4.121178995433791;;;;;;;
2021-09-25 03:00:00;4.121178995433791;;;;;;;
2021-09-25 04:00:00;4.121178995433791;;;;;;;
2021-09-25 05:00:00;4.121178995433791;;;;;;;
2021-09-25 06:00:00;4.121178995433791;;;;;;;
2021-09-25 07:00:00;4.121178995433791;;;;;;;
2021-09-25 08:00:00;4.121178995433791;;;;;;;
2021-09-25 09:00:00;4.121178995433791;;;;;;;
2021-09-25 10:00:00;4.121178995433791;;;;;;;
2021-09-25 11:00:00;4.121178995433791;;;;;;;
2021-09-25 12:00:00;4.121178995433791;;;;;;;
2021-09-25 13:00:00;4.121178995433791;;;;;;;
2021-09-25 14:00:00;4.121178995433791;;;;;;;
2021-09-25 15:00:00;4.121178995433791;;;;;;;
2021-09-25 16:00:00;4.121178995433791;;;;;;;
2021-09-25 17:00:00;4.121178995433791;;;;;;;
2021-09-25 18:00:00;4.121178995433791;;;;;;;
2021-09-25 19:00:00;4.121178995433791;;;;;;;
2021-09-25 20:00:00;4.121178995433791;;;;;;;
2021-09-25 21:00:00;4.121178995433791;;;;;;;
2021-09-25 22:00:00;4.121178995433791;;;;;;;
2021-09-25 23:00:00;4.121178995433791;;;;;;;
2021-09-26 00:00:00;4.121178995433791;;;;;;;
2021-09-26 01:00:00;4.121178995433791;;;;;;;
2021-09-26 02:00:00;4.121178995433791;;;;;;;
2021-09-26 03:00:00;4.121178995433791;;;;;;;
2021-09-26 04:00:00;4.121178995433791;;;;;;;
2021-09-26 05:00:00;4.121178995433791;;;;;;;
2021-09-26 06:00:00;4.121178995433791;;;;;;;
2021-09-26 07:00:00;4.121178995433791;;;;;;;
2021-09-26 08:00:00;4.121178995433791;;;;;;;
2021-09-26 09:00:00;4.121178995433791;;;;;;;
2021-09-26 10:00:00;4.121178995433791;;;;;;;
2021-09-26 11:00:00;4.121178995433791;;;;;;;
2021-09-26 12:00:00;4.121178995433791;;;;;;;
2021-09-26 13:00:00;4.121178995433791;;;;;;;
2021-09-26 14:00:00;4.121178995433791;;;;;;;
2021-09-26 15:00:00;4.121178995433791;;;;;;;
2021-09-26 16:00:00;4.121178995433791;;;;;;;
2021-09-26 17:00:00;4.121178995433791;;;;;;;
2021-09-26 18:00:00;4.121178995433791;;;;;;;
2021-09-26 19:00:00;4.121178995433791;;;;;;;
2021-09-26 20:00:00;4.121178995433791;;;;;;;
2021-09-26 21:00:00;4.121178995433791;;;;;;;
2021-09-26 22:00:00;4.121178995433791;;;;;;;
2021-09-26 23:00:00;4.121178995433791;;;;;;;
2021-09-27 00:00:00;4.121178995433791;;;;;;;
2021-09-27 01:00:00;4.121178995433791;;;;;;;
2021-09-27 02:00:00;4.121178995433791;;;;;;;
2021-09-27 03:00:00;4.121178995433791;;;;;;;
2021-09-27 04:00:00;4.121178995433791;;;;;;;
2021-09-27 05:00:00;4.121178995433791;;;;;;;
2021-09-27 06:00:00;4.121178995433791;;;;;;;
2021-09-27 07:00:00;4.121178995433791;;;;;;;
2021-09-27 08:00:00;4.121178995433791;;;;;;;
2021-09-27 09:00:00;4.121178995433791;;;;;;;
2021-09-27 10:00:00;4.121178995433791;;;;;;;
2021-09-27 11:00:00;4.121178995433791;;;;;;;
2021-09-27 12:00:00;4.121178995433791;;;;;;;
2021-09-27 13:00:00;4.121178995433791;;;;;;;
2021-09-27 14:00:00;4.121178995433791;;;;;;;
2021-09-27 15:00:00;4.121178995433791;;;;;;;
2021-09-27 16:00:00;4.121178995433791;;;;;;;
2021-09-27 17:00:00;4.121178995433791;;;;;;;
2021-09-27 18:00:00;4.121178995433791;;;;;;;
2021-09-27 19:00:00;4.121178995433791;;;;;;;
2021-09-27 20:00:00;4.121178995433791;;;;;;;
2021-09-27 21:00:00;4.121178995433791;;;;;;;
2021-09-27 22:00:00;4.121178995433791;;;;;;;
2021-09-27 23:00:00;4.121178995433791;;;;;;;
2021-09-28 00:00:00;4.121178995433791;;;;;;;
2021-09-28 01:00:00;4.121178995433791;;;;;;;
2021-09-28 02:00:00;4.121178995433791;;;;;;;
2021-09-28 03:00:00;4.121178995433791;;;;;;;
2021-09-28 04:00:00;4.121178995433791;;;;;;;
2021-09-28 05:00:00;4.121178995433791;;;;;;;
2021-09-28 06:00:00;4.121178995433791;;;;;;;
2021-09-28 07:00:00;4.121178995433791;;;;;;;
2021-09-28 08:00:00;4.121178995433791;;;;;;;
2021-09-28 09:00:00;4.121178995433791;;;;;;;
2021-09-28 10:00:00;4.121178995433791;;;;;;;
2021-09-28 11:00:00;4.121178995433791;;;;;;;
2021-09-28 12:00:00;4.121178995433791;;;;;;;
2021-09-28 13:00:00;4.121178995433791;;;;;;;
2021-09-28 14:00:00;4.121178995433791;;;;;;;
2021-09-28 15:00:00;4.121178995433791;;;;;;;
2021-09-28 16:00:00;4.121178995433791;;;;;;;
2021-09-28 17:00:00;4.121178995433791;;;;;;;
2021-09-28 18:00:00;4.121178995433791;;;;;;;
2021-09-28 19:00:00;4.121178995433791;;;;;;;
2021-09-28 20:00:00;4.121178995433791;;;;;;;
2021-09-28 21:00:00;4.121178995433791;;;;;;;
2021-09-28 22:00:00;4.121178995433791;;;;;;;
2021-09-28 23:00:00;4.121178995433791;;;;;;;
2021-09-29 00:00:00;4.121178995433791;;;;;;;
2021-09-29 01:00:00;4.121178995433791;;;;;;;
2021-09-29 02:00:00;4.121178995433791;;;;;;;
2021-09-29 03:00:00;4.121178995433791;;;;;;;
2021-09-29 04:00:00;4.121178995433791;;;;;;;
2021-09-29 05:00:00;4.121178995433791;;;;;;;
2021-09-29 06:00:00;4.121178995433791;;;;;;;
2021-09-29 07:00:00;4.121178995433791;;;;;;;
2021-09-29 08:00:00;4.121178995433791;;;;;;;
2021-09-29 09:00:00;4.121178995433791;;;;;;;
2021-09-29 10:00:00;4.121178995433791;;;;;;;
2021-09-29 11:00:00;4.121178995433791;;;;;;;
2021-09-29 12:00:00;4.121178995433791;;;;;;;
2021-09-29 13:00:00;4.121178995433791;;;;;;;
2021-09-29 14:00:00;4.121178995433791;;;;;;;
2021-09-29 15:00:00;4.121178995433791;;;;;;;
2021-09-29 16:00:00;4.121178995433791;;;;;;;
2021-09-29 17:00:00;4.121178995433791;;;;;;;
2021-09-29 18:00:00;4.121178995433791;;;;;;;
2021-09-29 19:00:00;4.121178995433791;;;;;;;
2021-09-29 20:00:00;4.121178995433791;;;;;;;
2021-09-29 21:00:00;4.121178995433791;;;;;;;
2021-09-29 22:00:00;4.121178995433791;;;;;;;
2021-09-29 23:00:00;4.121178995433791;;;;;;;
2021-09-30 00:00:00;4.121178995433791;;;;;;;
2021-09-30 01:00:00;4.121178995433791;;;;;;;
2021-09-30 02:00:00;4.121178995433791;;;;;;;
2021-09-30 03:00:00;4.121178995433791;;;;;;;
2021-09-30 04:00:00;4.121178995433791;;;;;;;
2021-09-30 05:00:00;4.121178995433791;;;;;;;
2021-09-30 06:00:00;4.121178995433791;;;;;;;
2021-09-30 07:00:00;4.121178995433791;;;;;;;
2021-09-30 08:00:00;4.121178995433791;;;;;;;
2021-09-30 09:00:00;4.121178995433791;;;;;;;
2021-09-30 10:00:00;4.121178995433791;;;;;;;
2021-09-30 11:00:00;4.121178995433791;;;;;;;
2021-09-30 12:00:00;4.121178995433791;;;;;;;
2021-09-30 13:00:00;4.121178995433791;;;;;;;
2021-09-30 14:00:00;4.121178995433791;;;;;;;
2021-09-30 15:00:00;4.121178995433791;;;;;;;
2021-09-30 16:00:00;4.121178995433791;;;;;;;
2021-09-30 17:00:00;4.121178995433791;;;;;;;
2021-09-30 18:00:00;4.121178995433791;;;;;;;
2021-09-30 19:00:00;4.121178995433791;;;;;;;
2021-09-30 20:00:00;4.121178995433791;;;;;;;
2021-09-30 21:00:00;4.121178995433791;;;;;;;
2021-09-30 22:00:00;4.121178995433791;;;;;;;
2021-09-30 23:00:00;4.121178995433791;;;;;;;
2021-10-01 00:00:00;4.121178995433791;;;;;;;
2021-10-01 01:00:00;4.121178995433791;;;;;;;
2021-10-01 02:00:00;4.121178995433791;;;;;;;
2021-10-01 03:00:00;4.121178995433791;;;;;;;
2021-10-01 04:00:00;4.121178995433791;;;;;;;
2021-10-01 05:00:00;4.121178995433791;;;;;;;
2021-10-01 06:00:00;4.121178995433791;;;;;;;
2021-10-01 07:00:00;4.121178995433791;;;;;;;
2021-10-01 08:00:00;4.121178995433791;;;;;;;
2021-10-01 09:00:00;4.121178995433791;;;;;;;
2021-10-01 10:00:00;4.121178995433791;;;;;;;
2021-10-01 11:00:00;4.121178995433791;;;;;;;
2021-10-01 12:00:00;4.121178995433791;;;;;;;
2021-10-01 13:00:00;4.121178995433791;;;;;;;
2021-10-01 14:00:00;4.121178995433791;;;;;;;
2021-10-01 15:00:00;4.121178995433791;;;;;;;
2021-10-01 16:00:00;4.121178995433791;;;;;;;
2021-10-01 17:00:00;4.121178995433791;;;;;;;
2021-10-01 18:00:00;4.121178995433791;;;;;;;
2021-10-01 19:00:00;4.130046847862598;;;;;;;
2021-10-01 20:00:00;4.138914695729252;;;;;;;
2021-10-01 21:00:00;4.1477825344716015;;;;;;;
2021-10-01 22:00:00;4.156650359527486;;;;;;;
2021-10-01 23:00:00;4.165518166334788;;;;;;;
2021-10-02 00:00:00;4.1743859503313665;;;;;;;
2021-10-02 01:00:00;4.183253706955101;;;;;;;
2021-10-02 02:00:00;4.192121431643888;;;;;;;
2021-10-02 03:00:00;4.200989119835636;;;;;;;
2021-10-02 04:00:00;4.209856766968269;;;;;;;
2021-10-02 05:00:00;4.218724368479768;;;;;;;
2021-10-02 06:00:00;4.227591919808066;;;;;;;
2021-10-02 07:00:00;4.236459416391205;;;;;;;
2021-10-02 08:00:00;4.245326853667171;;;;;;;
2021-10-02 09:00:00;4.254194227074048;;;;;;;
2021-10-02 10:00:00;4.263061532049946;;;;;;;
2021-10-02 11:00:00;4.271928764032951;;;;;;;
2021-10-02 12:00:00;4.280795918461271;;;;;;;
2021-10-02 13:00:00;4.289662990773067;;;;;;;
2021-10-02 14:00:00;4.29852997640662;;;;;;;
2021-10-02 15:00:00;4.307396870800209;;;;;;;
2021-10-02 16:00:00;4.316263669392173;;;;;;;
2021-10-02 17:00:00;4.325130367620902;;;;;;;
2021-10-02 18:00:00;4.333996960924822;;;;;;;
2021-10-02 19:00:00;4.342863444742462;;;;;;;
2021-10-02 20:00:00;4.351729814512325;;;;;;;
2021-10-02 21:00:00;4.360596065673055;;;;;;;
2021-10-02 22:00:00;4.369462193663309;;;;;;;
2021-10-02 23:00:00;4.3783281939218215;;;;;;;
2021-10-03 00:00:00;4.387194061887389;;;;;;;
2021-10-03 01:00:00;4.39605979299888;;;;;;;
2021-10-03 02:00:00;4.404925382695219;;;;;;;
2021-10-03 03:00:00;4.41379082641545;;;;;;;
2021-10-03 04:00:00;4.4226561195986145;;;;;;;
2021-10-03 05:00:00;4.431521257683906;;;;;;;
2021-10-03 06:00:00;4.440386236110558;;;;;;;
2021-10-03 07:00:00;4.449251050317883;;;;;;;
2021-10-03 08:00:00;4.458115695745321;;;;;;;
2021-10-03 09:00:00;4.466980167832325;;;;;;;
2021-10-03 10:00:00;4.475844462018526;;;;;;;
2021-10-03 11:00:00;4.484708573743553;;;;;;;
2021-10-03 12:00:00;4.493572498447211;;;;;;;
2021-10-03 13:00:00;4.502436231569354;;;;;;;
2021-10-03 14:00:00;4.511299768549937;;;;;;;
2021-10-03 15:00:00;4.5201631048290585;;;;;;;
2021-10-03 16:00:00;4.529026235846846;;;;;;;
2021-10-03 17:00:00;4.537889157043614;;;;;;;
2021-10-03 18:00:00;4.546751863859705;;;;;;;
2021-10-03 19:00:00;4.555614351735642;;;;;;;
2021-10-03 20:00:00;4.564476616112022;;;;;;;
2021-10-03 21:00:00;4.573338652429563;;;;;;;
2021-10-03 22:00:00;4.582200456129106;;;;;;;
2021-10-03 23:00:00;4.591062022651608;;;;;;;
2021-10-04 00:00:00;4.599923347438135;;;;;;;
2021-10-04 01:00:00;4.608784425929915;;;;;;;
2021-10-04 02:00:00;4.617645253568267;;;;;;;
2021-10-04 03:00:00;4.626505825794653;;;;;;;
2021-10-04 04:00:00;4.635366138050661;;;;;;;
2021-10-04 05:00:00;4.644226185778005;;;;;;;
2021-10-04 06:00:00;4.653085964418581;;;;;;;
2021-10-04 07:00:00;4.661945469414345;;;;;;;
2021-10-04 08:00:00;4.670804696207479;;;;;;;
2021-10-04 09:00:00;4.679663640240222;;;;;;;
2021-10-04 10:00:00;4.688522296955027;;;;;;;
2021-10-04 11:00:00;4.697380661794491;;;;;;;
2021-10-04 12:00:00;4.706238730201297;;;;;;;
2021-10-04 13:00:00;4.715096497618369;;;;;;;
2021-10-04 14:00:00;4.7239539594886955;;;;;;;
2021-10-04 15:00:00;4.732811111255514;;;;;;;
2021-10-04 16:00:00;4.74166794836213;;;;;;;
2021-10-04 17:00:00;4.750524466252089;;;;;;;
2021-10-04 18:00:00;4.7593806603690565;;;;;;;
2021-10-04 19:00:00;4.768236526156866;;;;;;;
2021-10-04 20:00:00;4.777092059059565;;;;;;;
2021-10-04 21:00:00;4.7859472545212896;;;;;;;
2021-10-04 22:00:00;4.794802107986431;;;;;;;
2021-10-04 23:00:00;4.803656614899512;;;;;;;
2021-10-05 00:00:00;4.812510770705244;;;;;;;
2021-10-05 01:00:00;4.821364570848519;;;;;;;
2021-10-05 02:00:00;4.830218010774412;;;;;;;
2021-10-05 03:00:00;4.839071085928173;;;;;;;
2021-10-05 04:00:00;4.847923791755282;;;;;;;
2021-10-05 05:00:00;4.856776123701334;;;;;;;
2021-10-05 06:00:00;4.865628077212193;;;;;;;
2021-10-05 07:00:00;4.874479647733871;;;;;;;
2021-10-05 08:00:00;4.883330830712592;;;;;;;
2021-10-05 09:00:00;4.892181621594777;;;;;;;
2021-10-05 10:00:00;4.901032015827038;;;;;;;
2021-10-05 11:00:00;4.909882008856235;;;;;;;
2021-10-05 12:00:00;4.918731596129359;;;;;;;
2021-10-05 13:00:00;4.9275807730936965;;;;;;;
2021-10-05 14:00:00;4.936429535196656;;;;;;;
2021-10-05 15:00:00;4.9452778778859265;;;;;;;
2021-10-05 16:00:00;4.9541257966094125;;;;;;;
2021-10-05 17:00:00;4.9629732868151715;;;;;;;
2021-10-05 18:00:00;4.97182034395157;;;;;;;
2021-10-05 19:00:00;4.9806669634671055;;;;;;;
2021-10-05 20:00:00;4.9895131408105815;;;;;;;
2021-10-05 21:00:00;4.998358871430984;;;;;;;
2021-10-05 22:00:00;5.0072041507775396;;;;;;;
2021-10-05 23:00:00;5.016048974299706;;;;;;;
2021-10-06 00:00:00;5.024893337447178;;;;;;;
2021-10-06 01:00:00;5.033737235669873;;;;;;;
2021-10-06 02:00:00;5.042580664417985;;;;;;;
2021-10-06 03:00:00;5.05142361914191;;;;;;;
2021-10-06 04:00:00;5.060266095292305;;;;;;;
2021-10-06 05:00:00;5.069108088320071;;;;;;;
2021-10-06 06:00:00;5.077949593676356;;;;;;;
2021-10-06 07:00:00;5.086790606812561;;;;;;;
2021-10-06 08:00:00;5.095631123180328;;;;;;;
2021-10-06 09:00:00;5.104471138231601;;;;;;;
2021-10-06 10:00:00;5.1133106474185;;;;;;;
2021-10-06 11:00:00;5.1221496461934874;;;;;;;
2021-10-06 12:00:00;5.130988130009242;;;;;;;
2021-10-06 13:00:00;5.139826094318707;;;;;;;
2021-10-06 14:00:00;5.148663534575136;;;;;;;
2021-10-06 15:00:00;5.157500446231981;;;;;;;
2021-10-06 16:00:00;5.166336824743044;;;;;;;
2021-10-06 17:00:00;5.175172665562322;;;;;;;
2021-10-06 18:00:00;5.184007964144161;;;;;;;
2021-10-06 19:00:00;5.192842715943145;;;;;;;
2021-10-06 20:00:00;5.201676916414148;;;;;;;
2021-10-06 21:00:00;5.210510561012329;;;;;;;
2021-10-06 22:00:00;5.21934364519312;;;;;;;
2021-10-06 23:00:00;5.228176164412276;;;;;;;
2021-10-07 00:00:00;5.23700811412581;;;;;;;
2021-10-07 01:00:00;5.245839489790039;;;;;;;
2021-10-07 02:00:00;5.254670286861571;;;;;;;
2021-10-07 03:00:00;5.263500500797319;;;;;;;
2021-10-07 04:00:00;5.2723301270544916;;;;;;;
2021-10-07 05:00:00;5.281159161090599;;;;;;;
2021-10-07 06:00:00;5.289987598363447;;;;;;;
2021-10-07 07:00:00;5.298815434331183;;;;;;;
2021-10-07 08:00:00;5.307642664452224;;;;;;;
2021-10-07 09:00:00;5.316469284185319;;;;;;;
2021-10-07 10:00:00;5.325295288989524;;;;;;;
2021-10-07 11:00:00;5.334120674324203;;;;;;;
2021-10-07 12:00:00;5.342945435649083;;;;;;;
2021-10-07 13:00:00;5.3517695684241335;;;;;;;
2021-10-07 14:00:00;5.360593068109737;;;;;;;
2021-10-07 15:00:00;5.369415930166513;;;;;;;
2021-10-07 16:00:00;5.378238150055485;;;;;;;
2021-10-07 17:00:00;5.387059723237965;;;;;;;
2021-10-07 18:00:00;5.3958806451755965;;;;;;;
2021-10-07 19:00:00;5.4047009113304005;;;;;;;
2021-10-07 20:00:00;5.413520517164663;;;;;;;
2021-10-07 21:00:00;5.422339458141081;;;;;;;
2021-10-07 22:00:00;5.431157729722653;;;;;;;
2021-10-07 23:00:00;5.439975327372733;;;;;;;
2021-10-08 00:00:00;5.44879224655502;;;;;;;
2021-10-08 01:00:00;5.457608482733564;;;;;;;
2021-10-08 02:00:00;5.466424031372763;;;;;;;
2021-10-08 03:00:00;5.475238887937363;;;;;;;
2021-10-08 04:00:00;5.484053047892492;;;;;;;
2021-10-08 05:00:00;5.49286650670361;;;;;;;
2021-10-08 06:00:00;5.501679259836547;;;;;;;
2021-10-08 07:00:00;5.510491302757494;;;;;;;
2021-10-08 08:00:00;5.519302630933009;;;;;;;
2021-10-08 09:00:00;5.528113239830003;;;;;;;
2021-10-08 10:00:00;5.536923124915811;;;;;;;
2021-10-08 11:00:00;5.545732281658051;;;;;;;
2021-10-08 12:00:00;5.554540705524798;;;;;;;
2021-10-08 13:00:00;5.563348391984465;;;;;;;
2021-10-08 14:00:00;5.572155336505836;;;;;;;
2021-10-08 15:00:00;5.580961534558126;;;;;;;
2021-10-08 16:00:00;5.589766981610853;;;;;;;
2021-10-08 17:00:00;5.598571673134017;;;;;;;
2021-10-08 18:00:00;5.60737560459791;;;;;;;
2021-10-08 19:00:00;5.616178771473294;;;;;;;
2021-10-08 20:00:00;5.624981169231285;;;;;;;
2021-10-08 21:00:00;5.633782793343401;;;;;;;
2021-10-08 22:00:00;5.64258363928156;;;;;;;
2021-10-08 23:00:00;5.6513837025180695;;;;;;;
2021-10-09 00:00:00;5.6601829785256825;;;;;;;
2021-10-09 01:00:00;5.66898146277748;;;;;;;
2021-10-09 02:00:00;5.677779150747028;;;;;;;
2021-10-09 03:00:00;5.68657603790826;;;;;;;
2021-10-09 04:00:00;5.695372119735528;;;;;;;
2021-10-09 05:00:00;5.704167391703604;;;;;;;
2021-10-09 06:00:00;5.712961849287669;;;;;;;
2021-10-09 07:00:00;5.7217554879633195;;;;;;;
2021-10-09 08:00:00;5.730548303206603;;;;;;;
2021-10-09 09:00:00;5.739340290493958;;;;;;;
2021-10-09 10:00:00;5.748131445302258;;;;;;;
2021-10-09 11:00:00;5.75692176310881;;;;;;;
2021-10-09 12:00:00;5.765711239391334;;;;;;;
2021-10-09 13:00:00;5.774499869628033;;;;;;;
2021-10-09 14:00:00;5.7832876492974625;;;;;;;
2021-10-09 15:00:00;5.792074573878708;;;;;;;
2021-10-09 16:00:00;5.800860638851205;;;;;;;
2021-10-09 17:00:00;5.80964583969491;;;;;;;
2021-10-09 18:00:00;5.818430171890177;;;;;;;
2021-10-09 19:00:00;5.827213630917809;;;;;;;
2021-10-09 20:00:00;5.835996212259101;;;;;;;
2021-10-09 21:00:00;5.844777911395726;;;;;;;
2021-10-09 22:00:00;5.853558723809894;;;;;;;
2021-10-09 23:00:00;5.8623386449841846;;;;;;;
2021-10-10 00:00:00;5.871117670401716;;;;;;;
2021-10-10 01:00:00;5.8798957955460205;;;;;;;
2021-10-10 02:00:00;5.888673015901103;;;;;;;
2021-10-10 03:00:00;5.897449326951438;;;;;;;
2021-10-10 04:00:00;5.906224724181953;;;;;;;
2021-10-10 05:00:00;5.914999203078081;;;;;;;
2021-10-10 06:00:00;5.9237727591256935;;;;;;;
2021-10-10 07:00:00;5.93254538781115;;;;;;;
2021-10-10 08:00:00;5.94131708462128;;;;;;;
2021-10-10 09:00:00;5.950087845043404;;;;;;;
2021-10-10 10:00:00;5.958857664565302;;;;;;;
2021-10-10 11:00:00;5.967626538675288;;;;;;;
2021-10-10 12:00:00;5.976394462862085;;;;;;;
2021-10-10 13:00:00;5.985161432614979;;;;;;;
2021-10-10 14:00:00;5.993927443423706;;;;;;;
2021-10-10 15:00:00;6.002692490778495;;;;;;;
2021-10-10 16:00:00;6.011456570170113;;;;;;;
2021-10-10 17:00:00;6.020219677089749;;;;;;;
2021-10-10 18:00:00;6.0289818070291785;;;;;;;
2021-10-10 19:00:00;6.037742955480598;;;;;;;
2021-10-10 20:00:00;6.046503117936786;;;;;;;
2021-10-10 21:00:00;6.05526228989095;;;;;;;
2021-10-10 22:00:00;6.064020466836881;;;;;;;
2021-10-10 23:00:00;6.072777644268836;;;;;;;
2021-10-11 00:00:00;6.0815338176815885;;;;;;;
2021-10-11 01:00:00;6.090288982570471;;;;;;;
2021-10-11 02:00:00;6.099043134431258;;;;;;;
2021-10-11 03:00:00;6.107796268760322;;;;;;;
2021-10-11 04:00:00;6.1165483810545185;;;;;;;
2021-10-11 05:00:00;6.125299466811235;;;;;;;
2021-10-11 06:00:00;6.13404952152839;;;;;;;
2021-10-11 07:00:00;6.14279854070443;;;;;;;
2021-10-11 08:00:00;6.151546519838325;;;;;;;
2021-10-11 09:00:00;6.160293454429613;;;;;;;
2021-10-11 10:00:00;6.169039339978338;;;;;;;
2021-10-11 11:00:00;6.177784171985089;;;;;;;
2021-10-11 12:00:00;6.186527945951005;;;;;;;
2021-10-11 13:00:00;6.195270657377753;;;;;;;
2021-10-11 14:00:00;6.204012301767588;;;;;;;
2021-10-11 15:00:00;6.212752874623247;;;;;;;
2021-10-11 16:00:00;6.221492371448095;;;;;;;
2021-10-11 17:00:00;6.2302307877459695;;;;;;;
2021-10-11 18:00:00;6.23896811902134;;;;;;;
2021-10-11 19:00:00;6.247704360779187;;;;;;;
2021-10-11 20:00:00;6.256439508525054;;;;;;;
2021-10-11 21:00:00;6.265173557765093;;;;;;;
2021-10-11 22:00:00;6.27390650400594;;;;;;;
2021-10-11 23:00:00;6.28263834275489;;;;;;;
2021-10-12 00:00:00;6.2913690695197175;;;;;;;
2021-10-12 01:00:00;6.300098679808847;;;;;;;
2021-10-12 02:00:00;6.308827169131233;;;;;;;
2021-10-12 03:00:00;6.317554532996421;;;;;;;
2021-10-12 04:00:00;6.326280766914526;;;;;;;
2021-10-12 05:00:00;6.335005866396248;;;;;;;
2021-10-12 06:00:00;6.343729826952888;;;;;;;
2021-10-12 07:00:00;6.352452644096312;;;;;;;
2021-10-12 08:00:00;6.361174313338978;;;;;;;
2021-10-12 09:00:00;6.369894830193941;;;;;;;
2021-10-12 10:00:00;6.37861419017484;;;;;;;
2021-10-12 11:00:00;6.387332388795906;;;;;;;
2021-10-12 12:00:00;6.396049421572008;;;;;;;
2021-10-12 13:00:00;6.40476528401854;;;;;;;
2021-10-12 14:00:00;6.41347997165157;;;;;;;
2021-10-12 15:00:00;6.422193479987733;;;;;;;
2021-10-12 16:00:00;6.430905804544278;;;;;;;
2021-10-12 17:00:00;6.439616940839063;;;;;;;
2021-10-12 18:00:00;6.448326884390548;;;;;;;
2021-10-12 19:00:00;6.457035630717847;;;;;;;
2021-10-12 20:00:00;6.465743175340618;;;;;;;
2021-10-12 21:00:00;6.4744495137792235;;;;;;;
2021-10-12 22:00:00;6.483154641554554;;;;;;;
2021-10-12 23:00:00;6.491858554188207;;;;;;;
2021-10-13 00:00:00;6.500561247202357;;;;;;;
2021-10-13 01:00:00;6.509262716119805;;;;;;;
2021-10-13 02:00:00;6.517962956464028;;;;;;;
2021-10-13 03:00:00;6.52666196375906;;;;;;;
2021-10-13 04:00:00;6.53535973352964;;;;;;;
2021-10-13 05:00:00;6.5440562613011055;;;;;;;
2021-10-13 06:00:00;6.552751542599442;;;;;;;
2021-10-13 07:00:00;6.5614455729512775;;;;;;;
2021-10-13 08:00:00;6.570138347883877;;;;;;;
2021-10-13 09:00:00;6.5788298629251525;;;;;;;
2021-10-13 10:00:00;6.587520113603686;;;;;;;
2021-10-13 11:00:00;6.596209095448684;;;;;;;
2021-10-13 12:00:00;6.604896803990011;;;;;;;
2021-10-13 13:00:00;6.61358323475819;;;;;;;
2021-10-13 14:00:00;6.622268383284401;;;;;;;
2021-10-13 15:00:00;6.630952245100487;;;;;;;
2021-10-13 16:00:00;6.639634815738934;;;;;;;
2021-10-13 17:00:00;6.648316090732945;;;;;;;
2021-10-13 18:00:00;6.656996065616303;;;;;;;
2021-10-13 19:00:00;6.665674735923549;;;;;;;
2021-10-13 20:00:00;6.674352097189838;;;;;;;
2021-10-13 21:00:00;6.6830281449510105;;;;;;;
2021-10-13 22:00:00;6.691702874743615;;;;;;;
2021-10-13 23:00:00;6.700376282104812;;;;;;;
2021-10-14 00:00:00;6.709048362572522;;;;;;;
2021-10-14 01:00:00;6.717719111685267;;;;;;;
2021-10-14 02:00:00;6.726388524982324;;;;;;;
2021-10-14 03:00:00;6.735056598003622;;;;;;;
2021-10-14 04:00:00;6.743723326289778;;;;;;;
2021-10-14 05:00:00;6.752388705382114;;;;;;;
2021-10-14 06:00:00;6.7610527308226285;;;;;;;
2021-10-14 07:00:00;6.769715398154046;;;;;;;
2021-10-14 08:00:00;6.778376702919767;;;;;;;
2021-10-14 09:00:00;6.787036640663891;;;;;;;
2021-10-14 10:00:00;6.795695206931231;;;;;;;
2021-10-14 11:00:00;6.8043523972673015;;;;;;;
2021-10-14 12:00:00;6.813008207218328;;;;;;;
2021-10-14 13:00:00;6.821662632331238;;;;;;;
2021-10-14 14:00:00;6.8303156681536725;;;;;;;
2021-10-14 15:00:00;6.838967310234009;;;;;;;
2021-10-14 16:00:00;6.847617554121318;;;;;;;
2021-10-14 17:00:00;6.856266395365393;;;;;;;
2021-10-14 18:00:00;6.864913829516751;;;;;;;
2021-10-14 19:00:00;6.8735598521266255;;;;;;;
2021-10-14 20:00:00;6.882204458747019;;;;;;;
2021-10-14 21:00:00;6.890847644930581;;;;;;;
2021-10-14 22:00:00;6.899489406230785;;;;;;;
2021-10-14 23:00:00;6.908129738201748;;;;;;;
2021-10-15 00:00:00;6.916768636398399;;;;;;;
2021-10-15 01:00:00;6.925406096376357;;;;;;;
2021-10-15 02:00:00;6.93404211369199;;;;;;;
2021-10-15 03:00:00;6.942676683902443;;;;;;;
2021-10-15 04:00:00;6.951309802565532;;;;;;;
2021-10-15 05:00:00;6.9599414652399;;;;;;;
2021-10-15 06:00:00;6.968571667484888;;;;;;;
2021-10-15 07:00:00;6.977200404860605;;;;;;;
2021-10-15 08:00:00;6.985827672927913;;;;;;;
2021-10-15 09:00:00;6.994453467248425;;;;;;;
2021-10-15 10:00:00;7.003077783384521;;;;;;;
2021-10-15 11:00:00;7.011700616899322;;;;;;;
2021-10-15 12:00:00;7.02032196335675;;;;;;;
2021-10-15 13:00:00;7.028941818321454;;;;;;;
2021-10-15 14:00:00;7.03756017735887;;;;;;;
2021-10-15 15:00:00;7.046177036035193;;;;;;;
2021-10-15 16:00:00;7.054792389917399;;;;;;;
2021-10-15 17:00:00;7.063406234573219;;;;;;;
2021-10-15 18:00:00;7.07201856557121;;;;;;;
2021-10-15 19:00:00;7.080629378480633;;;;;;;
2021-10-15 20:00:00;7.089238668871609;;;;;;;
2021-10-15 21:00:00;7.097846432314962;;;;;;;
2021-10-15 22:00:00;7.106452664382367;;;;;;;
2021-10-15 23:00:00;7.115057360646282;;;;;;;
2021-10-16 00:00:00;7.123660516679892;;;;;;;
2021-10-16 01:00:00;7.132262128057263;;;;;;;
2021-10-16 02:00:00;7.140862190353168;;;;;;;
2021-10-16 03:00:00;7.149460699143254;;;;;;;
2021-10-16 04:00:00;7.158057650003919;;;;;;;
2021-10-16 05:00:00;7.166653038512378;;;;;;;
2021-10-16 06:00:00;7.175246860246652;;;;;;;
2021-10-16 07:00:00;7.183839110785549;;;;;;;
2021-10-16 08:00:00;7.192429785708735;;;;;;;
2021-10-16 09:00:00;7.201018880596608;;;;;;;
2021-10-16 10:00:00;7.209606391030461;;;;;;;
2021-10-16 11:00:00;7.218192312592347;;;;;;;
2021-10-16 12:00:00;7.226776640865156;;;;;;;
2021-10-16 13:00:00;7.235359371432598;;;;;;;
2021-10-16 14:00:00;7.243940499879202;;;;;;;
2021-10-16 15:00:00;7.252520021790308;;;;;;;
2021-10-16 16:00:00;7.261097932752131;;;;;;;
2021-10-16 17:00:00;7.269674228351636;;;;;;;
2021-10-16 18:00:00;7.278248904176696;;;;;;;
2021-10-16 19:00:00;7.286821955815972;;;;;;;
2021-10-16 20:00:00;7.295393378858964;;;;;;;
2021-10-16 21:00:00;7.303963168896053;;;;;;;
2021-10-16 22:00:00;7.312531321518377;;;;;;;
2021-10-16 23:00:00;7.321097832318014;;;;;;;
2021-10-17 00:00:00;7.32966269688779;;;;;;;
2021-10-17 01:00:00;7.338225910821465;;;;;;;
2021-10-17 02:00:00;7.346787469713589;;;;;;;
2021-10-17 03:00:00;7.355347369159583;;;;;;;
2021-10-17 04:00:00;7.363905604755747;;;;;;;
2021-10-17 05:00:00;7.372462172099171;;;;;;;
2021-10-17 06:00:00;7.381017066787888;;;;;;;
2021-10-17 07:00:00;7.389570284420705;;;;;;;
2021-10-17 08:00:00;7.398121820597367;;;;;;;
2021-10-17 09:00:00;7.406671670918442;;;;;;;
2021-10-17 10:00:00;7.415219830985373;;;;;;;
2021-10-17 11:00:00;7.423766296400476;;;;;;;
2021-10-17 12:00:00;7.432311062766936;;;;;;;
2021-10-17 13:00:00;7.440854125688808;;;;;;;
2021-10-17 14:00:00;7.4493954807710425;;;;;;;
2021-10-17 15:00:00;7.457935123619451;;;;;;;
2021-10-17 16:00:00;7.466473049840725;;;;;;;
2021-10-17 17:00:00;7.475009255042446;;;;;;;
2021-10-17 18:00:00;7.483543734833069;;;;;;;
2021-10-17 19:00:00;7.492076484821981;;;;;;;
2021-10-17 20:00:00;7.500607500619375;;;;;;;
2021-10-17 21:00:00;7.509136777836436;;;;;;;
2021-10-17 22:00:00;7.517664312085145;;;;;;;
2021-10-17 23:00:00;7.52619009897845;;;;;;;
2021-10-18 00:00:00;7.534714134130201;;;;;;;
2021-10-18 01:00:00;7.543236413155076;;;;;;;
2021-10-18 02:00:00;7.551756931668752;;;;;;;
2021-10-18 03:00:00;7.560275685287716;;;;;;;
2021-10-18 04:00:00;7.5687926696294605;;;;;;;
2021-10-18 05:00:00;7.577307880312289;;;;;;;
2021-10-18 06:00:00;7.585821312955504;;;;;;;
2021-10-18 07:00:00;7.594332963179274;;;;;;;
2021-10-18 08:00:00;7.602842826604697;;;;;;;
2021-10-18 09:00:00;7.611350898853788;;;;;;;
2021-10-18 10:00:00;7.619857175549477;;;;;;;
2021-10-18 11:00:00;7.628361652315646;;;;;;;
2021-10-18 12:00:00;7.636864324777073;;;;;;;
2021-10-18 13:00:00;7.645365188559472;;;;;;;
2021-10-18 14:00:00;7.653864239289494;;;;;;;
2021-10-18 15:00:00;7.662361472594715;;;;;;;
2021-10-18 16:00:00;7.670856884103639;;;;;;;
2021-10-18 17:00:00;7.67935046944575;;;;;;;
2021-10-18 18:00:00;7.687842224251396;;;;;;;
2021-10-18 19:00:00;7.696332144151946;;;;;;;
2021-10-18 20:00:00;7.7048202247796596;;;;;;;
2021-10-18 21:00:00;7.713306461767754;;;;;;;
2021-10-18 22:00:00;7.721790850750431;;;;;;;
2021-10-18 23:00:00;7.730273387362773;;;;;;;
2021-10-19 00:00:00;7.738754067240894;;;;;;;
2021-10-19 01:00:00;7.747232886021782;;;;;;;
2021-10-19 02:00:00;7.755709839343471;;;;;;;
2021-10-19 03:00:00;7.764184922844863;;;;;;;
2021-10-19 04:00:00;7.772658132165902;;;;;;;
2021-10-19 05:00:00;7.781129462947447;;;;;;;
2021-10-19 06:00:00;7.789598910831334;;;;;;;
2021-10-19 07:00:00;7.798066471460398;;;;;;;
2021-10-19 08:00:00;7.80653214047838;;;;;;;
2021-10-19 09:00:00;7.814995913530064;;;;;;;
2021-10-19 10:00:00;7.823457786261165;;;;;;;
2021-10-19 11:00:00;7.8319177543183915;;;;;;;
2021-10-19 12:00:00;7.840375813349432;;;;;;;
2021-10-19 13:00:00;7.84883195900295;;;;;;;
2021-10-19 14:00:00;7.857286186928589;;;;;;;
2021-10-19 15:00:00;7.865738492777008;;;;;;;
2021-10-19 16:00:00;7.874188872199828;;;;;;;
2021-10-19 17:00:00;7.882637320849663;;;;;;;
2021-10-19 18:00:00;7.8910838343801295;;;;;;;
2021-10-19 19:00:00;7.899528408445821;;;;;;;
2021-10-19 20:00:00;7.907971038702377;;;;;;;
2021-10-19 21:00:00;7.916411720806361;;;;;;;
2021-10-19 22:00:00;7.924850450415422;;;;;;;
2021-10-19 23:00:00;7.933287223188128;;;;;;;
2021-10-20 00:00:00;7.941722034784133;;;;;;;
2021-10-20 01:00:00;7.950154880864054;;;;;;;
2021-10-20 02:00:00;7.958585757089517;;;;;;;
2021-10-20 03:00:00;7.967014659123209;;;;;;;
2021-10-20 04:00:00;7.975441582628756;;;;;;;
2021-10-20 05:00:00;7.983866523270882;;;;;;;
2021-10-20 06:00:00;7.992289476715254;;;;;;;
2021-10-20 07:00:00;8.000710438628632;;;;;;;
2021-10-20 08:00:00;8.009129404678763;;;;;;;
2021-10-20 09:00:00;8.017546370534417;;;;;;;
2021-10-20 10:00:00;8.02596133186541;;;;;;;
2021-10-20 11:00:00;8.03437428434257;;;;;;;
2021-10-20 12:00:00;8.04278522363779;;;;;;;
2021-10-20 13:00:00;8.051194145423969;;;;;;;
2021-10-20 14:00:00;8.059601045375056;;;;;;;
2021-10-20 15:00:00;8.068005919166039;;;;;;;
2021-10-20 16:00:00;8.076408762472942;;;;;;;
2021-10-20 17:00:00;8.084809570972837;;;;;;;
2021-10-20 18:00:00;8.093208340343871;;;;;;;
2021-10-20 19:00:00;8.101605066265174;;;;;;;
2021-10-20 20:00:00;8.109999744416998;;;;;;;
2021-10-20 21:00:00;8.118392370480608;;;;;;;
2021-10-20 22:00:00;8.126782940138336;;;;;;;
2021-10-20 23:00:00;8.135171449073566;;;;;;;
2021-10-21 00:00:00;8.143557892970742;;;;;;;
2021-10-21 01:00:00;8.151942267515405;;;;;;;
2021-10-21 02:00:00;8.160324568394088;;;;;;;
2021-10-21 03:00:00;8.168704791294473;;;;;;;
2021-10-21 04:00:00;8.177082931905234;;;;;;;
2021-10-21 05:00:00;8.185458985916183;;;;;;;
2021-10-21 06:00:00;8.193832949018166;;;;;;;
2021-10-21 07:00:00;8.202204816903105;;;;;;;
2021-10-21 08:00:00;8.210574585264041;;;;;;;
2021-10-21 09:00:00;8.218942249795026;;;;;;;
2021-10-21 10:00:00;8.227307806191254;;;;;;;
2021-10-21 11:00:00;8.23567125014898;;;;;;;
2021-10-21 12:00:00;8.244032577365548;;;;;;;
2021-10-21 13:00:00;8.252391783539384;;;;;;;
2021-10-21 14:00:00;8.260748864370019;;;;;;;
2021-10-21 15:00:00;8.269103815558054;;;;;;;
2021-10-21 16:00:00;8.277456632805226;;;;;;;
2021-10-21 17:00:00;8.285807311814334;;;;;;;
2021-10-21 18:00:00;8.294155848289291;;;;;;;
2021-10-21 19:00:00;8.302502237935107;;;;;;;
2021-10-21 20:00:00;8.310846476457902;;;;;;;
2021-10-21 21:00:00;8.319188559564896;;;;;;;
2021-10-21 22:00:00;8.327528482964418;;;;;;;
2021-10-21 23:00:00;8.335866242365938;;;;;;;
2021-10-22 00:00:00;8.344201833479977;;;;;;;
2021-10-22 01:00:00;8.352535252018232;;;;;;;
2021-10-22 02:00:00;8.360866493693486;;;;;;;
2021-10-22 03:00:00;8.369195554219642;;;;;;;
2021-10-22 04:00:00;8.37752242931176;;;;;;;
2021-10-22 05:00:00;8.385847114685957;;;;;;;
2021-10-22 06:00:00;8.39416960605956;;;;;;;
2021-10-22 07:00:00;8.402489899150936;;;;;;;
2021-10-22 08:00:00;8.410807989679661;;;;;;;
2021-10-22 09:00:00;8.419123873366399;;;;;;;
2021-10-22 10:00:00;8.427437545932966;;;;;;;
2021-10-22 11:00:00;8.435749003102305;;;;;;;
2021-10-22 12:00:00;8.444058240598501;;;;;;;
2021-10-22 13:00:00;8.452365254146798;;;;;;;
2021-10-22 14:00:00;8.46067003947357;;;;;;;
2021-10-22 15:00:00;8.468972592306327;;;;;;;
2021-10-22 16:00:00;8.477272908373749;;;;;;;
2021-10-22 17:00:00;8.48557098340565;;;;;;;
2021-10-22 18:00:00;8.493866813133003;;;;;;;
2021-10-22 19:00:00;8.502160393287943;;;;;;;
2021-10-22 20:00:00;8.51045171960374;;;;;;;
2021-10-22 21:00:00;8.51874078781486;;;;;;;
2021-10-22 22:00:00;8.527027593656902;;;;;;;
2021-10-22 23:00:00;8.535312132866636;;;;;;;
2021-10-23 00:00:00;8.543594401181998;;;;;;;
2021-10-23 01:00:00;8.551874394342086;;;;;;;
2021-10-23 02:00:00;8.560152108087202;;;;;;;
2021-10-23 03:00:00;8.568427538158756;;;;;;;
2021-10-23 04:00:00;8.576700680299414;;;;;;;
2021-10-23 05:00:00;8.584971530252934;;;;;;;
2021-10-23 06:00:00;8.593240083764323;;;;;;;
2021-10-23 07:00:00;8.601506336579737;;;;;;;
2021-10-23 08:00:00;8.60977028444651;;;;;;;
2021-10-23 09:00:00;8.618031923113199;;;;;;;
2021-10-23 10:00:00;8.626291248329483;;;;;;;
2021-10-23 11:00:00;8.634548255846301;;;;;;;
2021-10-23 12:00:00;8.642802941415747;;;;;;;
2021-10-23 13:00:00;8.651055300791112;;;;;;;
2021-10-23 14:00:00;8.659305329726893;;;;;;;
2021-10-23 15:00:00;8.66755302397878;;;;;;;
2021-10-23 16:00:00;8.675798379303659;;;;;;;
2021-10-23 17:00:00;8.684041391459623;;;;;;;
2021-10-23 18:00:00;8.692282056205993;;;;;;;
2021-10-23 19:00:00;8.700520369303263;;;;;;;
2021-10-23 20:00:00;8.708756326513154;;;;;;;
2021-10-23 21:00:00;8.716989923598591;;;;;;;
2021-10-23 22:00:00;8.72522115632373;;;;;;;
2021-10-23 23:00:00;8.733450020453914;;;;;;;
2021-10-24 00:00:00;8.741676511755756;;;;;;;
2021-10-24 01:00:00;8.749900625997013;;;;;;;
2021-10-24 02:00:00;8.758122358946743;;;;;;;
2021-10-24 03:00:00;8.766341706375178;;;;;;;
2021-10-24 04:00:00;8.774558664053789;;;;;;;
2021-10-24 05:00:00;8.78277322775531;;;;;;;
2021-10-24 06:00:00;8.790985393253633;;;;;;;
2021-10-24 07:00:00;8.799195156323973;;;;;;;
2021-10-24 08:00:00;8.807402512742696;;;;;;;
2021-10-24 09:00:00;8.815607458287477;;;;;;;
2021-10-24 10:00:00;8.823809988737189;;;;;;;
2021-10-24 11:00:00;8.83201009987196;;;;;;;
2021-10-24 12:00:00;8.840207787473162;;;;;;;
2021-10-24 13:00:00;8.848403047323401;;;;;;;
2021-10-24 14:00:00;8.856595875206578;;;;;;;
2021-10-24 15:00:00;8.864786266907771;;;;;;;
2021-10-24 16:00:00;8.872974218213383;;;;;;;
2021-10-24 17:00:00;8.88115972491103;;;;;;;
2021-10-24 18:00:00;8.889342782789596;;;;;;;
2021-10-24 19:00:00;8.89752338763923;;;;;;;
2021-10-24 20:00:00;8.905701535251337;;;;;;;
2021-10-24 21:00:00;8.913877221418575;;;;;;;
2021-10-24 22:00:00;8.922050441934909;;;;;;;
2021-10-24 23:00:00;8.930221192595528;;;;;;;
2021-10-25 00:00:00;8.938389469196913;;;;;;;
2021-10-25 01:00:00;8.946555267536814;;;;;;;
2021-10-25 02:00:00;8.954718583414241;;;;;;;
2021-10-25 03:00:00;8.962879412629526;;;;;;;
2021-10-25 04:00:00;8.971037750984213;;;;;;;
2021-10-25 05:00:00;8.979193594281202;;;;;;;
2021-10-25 06:00:00;8.987346938324603;;;;;;;
2021-10-25 07:00:00;8.995497778919871;;;;;;;
2021-10-25 08:00:00;9.00364611187372;;;;;;;
2021-10-25 09:00:00;9.011791932994152;;;;;;;
2021-10-25 10:00:00;9.019935238090492;;;;;;;
2021-10-25 11:00:00;9.028076022973302;;;;;;;
2021-10-25 12:00:00;9.03621428345451;;;;;;;
2021-10-25 13:00:00;9.044350015347273;;;;;;;
2021-10-25 14:00:00;9.052483214466111;;;;;;;
2021-10-25 15:00:00;9.06061387662681;;;;;;;
2021-10-25 16:00:00;9.068741997646466;;;;;;;
2021-10-25 17:00:00;9.076867573343494;;;;;;;
2021-10-25 18:00:00;9.084990599537598;;;;;;;
2021-10-25 19:00:00;9.093111072049826;;;;;;;
2021-10-25 20:00:00;9.101228986702512;;;;;;;
2021-10-25 21:00:00;9.109344339319312;;;;;;;
2021-10-25 22:00:00;9.11745712572521;;;;;;;
2021-10-25 23:00:00;9.125567341746494;;;;;;;
2021-10-26 00:00:00;9.133674983210781;;;;;;;
2021-10-26 01:00:00;9.141780045947039;;;;;;;
2021-10-26 02:00:00;9.149882525785499;;;;;;;
2021-10-26 03:00:00;9.157982418557795;;;;;;;
2021-10-26 04:00:00;9.166079720096844;;;;;;;
2021-10-26 05:00:00;9.174174426236899;;;;;;;
2021-10-26 06:00:00;9.182266532813587;;;;;;;
2021-10-26 07:00:00;9.190356035663807;;;;;;;
2021-10-26 08:00:00;9.198442930625873;;;;;;;
2021-10-26 09:00:00;9.206527213539363;;;;;;;
2021-10-26 10:00:00;9.214608880245278;;;;;;;
2021-10-26 11:00:00;9.22268792658588;;;;;;;
2021-10-26 12:00:00;9.230764348404863;;;;;;;
2021-10-26 13:00:00;9.238838141547213;;;;;;;
2021-10-26 14:00:00;9.246909301859283;;;;;;;
2021-10-26 15:00:00;9.254977825188814;;;;;;;
2021-10-26 16:00:00;9.263043707384831;;;;;;;
2021-10-26 17:00:00;9.271106944297793;;;;;;;
2021-10-26 18:00:00;9.279167531779482;;;;;;;
2021-10-26 19:00:00;9.287225465683045;;;;;;;
2021-10-26 20:00:00;9.295280741863;;;;;;;
2021-10-26 21:00:00;9.30333335617523;;;;;;;
2021-10-26 22:00:00;9.31138330447698;;;;;;;
2021-10-26 23:00:00;9.319430582626891;;;;;;;
2021-10-27 00:00:00;9.327475186484955;;;;;;;
2021-10-27 01:00:00;9.33551711191254;;;;;;;
2021-10-27 02:00:00;9.343556354772408;;;;;;;
2021-10-27 03:00:00;9.351592910928684;;;;;;;
2021-10-27 04:00:00;9.35962677624688;;;;;;;
2021-10-27 05:00:00;9.367657946593894;;;;;;;
2021-10-27 06:00:00;9.37568641783803;;;;;;;
2021-10-27 07:00:00;9.383712185848932;;;;;;;
2021-10-27 08:00:00;9.391735246497698;;;;;;;
2021-10-27 09:00:00;9.399755595656746;;;;;;;
2021-10-27 10:00:00;9.407773229199954;;;;;;;
2021-10-27 11:00:00;9.415788143002583;;;;;;;
2021-10-27 12:00:00;9.423800332941244;;;;;;;
2021-10-27 13:00:00;9.431809794894031;;;;;;;
2021-10-27 14:00:00;9.439816524740351;;;;;;;
2021-10-27 15:00:00;9.447820518361096;;;;;;;
2021-10-27 16:00:00;9.455821771638524;;;;;;;
2021-10-27 17:00:00;9.463820280456309;;;;;;;
2021-10-27 18:00:00;9.47181604069954;;;;;;;
2021-10-27 19:00:00;9.479809048254708;;;;;;;
2021-10-27 20:00:00;9.487799299009753;;;;;;;
2021-10-27 21:00:00;9.495786788853998;;;;;;;
2021-10-27 22:00:00;9.503771513678208;;;;;;;
2021-10-27 23:00:00;9.511753469374556;;;;;;;
2021-10-28 00:00:00;9.519732651836645;;;;;;;
2021-10-28 01:00:00;9.527709056959509;;;;;;;
2021-10-28 02:00:00;9.535682680639606;;;;;;;
2021-10-28 03:00:00;9.54365351877482;;;;;;;
2021-10-28 04:00:00;9.551621567264501;;;;;;;
2021-10-28 05:00:00;9.55958682200937;;;;;;;
2021-10-28 06:00:00;9.567549278911649;;;;;;;
2021-10-28 07:00:00;9.575508933874968;;;;;;;
2021-10-28 08:00:00;9.583465782804394;;;;;;;
2021-10-28 09:00:00;9.591419821606474;;;;;;;
2021-10-28 10:00:00;9.599371046189136;;;;;;;
2021-10-28 11:00:00;9.607319452461834;;;;;;;
2021-10-28 12:00:00;9.615265036335392;;;;;;;
2021-10-28 13:00:00;9.623207793722157;;;;;;;
2021-10-28 14:00:00;9.631147720535886;;;;;;;
2021-10-28 15:00:00;9.639084812691797;;;;;;;
2021-10-28 16:00:00;9.647019066106608;;;;;;;
2021-10-28 17:00:00;9.654950476698417;;;;;;;
2021-10-28 18:00:00;9.66287904038687;;;;;;;
2021-10-28 19:00:00;9.670804753093021;;;;;;;
2021-10-28 20:00:00;9.678727610739411;;;;;;;
2021-10-28 21:00:00;9.686647609250052;;;;;;;
2021-10-28 22:00:00;9.69456474455042;;;;;;;
2021-10-28 23:00:00;9.702479012567464;;;;;;;
2021-10-29 00:00:00;9.710390409229614;;;;;;;
2021-10-29 01:00:00;9.71829893046676;;;;;;;
2021-10-29 02:00:00;9.726204572210312;;;;;;;
2021-10-29 03:00:00;9.734107330393117;;;;;;;
2021-10-29 04:00:00;9.74200720094953;;;;;;;
2021-10-29 05:00:00;9.749904179815376;;;;;;;
2021-10-29 06:00:00;9.757798262927976;;;;;;;
2021-10-29 07:00:00;9.765689446226164;;;;;;;
2021-10-29 08:00:00;9.773577725650208;;;;;;;
2021-10-29 09:00:00;9.781463097141938;;;;;;;
2021-10-29 10:00:00;9.789345556644612;;;;;;;
2021-10-29 11:00:00;9.79722510010304;;;;;;;
2021-10-29 12:00:00;9.805101723463533;;;;;;;
2021-10-29 13:00:00;9.812975422673844;;;;;;;
2021-10-29 14:00:00;9.820846193683309;;;;;;;
2021-10-29 15:00:00;9.828714032442697;;;;;;;
2021-10-29 16:00:00;9.836578934904345;;;;;;;
2021-10-29 17:00:00;9.844440897022071;;;;;;;
2021-10-29 18:00:00;9.852299914751208;;;;;;;
2021-10-29 19:00:00;9.860155984048605;;;;;;;
2021-10-29 20:00:00;9.868009100872635;;;;;;;
2021-10-29 21:00:00;9.875859261183182;;;;;;;
2021-10-29 22:00:00;9.883706460941642;;;;;;;
2021-10-29 23:00:00;9.891550696110967;;;;;;;
2021-10-30 00:00:00;9.899391962655603;;;;;;;
2021-10-30 01:00:00;9.907230256541533;;;;;;;
2021-10-30 02:00:00;9.915065573736268;;;;;;;
2021-10-30 03:00:00;9.922897910208851;;;;;;;
2021-10-30 04:00:00;9.930727261929853;;;;;;;
2021-10-30 05:00:00;9.938553624871416;;;;;;;
2021-10-30 06:00:00;9.946376995007146;;;;;;;
2021-10-30 07:00:00;9.954197368312267;;;;;;;
2021-10-30 08:00:00;9.9620147407635;;;;;;;
2021-10-30 09:00:00;9.96982910833911;;;;;;;
2021-10-30 10:00:00;9.977640467018949;;;;;;;
2021-10-30 11:00:00;9.985448812784345;;;;;;;
2021-10-30 12:00:00;9.993254141618259;;;;;;;
2021-10-30 13:00:00;10.001056449505121;;;;;;;
2021-10-30 14:00:00;10.00885573243099;;;;;;;
2021-10-30 15:00:00;10.016651986383435;;;;;;;
2021-10-30 16:00:00;10.024445207351587;;;;;;;
2021-10-30 17:00:00;10.032235391326171;;;;;;;
2021-10-30 18:00:00;10.040022534299423;;;;;;;
2021-10-30 19:00:00;10.047806632265196;;;;;;;
2021-10-30 20:00:00;10.055587681218853;;;;;;;
2021-10-30 21:00:00;10.063365677157387;;;;;;;
2021-10-30 22:00:00;10.071140616079315;;;;;;;
2021-10-30 23:00:00;10.078912493984747;;;;;;;
2021-10-31 00:00:00;10.086681306875365;;;;;;;
2021-10-31 01:00:00;10.094447050754424;;;;;;;
2021-10-31 02:00:00;10.102209721626748;;;;;;;
2021-10-31 03:00:00;10.10996931549878;;;;;;;
2021-10-31 04:00:00;10.117725828378505;;;;;;;
2021-10-31 05:00:00;10.125479256275513;;;;;;;
2021-10-31 06:00:00;10.133229595200975;;;;;;;
2021-10-31 07:00:00;10.14097684116764;;;;;;;
2021-10-31 08:00:00;10.148720990189894;;;;;;;
2021-10-31 09:00:00;10.15646203828364;;;;;;;
2021-10-31 10:00:00;10.164199981466464;;;;;;;
2021-10-31 11:00:00;10.171934815757462;;;;;;;
2021-10-31 12:00:00;10.17966653717739;;;;;;;
2021-10-31 13:00:00;10.18739514174861;;;;;;;
2021-10-31 14:00:00;10.195120625495028;;;;;;;
2021-10-31 15:00:00;10.202842984442224;;;;;;;
2021-10-31 16:00:00;10.210562214617322;;;;;;;
2021-10-31 17:00:00;10.218278312049128;;;;;;;
2021-10-31 18:00:00;10.225991272767974;;;;;;;
2021-10-31 19:00:00;10.233701092805886;;;;;;;
2021-10-31 20:00:00;10.241407768196456;;;;;;;
2021-10-31 21:00:00;10.249111294974915;;;;;;;
2021-10-31 22:00:00;10.256811669178104;;;;;;;
2021-10-31 23:00:00;10.26450888684448;;;;;;;
2021-11-01 00:00:00;10.272202944014152;;;;;;;
2021-11-01 01:00:00;10.279893836728828;;;;;;;
2021-11-01 02:00:00;10.287581561031853;;;;;;;
2021-11-01 03:00:00;10.2952661129682;;;;;;;
2021-11-01 04:00:00;10.302947488584476;;;;;;;
2021-11-01 05:00:00;10.310625683928912;;;;;;;
2021-11-01 06:00:00;10.318300695051413;;;;;;;
2021-11-01 07:00:00;10.325972518003454;;;;;;;
2021-11-01 08:00:00;10.33364114883822;;;;;;;
2021-11-01 09:00:00;10.341306583610498;;;;;;;
2021-11-01 10:00:00;10.348968818376724;;;;;;;
2021-11-01 11:00:00;10.356627849195009;;;;;;;
2021-11-01 12:00:00;10.364283672125051;;;;;;;
2021-11-01 13:00:00;10.371936283228278;;;;;;;
2021-11-01 14:00:00;10.379585678567686;;;;;;;
2021-11-01 15:00:00;10.387231854208014;;;;;;;
2021-11-01 16:00:00;10.394874806215565;;;;;;;
2021-11-01 17:00:00;10.402514530658376;;;;;;;
2021-11-01 18:00:00;10.410151023606113;;;;;;;
2021-11-01 19:00:00;10.417784281130093;;;;;;;
2021-11-01 20:00:00;10.425414299303334;;;;;;;
2021-11-01 21:00:00;10.43304107420047;;;;;;;
2021-11-01 22:00:00;10.440664601897854;;;;;;;
2021-11-01 23:00:00;10.448284878473478;;;;;;;
2021-11-02 00:00:00;10.455901900007017;;;;;;;
2021-11-02 01:00:00;10.463515662579816;;;;;;;
2021-11-02 02:00:00;10.471126162274906;;;;;;;
2021-11-02 03:00:00;10.478733395176974;;;;;;;
2021-11-02 04:00:00;10.486337357372426;;;;;;;
2021-11-02 05:00:00;10.493938044949317;;;;;;;
2021-11-02 06:00:00;10.501535453997406;;;;;;;
2021-11-02 07:00:00;10.509129580608118;;;;;;;
2021-11-02 08:00:00;10.51672042087458;;;;;;;
2021-11-02 09:00:00;10.524307970891634;;;;;;;
2021-11-02 10:00:00;10.531892226755753;;;;;;;
2021-11-02 11:00:00;10.53947318456518;;;;;;;
2021-11-02 12:00:00;10.547050840419775;;;;;;;
2021-11-02 13:00:00;10.554625190421174;;;;;;;
2021-11-02 14:00:00;10.562196230672662;;;;;;;
2021-11-02 15:00:00;10.569763957279232;;;;;;;
2021-11-02 16:00:00;10.577328366347624;;;;;;;
2021-11-02 17:00:00;10.584889453986218;;;;;;;
2021-11-02 18:00:00;10.592447216305173;;;;;;;
2021-11-02 19:00:00;10.600001649416281;;;;;;;
2021-11-02 20:00:00;10.607552749433125;;;;;;;
2021-11-02 21:00:00;10.615100512470956;;;;;;;
2021-11-02 22:00:00;10.62264493464675;;;;;;;
2021-11-02 23:00:00;10.630186012079204;;;;;;;
2021-11-03 00:00:00;10.63772374088873;;;;;;;
2021-11-03 01:00:00;10.645258117197484;;;;;;;
2021-11-03 02:00:00;10.652789137129329;;;;;;;
2021-11-03 03:00:00;10.660316796809854;;;;;;;
2021-11-03 04:00:00;10.667841092366373;;;;;;;
2021-11-03 05:00:00;10.67536201992795;;;;;;;
2021-11-03 06:00:00;10.682879575625355;;;;;;;
2021-11-03 07:00:00;10.69039375559113;;;;;;;
2021-11-03 08:00:00;10.697904555959502;;;;;;;
2021-11-03 09:00:00;10.70541197286649;;;;;;;
2021-11-03 10:00:00;10.712916002449818;;;;;;;
2021-11-03 11:00:00;10.720416640848969;;;;;;;
2021-11-03 12:00:00;10.727913884205158;;;;;;;
2021-11-03 13:00:00;10.735407728661352;;;;;;;
2021-11-03 14:00:00;10.742898170362292;;;;;;;
2021-11-03 15:00:00;10.75038520545441;;;;;;;
2021-11-03 16:00:00;10.757868830085972;;;;;;;
2021-11-03 17:00:00;10.765349040406903;;;;;;;
2021-11-03 18:00:00;10.772825832568973;;;;;;;
2021-11-03 19:00:00;10.780299202725654;;;;;;;
2021-11-03 20:00:00;10.787769147032199;;;;;;;
2021-11-03 21:00:00;10.795235661645638;;;;;;;
2021-11-03 22:00:00;10.802698742724719;;;;;;;
2021-11-03 23:00:00;10.81015838643001;;;;;;;
2021-11-04 00:00:00;10.81761458892382;;;;;;;
2021-11-04 01:00:00;10.825067346370224;;;;;;;
2021-11-04 02:00:00;10.832516654935086;;;;;;;
2021-11-04 03:00:00;10.839962510786032;;;;;;;
2021-11-04 04:00:00;10.847404910092454;;;;;;;
2021-11-04 05:00:00;10.85484384902556;;;;;;;
2021-11-04 06:00:00;10.862279323758305;;;;;;;
2021-11-04 07:00:00;10.869711330465435;;;;;;;
2021-11-04 08:00:00;10.877139865323477;;;;;;;
2021-11-04 09:00:00;10.884564924510755;;;;;;;
2021-11-04 10:00:00;10.89198650420737;;;;;;;
2021-11-04 11:00:00;10.899404600595203;;;;;;;
2021-11-04 12:00:00;10.90681920985798;;;;;;;
2021-11-04 13:00:00;10.914230328181139;;;;;;;
2021-11-04 14:00:00;10.921637951751983;;;;;;;
2021-11-04 15:00:00;10.929042076759577;;;;;;;
2021-11-04 16:00:00;10.936442699394792;;;;;;;
2021-11-04 17:00:00;10.943839815850328;;;;;;;
2021-11-04 18:00:00;10.951233422320628;;;;;;;
2021-11-04 19:00:00;10.958623515002019;;;;;;;
2021-11-04 20:00:00;10.966010090092556;;;;;;;
2021-11-04 21:00:00;10.973393143792169;;;;;;;
2021-11-04 22:00:00;10.98077267230257;;;;;;;
2021-11-04 23:00:00;10.988148671827279;;;;;;;
2021-11-05 00:00:00;10.995521138571641;;;;;;;
2021-11-05 01:00:00;11.002890068742811;;;;;;;
2021-11-05 02:00:00;11.010255458549794;;;;;;;
2021-11-05 03:00:00;11.017617304203373;;;;;;;
2021-11-05 04:00:00;11.024975601916184;;;;;;;
2021-11-05 05:00:00;11.032330347902668;;;;;;;
2021-11-05 06:00:00;11.039681538379114;;;;;;;
2021-11-05 07:00:00;11.047029169563618;;;;;;;
2021-11-05 08:00:00;11.054373237676126;;;;;;;
2021-11-05 09:00:00;11.061713738938403;;;;;;;
2021-11-05 10:00:00;11.069050669574066;;;;;;;
2021-11-05 11:00:00;11.076384025808554;;;;;;;
2021-11-05 12:00:00;11.08371380386915;;;;;;;
2021-11-05 13:00:00;11.091039999984977;;;;;;;
2021-11-05 14:00:00;11.098362610386987;;;;;;;
2021-11-05 15:00:00;11.105681631308025;;;;;;;
2021-11-05 16:00:00;11.11299705898271;;;;;;;
2021-11-05 17:00:00;11.120308889647582;;;;;;;
2021-11-05 18:00:00;11.127617119540966;;;;;;;
2021-11-05 19:00:00;11.13492174490309;;;;;;;
2021-11-05 20:00:00;11.14222276197602;;;;;;;
2021-11-05 21:00:00;11.149520167003654;;;;;;;
2021-11-05 22:00:00;11.156813956231806;;;;;;;
2021-11-05 23:00:00;11.164104125908075;;;;;;;
2021-11-06 00:00:00;11.171390672281987;;;;;;;
2021-11-06 01:00:00;11.178673591604902;;;;;;;
2021-11-06 02:00:00;11.185952880130042;;;;;;;
2021-11-06 03:00:00;11.193228534112512;;;;;;;
2021-11-06 04:00:00;11.200500549809279;;;;;;;
2021-11-06 05:00:00;11.20776892347918;;;;;;;
2021-11-06 06:00:00;11.215033651382923;;;;;;;
2021-11-06 07:00:00;11.22229472978311;;;;;;;
2021-11-06 08:00:00;11.229552154944207;;;;;;;
2021-11-06 09:00:00;11.23680592313255;;;;;;;
2021-11-06 10:00:00;11.244056030616376;;;;;;;
2021-11-06 11:00:00;11.251302473665785;;;;;;;
2021-11-06 12:00:00;11.258545248552773;;;;;;;
2021-11-06 13:00:00;11.265784351551247;;;;;;;
2021-11-06 14:00:00;11.27301977893694;;;;;;;
2021-11-06 15:00:00;11.280251526987545;;;;;;;
2021-11-06 16:00:00;11.287479591982606;;;;;;;
2021-11-06 17:00:00;11.294703970203571;;;;;;;
2021-11-06 18:00:00;11.301924657933808;;;;;;;
2021-11-06 19:00:00;11.30914165145853;;;;;;;
2021-11-06 20:00:00;11.316354947064916;;;;;;;
2021-11-06 21:00:00;11.323564541041987;;;;;;;
2021-11-06 22:00:00;11.330770429680713;;;;;;;
2021-11-06 23:00:00;11.337972609273947;;;;;;;
2021-11-07 00:00:00;11.345171076116463;;;;;;;
2021-11-07 01:00:00;11.352365826504933;;;;;;;
2021-11-07 02:00:00;11.359556856737937;;;;;;;
2021-11-07 03:00:00;11.366744163116007;;;;;;;
2021-11-07 04:00:00;11.373927741941529;;;;;;;
2021-11-07 05:00:00;11.381107589518866;;;;;;;
2021-11-07 06:00:00;11.388283702154263;;;;;;;
2021-11-07 07:00:00;11.395456076155897;;;;;;;
2021-11-07 08:00:00;11.402624707833873;;;;;;;
2021-11-07 09:00:00;11.409789593500214;;;;;;;
2021-11-07 10:00:00;11.416950729468873;;;;;;;
2021-11-07 11:00:00;11.424108112055741;;;;;;;
2021-11-07 12:00:00;11.431261737578625;;;;;;;
2021-11-07 13:00:00;11.438411602357275;;;;;;;
2021-11-07 14:00:00;11.445557702713373;;;;;;;
2021-11-07 15:00:00;11.452700034970523;;;;;;;
2021-11-07 16:00:00;11.459838595454315;;;;;;;
2021-11-07 17:00:00;11.466973380492204;;;;;;;
2021-11-07 18:00:00;11.474104386413666;;;;;;;
2021-11-07 19:00:00;11.481231609550056;;;;;;;
2021-11-07 20:00:00;11.488355046234723;;;;;;;
2021-11-07 21:00:00;11.495474692802942;;;;;;;
2021-11-07 22:00:00;11.502590545591925;;;;;;;
2021-11-07 23:00:00;11.50970260094088;;;;;;;
2021-11-08 00:00:00;11.516810855190904;;;;;;;
2021-11-08 01:00:00;11.523915304685124;;;;;;;
2021-11-08 02:00:00;11.531015945768548;;;;;;;
2021-11-08 03:00:00;11.53811277478821;;;;;;;
2021-11-08 04:00:00;11.545205788093066;;;;;;;
2021-11-08 05:00:00;11.552294982034043;;;;;;;
2021-11-08 06:00:00;11.559380352964034;;;;;;;
2021-11-08 07:00:00;11.566461897237899;;;;;;;
2021-11-08 08:00:00;11.573539611212478;;;;;;;
2021-11-08 09:00:00;11.580613491246565;;;;;;;
2021-11-08 10:00:00;11.587683533700933;;;;;;;
2021-11-08 11:00:00;11.59474973493833;;;;;;;
2021-11-08 12:00:00;11.601812091323474;;;;;;;
2021-11-08 13:00:00;11.608870599223062;;;;;;;
2021-11-08 14:00:00;11.6159252550058;;;;;;;
2021-11-08 15:00:00;11.622976055042313;;;;;;;
2021-11-08 16:00:00;11.63002299570529;;;;;;;
2021-11-08 17:00:00;11.637066073369315;;;;;;;
2021-11-08 18:00:00;11.644105284411038;;;;;;;
2021-11-08 19:00:00;11.651140625209077;;;;;;;
2021-11-08 20:00:00;11.658172092143998;;;;;;;
2021-11-08 21:00:00;11.66519968159843;;;;;;;
2021-11-08 22:00:00;11.672223389956926;;;;;;;
2021-11-08 23:00:00;11.679243213606101;;;;;;;
2021-11-09 00:00:00;11.686259148934502;;;;;;;
2021-11-09 01:00:00;11.693271192332745;;;;;;;
2021-11-09 02:00:00;11.700279340193399;;;;;;;
2021-11-09 03:00:00;11.707283588911048;;;;;;;
2021-11-09 04:00:00;11.714283934882312;;;;;;;
2021-11-09 05:00:00;11.721280374505758;;;;;;;
2021-11-09 06:00:00;11.728272904182033;;;;;;;
2021-11-09 07:00:00;11.73526152031374;;;;;;;
2021-11-09 08:00:00;11.742246219305523;;;;;;;
2021-11-09 09:00:00;11.749226997564033;;;;;;;
2021-11-09 10:00:00;11.756203851497942;;;;;;;
2021-11-09 11:00:00;11.763176777517929;;;;;;;
2021-11-09 12:00:00;11.770145772036717;;;;;;;
2021-11-09 13:00:00;11.777110831469034;;;;;;;
2021-11-09 14:00:00;11.784071952231633;;;;;;;
2021-11-09 15:00:00;11.791029130743302;;;;;;;
2021-11-09 16:00:00;11.797982363424838;;;;;;;
2021-11-09 17:00:00;11.804931646699107;;;;;;;
2021-11-09 18:00:00;11.811876976990954;;;;;;;
2021-11-09 19:00:00;11.818818350727314;;;;;;;
2021-11-09 20:00:00;11.825755764337092;;;;;;;
2021-11-09 21:00:00;11.832689214251307;;;;;;;
2021-11-09 22:00:00;11.839618696902942;;;;;;;
2021-11-09 23:00:00;11.846544208727073;;;;;;;
2021-11-10 00:00:00;11.853465746160817;;;;;;;
2021-11-10 01:00:00;11.860383305643287;;;;;;;
2021-11-10 02:00:00;11.867296883615714;;;;;;;
2021-11-10 03:00:00;11.874206476521298;;;;;;;
2021-11-10 04:00:00;11.881112080805368;;;;;;;
2021-11-10 05:00:00;11.88801369291525;;;;;;;
2021-11-10 06:00:00;11.89491130930034;;;;;;;
2021-11-10 07:00:00;11.9018049264121;;;;;;;
2021-11-10 08:00:00;11.90869454070402;;;;;;;
2021-11-10 09:00:00;11.9155801486317;;;;;;;
2021-11-10 10:00:00;11.922461746652758;;;;;;;
2021-11-10 11:00:00;11.929339331226883;;;;;;;
2021-11-10 12:00:00;11.936212898815839;;;;;;;
2021-11-10 13:00:00;11.943082445883448;;;;;;;
2021-11-10 14:00:00;11.949947968895597;;;;;;;
2021-11-10 15:00:00;11.956809464320276;;;;;;;
2021-11-10 16:00:00;11.963666928627482;;;;;;;
2021-11-10 17:00:00;11.970520358289368;;;;;;;
2021-11-10 18:00:00;11.97736974978008;;;;;;;
2021-11-10 19:00:00;11.984215099575904;;;;;;;
2021-11-10 20:00:00;11.991056404155177;;;;;;;
2021-11-10 21:00:00;11.997893659998311;;;;;;;
2021-11-10 22:00:00;12.004726863587845;;;;;;;
2021-11-10 23:00:00;12.011556011408327;;;;;;;
2021-11-11 00:00:00;12.018381099946474;;;;;;;
2021-11-11 01:00:00;12.025202125691015;;;;;;;
2021-11-11 02:00:00;12.032019085132836;;;;;;;
2021-11-11 03:00:00;12.03883197476487;;;;;;;
2021-11-11 04:00:00;12.045640791082151;;;;;;;
2021-11-11 05:00:00;12.052445530581851;;;;;;;
2021-11-11 06:00:00;12.05924618976316;;;;;;;
2021-11-11 07:00:00;12.06604276512744;;;;;;;
2021-11-11 08:00:00;12.07283525317812;;;;;;;
2021-11-11 09:00:00;12.079623650420732;;;;;;;
2021-11-11 10:00:00;12.086407953362922;;;;;;;
2021-11-11 11:00:00;12.093188158514442;;;;;;;
2021-11-11 12:00:00;12.099964262387134;;;;;;;
2021-11-11 13:00:00;12.10673626149499;;;;;;;
2021-11-11 14:00:00;12.113504152354057;;;;;;;
2021-11-11 15:00:00;12.120267931482552;;;;;;;
2021-11-11 16:00:00;12.127027595400772;;;;;;;
2021-11-11 17:00:00;12.133783140631142;;;;;;;
2021-11-11 18:00:00;12.140534563698207;;;;;;;
2021-11-11 19:00:00;12.147281861128617;;;;;;;
2021-11-11 20:00:00;12.154025029451192;;;;;;;
2021-11-11 21:00:00;12.160764065196796;;;;;;;
2021-11-11 22:00:00;12.167498964898513;;;;;;;
2021-11-11 23:00:00;12.174229725091466;;;;;;;
2021-11-12 00:00:00;12.180956342312967;;;;;;;
2021-11-12 01:00:00;12.18767881310246;;;;;;;
2021-11-12 02:00:00;12.194397134001466;;;;;;;
2021-11-12 03:00:00;12.201111301553718;;;;;;;
2021-11-12 04:00:00;12.207821312305008;;;;;;;
2021-11-12 05:00:00;12.214527162803329;;;;;;;
2021-11-12 06:00:00;12.221228849598784;;;;;;;
2021-11-12 07:00:00;12.227926369243626;;;;;;;
2021-11-12 08:00:00;12.234619718292247;;;;;;;
2021-11-12 09:00:00;12.241308893301186;;;;;;;
2021-11-12 10:00:00;12.247993890829127;;;;;;;
2021-11-12 11:00:00;12.254674707436923;;;;;;;
2021-11-12 12:00:00;12.261351339687549;;;;;;;
2021-11-12 13:00:00;12.26802378414615;;;;;;;
2021-11-12 14:00:00;12.274692037380019;;;;;;;
2021-11-12 15:00:00;12.28135609595861;;;;;;;
2021-11-12 16:00:00;12.288015956453528;;;;;;;
2021-11-12 17:00:00;12.294671615438535;;;;;;;
2021-11-12 18:00:00;12.30132306948959;;;;;;;
2021-11-12 19:00:00;12.307970315184749;;;;;;;
2021-11-12 20:00:00;12.314613349104299;;;;;;;
2021-11-12 21:00:00;12.321252167830655;;;;;;;
2021-11-12 22:00:00;12.327886767948407;;;;;;;
2021-11-12 23:00:00;12.33451714604434;;;;;;;
2021-11-13 00:00:00;12.341143298707358;;;;;;;
2021-11-13 01:00:00;12.347765222528604;;;;;;;
2021-11-13 02:00:00;12.354382914101334;;;;;;;
2021-11-13 03:00:00;12.360996370021033;;;;;;;
2021-11-13 04:00:00;12.367605586885334;;;;;;;
2021-11-13 05:00:00;12.374210561294065;;;;;;;
2021-11-13 06:00:00;12.380811289849227;;;;;;;
2021-11-13 07:00:00;12.387407769155006;;;;;;;
2021-11-13 08:00:00;12.393999995817792;;;;;;;
2021-11-13 09:00:00;12.40058796644614;;;;;;;
2021-11-13 10:00:00;12.407171677650805;;;;;;;
2021-11-13 11:00:00;12.41375112604473;;;;;;;
2021-11-13 12:00:00;12.420326308243054;;;;;;;
2021-11-13 13:00:00;12.42689722086311;;;;;;;
2021-11-13 14:00:00;12.433463860524427;;;;;;;
2021-11-13 15:00:00;12.440026223848724;;;;;;;
2021-11-13 16:00:00;12.446584307459945;;;;;;;
2021-11-13 17:00:00;12.453138107984211;;;;;;;
2021-11-13 18:00:00;12.459687622049854;;;;;;;
2021-11-13 19:00:00;12.46623284628741;;;;;;;
2021-11-13 20:00:00;12.472773777329621;;;;;;;
2021-11-13 21:00:00;12.47931041181146;;;;;;;
2021-11-13 22:00:00;12.48584274637006;;;;;;;
2021-11-13 23:00:00;12.492370777644831;;;;;;;
2021-11-14 00:00:00;12.498894502277327;;;;;;;
2021-11-14 01:00:00;12.505413916911378;;;;;;;
2021-11-14 02:00:00;12.511929018193005;;;;;;;
2021-11-14 03:00:00;12.518439802770434;;;;;;;
2021-11-14 04:00:00;12.524946267294153;;;;;;;
2021-11-14 05:00:00;12.531448408416818;;;;;;;
2021-11-14 06:00:00;12.537946222793364;;;;;;;
2021-11-14 07:00:00;12.544439707080915;;;;;;;
2021-11-14 08:00:00;12.550928857938832;;;;;;;
2021-11-14 09:00:00;12.557413672028709;;;;;;;
2021-11-14 10:00:00;12.563894146014372;;;;;;;
2021-11-14 11:00:00;12.570370276561873;;;;;;;
2021-11-14 12:00:00;12.576842060339498;;;;;;;
2021-11-14 13:00:00;12.583309494017788;;;;;;;
2021-11-14 14:00:00;12.589772574269505;;;;;;;
2021-11-14 15:00:00;12.596231297769645;;;;;;;
2021-11-14 16:00:00;12.602685661195459;;;;;;;
2021-11-14 17:00:00;12.609135661226432;;;;;;;
2021-11-14 18:00:00;12.615581294544299;;;;;;;
2021-11-14 19:00:00;12.622022557833054;;;;;;;
2021-11-14 20:00:00;12.628459447778898;;;;;;;
2021-11-14 21:00:00;12.634891961070334;;;;;;;
2021-11-14 22:00:00;12.641320094398083;;;;;;;
2021-11-14 23:00:00;12.647743844455121;;;;;;;
2021-11-15 00:00:00;12.654163207936708;;;;;;;
2021-11-15 01:00:00;12.660578181540311;;;;;;;
2021-11-15 02:00:00;12.666988761965714;;;;;;;
2021-11-15 03:00:00;12.673394945914898;;;;;;;
2021-11-15 04:00:00;12.679796730092162;;;;;;;
2021-11-15 05:00:00;12.686194111204037;;;;;;;
2021-11-15 06:00:00;12.692587085959328;;;;;;;
2021-11-15 07:00:00;12.698975651069105;;;;;;;
2021-11-15 08:00:00;12.705359803246703;;;;;;;
2021-11-15 09:00:00;12.711739539207748;;;;;;;
2021-11-15 10:00:00;12.718114855670098;;;;;;;
2021-11-15 11:00:00;12.72448574935393;;;;;;;
2021-11-15 12:00:00;12.730852216981667;;;;;;;
2021-11-15 13:00:00;12.737214255278014;;;;;;;
2021-11-15 14:00:00;12.743571860969958;;;;;;;
2021-11-15 15:00:00;12.749925030786772;;;;;;;
2021-11-15 16:00:00;12.756273761459992;;;;;;;
2021-11-15 17:00:00;12.762618049723464;;;;;;;
2021-11-15 18:00:00;12.768957892313308;;;;;;;
2021-11-15 19:00:00;12.775293285967921;;;;;;;
2021-11-15 20:00:00;12.781624227427997;;;;;;;
2021-11-15 21:00:00;12.787950713436517;;;;;;;
2021-11-15 22:00:00;12.794272740738778;;;;;;;
2021-11-15 23:00:00;12.800590306082322;;;;;;;
2021-11-16 00:00:00;12.806903406217048;;;;;;;
2021-11-16 01:00:00;12.813212037895083;;;;;;;
2021-11-16 02:00:00;12.819516197870913;;;;;;;
2021-11-16 03:00:00;12.825815882901297;;;;;;;
2021-11-16 04:00:00;12.83211108974529;;;;;;;
2021-11-16 05:00:00;12.838401815164286;;;;;;;
2021-11-16 06:00:00;12.844688055921921;;;;;;;
2021-11-16 07:00:00;12.850969808784217;;;;;;;
2021-11-16 08:00:00;12.857247070519428;;;;;;;
2021-11-16 09:00:00;12.86351983789818;;;;;;;
2021-11-16 10:00:00;12.869788107693376;;;;;;;
2021-11-16 11:00:00;12.876051876680242;;;;;;;
2021-11-16 12:00:00;12.88231114163632;;;;;;;
2021-11-16 13:00:00;12.888565899341465;;;;;;;
2021-11-16 14:00:00;12.894816146577869;;;;;;;
2021-11-16 15:00:00;12.901061880130023;;;;;;;
2021-11-16 16:00:00;12.90730309678475;;;;;;;
2021-11-16 17:00:00;12.91353979333119;;;;;;;
2021-11-16 18:00:00;12.919771966560814;;;;;;;
2021-11-16 19:00:00;12.925999613267415;;;;;;;
2021-11-16 20:00:00;12.932222730247135;;;;;;;
2021-11-16 21:00:00;12.938441314298409;;;;;;;
2021-11-16 22:00:00;12.944655362222038;;;;;;;
2021-11-16 23:00:00;12.95086487082114;;;;;;;
2021-11-17 00:00:00;12.957069836901168;;;;;;;
2021-11-17 01:00:00;12.963270257269935;;;;;;;
2021-11-17 02:00:00;12.969466128737539;;;;;;;
2021-11-17 03:00:00;12.975657448116493;;;;;;;
2021-11-17 04:00:00;12.98184421222157;;;;;;;
2021-11-17 05:00:00;12.988026417869971;;;;;;;
2021-11-17 06:00:00;12.99420406188116;;;;;;;
2021-11-17 07:00:00;13.000377141077012;;;;;;;
2021-11-17 08:00:00;13.006545652281718;;;;;;;
2021-11-17 09:00:00;13.012709592321817;;;;;;;
2021-11-17 10:00:00;13.018868958026237;;;;;;;
2021-11-17 11:00:00;13.025023746226196;;;;;;;
2021-11-17 12:00:00;13.031173953755328;;;;;;;
2021-11-17 13:00:00;13.03731957744959;;;;;;;
2021-11-17 14:00:00;13.04346061414731;;;;;;;
2021-11-17 15:00:00;13.049597060689159;;;;;;;
2021-11-17 16:00:00;13.055728913918193;;;;;;;
2021-11-17 17:00:00;13.061856170679803;;;;;;;
2021-11-17 18:00:00;13.067978827821783;;;;;;;
2021-11-17 19:00:00;13.074096882194265;;;;;;;
2021-11-17 20:00:00;13.080210330649747;;;;;;;
2021-11-17 21:00:00;13.086319170043117;;;;;;;
2021-11-17 22:00:00;13.092423397231613;;;;;;;
2021-11-17 23:00:00;13.098523009074855;;;;;;;
2021-11-18 00:00:00;13.104618002434833;;;;;;;
2021-11-18 01:00:00;13.110708374175942;;;;;;;
2021-11-18 02:00:00;13.116794121164899;;;;;;;
2021-11-18 03:00:00;13.12287524027085;;;;;;;
2021-11-18 04:00:00;13.128951728365301;;;;;;;
2021-11-18 05:00:00;13.13502358232213;;;;;;;
2021-11-18 06:00:00;13.141090799017642;;;;;;;
2021-11-18 07:00:00;13.14715337533046;;;;;;;
2021-11-18 08:00:00;13.153211308141664;;;;;;;
2021-11-18 09:00:00;13.15926459433466;;;;;;;
2021-11-18 10:00:00;13.1653132307953;;;;;;;
2021-11-18 11:00:00;13.171357214411795;;;;;;;
2021-11-18 12:00:00;13.177396542074758;;;;;;;
2021-11-18 13:00:00;13.183431210677192;;;;;;;
2021-11-18 14:00:00;13.189461217114506;;;;;;;
2021-11-18 15:00:00;13.195486558284507;;;;;;;
2021-11-18 16:00:00;13.201507231087398;;;;;;;
2021-11-18 17:00:00;13.207523232425784;;;;;;;
2021-11-18 18:00:00;13.213534559204671;;;;;;;
2021-11-18 19:00:00;13.21954120833147;;;;;;;
2021-11-18 20:00:00;13.22554317671601;;;;;;;
2021-11-18 21:00:00;13.231540461270514;;;;;;;
2021-11-18 22:00:00;13.23753305890961;;;;;;;
2021-11-18 23:00:00;13.243520966550363;;;;;;;
2021-11-19 00:00:00;13.249504181112233;;;;;;;
2021-11-19 01:00:00;13.255482699517088;;;;;;;
2021-11-19 02:00:00;13.26145651868923;;;;;;;
2021-11-19 03:00:00;13.26742563555535;;;;;;;
2021-11-19 04:00:00;13.273390047044606;;;;;;;
2021-11-19 05:00:00;13.279349750088514;;;;;;;
2021-11-19 06:00:00;13.285304741621083;;;;;;;
2021-11-19 07:00:00;13.29125501857867;;;;;;;
2021-11-19 08:00:00;13.297200577900124;;;;;;;
2021-11-19 09:00:00;13.303141416526685;;;;;;;
2021-11-19 10:00:00;13.309077531402027;;;;;;;
2021-11-19 11:00:00;13.315008919472268;;;;;;;
2021-11-19 12:00:00;13.320935577685924;;;;;;;
2021-11-19 13:00:00;13.326857502993994;;;;;;;
2021-11-19 14:00:00;13.332774692349867;;;;;;;
2021-11-19 15:00:00;13.338687142709395;;;;;;;
2021-11-19 16:00:00;13.344594851030855;;;;;;;
2021-11-19 17:00:00;13.350497814274968;;;;;;;
2021-11-19 18:00:00;13.356396029404902;;;;;;;
2021-11-19 19:00:00;13.362289493386251;;;;;;;
2021-11-19 20:00:00;13.368178203187078;;;;;;;
2021-11-19 21:00:00;13.374062155777871;;;;;;;
2021-11-19 22:00:00;13.379941348131576;;;;;;;
2021-11-19 23:00:00;13.385815777223577;;;;;;;
2021-11-20 00:00:00;13.391685440031724;;;;;;;
2021-11-20 01:00:00;13.397550333536302;;;;;;;
2021-11-20 02:00:00;13.403410454720072;;;;;;;
2021-11-20 03:00:00;13.40926580056822;;;;;;;
2021-11-20 04:00:00;13.415116368068418;;;;;;;
2021-11-20 05:00:00;13.42096215421078;;;;;;;
2021-11-20 06:00:00;13.426803155987882;;;;;;;
2021-11-20 07:00:00;13.432639370394776;;;;;;;
2021-11-20 08:00:00;13.43847079442894;;;;;;;
2021-11-20 09:00:00;13.444297425090364;;;;;;;
2021-11-20 10:00:00;13.450119259381458;;;;;;;
2021-11-20 11:00:00;13.455936294307135;;;;;;;
2021-11-20 12:00:00;13.46174852687477;;;;;;;
2021-11-20 13:00:00;13.46755595409419;;;;;;;
2021-11-20 14:00:00;13.473358572977713;;;;;;;
2021-11-20 15:00:00;13.479156380540116;;;;;;;
2021-11-20 16:00:00;13.48494937379868;;;;;;;
2021-11-20 17:00:00;13.490737549773115;;;;;;;
2021-11-20 18:00:00;13.49652090548566;;;;;;;
2021-11-20 19:00:00;13.502299437960996;;;;;;;
2021-11-20 20:00:00;13.508073144226309;;;;;;;
2021-11-20 21:00:00;13.513842021311257;;;;;;;
2021-11-20 22:00:00;13.51960606624798;;;;;;;
2021-11-20 23:00:00;13.525365276071106;;;;;;;
2021-11-21 00:00:00;13.53111964781776;;;;;;;
2021-11-21 01:00:00;13.536869178527546;;;;;;;
2021-11-21 02:00:00;13.542613865242561;;;;;;;
2021-11-21 03:00:00;13.548353705007395;;;;;;;
2021-11-21 04:00:00;13.554088694869128;;;;;;;
2021-11-21 05:00:00;13.559818831877346;;;;;;;
2021-11-21 06:00:00;13.565544113084105;;;;;;;
2021-11-21 07:00:00;13.571264535544005;;;;;;;
2021-11-21 08:00:00;13.57698009631409;;;;;;;
2021-11-21 09:00:00;13.582690792453953;;;;;;;
2021-11-21 10:00:00;13.588396621025657;;;;;;;
2021-11-21 11:00:00;13.594097579093793;;;;;;;
2021-11-21 12:00:00;13.599793663725444;;;;;;;
2021-11-21 13:00:00;13.605484871990196;;;;;;;
2021-11-21 14:00:00;13.611171200960172;;;;;;;
2021-11-21 15:00:00;13.616852647709946;;;;;;;
2021-11-21 16:00:00;13.622529209316673;;;;;;;
2021-11-21 17:00:00;13.62820088285998;;;;;;;
2021-11-21 18:00:00;13.633867665422022;;;;;;;
2021-11-21 19:00:00;13.63952955408746;;;;;;;
2021-11-21 20:00:00;13.64518654594348;;;;;;;
2021-11-21 21:00:00;13.650838638079794;;;;;;;
2021-11-21 22:00:00;13.656485827588627;;;;;;;
2021-11-21 23:00:00;13.662128111564721;;;;;;;
2021-11-22 00:00:00;13.667765487105347;;;;;;;
2021-11-22 01:00:00;13.673397951310301;;;;;;;
2021-11-22 02:00:00;13.679025501281908;;;;;;;
2021-11-22 03:00:00;13.684648134125032;;;;;;;
2021-11-22 04:00:00;13.690265846947028;;;;;;;
2021-11-22 05:00:00;13.695878636857836;;;;;;;
2021-11-22 06:00:00;13.701486500969876;;;;;;;
2021-11-22 07:00:00;13.707089436398137;;;;;;;
2021-11-22 08:00:00;13.71268744026015;;;;;;;
2021-11-22 09:00:00;13.718280509675935;;;;;;;
2021-11-22 10:00:00;13.723868641768114;;;;;;;
2021-11-22 11:00:00;13.729451833661782;;;;;;;
2021-11-22 12:00:00;13.73503008248465;;;;;;;
2021-11-22 13:00:00;13.7406033853669;;;;;;;
2021-11-22 14:00:00;13.746171739441312;;;;;;;
2021-11-22 15:00:00;13.751735141843186;;;;;;;
2021-11-22 16:00:00;13.757293589710363;;;;;;;
2021-11-22 17:00:00;13.762847080183267;;;;;;;
2021-11-22 18:00:00;13.768395610404825;;;;;;;
2021-11-22 19:00:00;13.77393917752056;;;;;;;
2021-11-22 20:00:00;13.779477778678524;;;;;;;
2021-11-22 21:00:00;13.785011411029325;;;;;;;
2021-11-22 22:00:00;13.790540071726136;;;;;;;
2021-11-22 23:00:00;13.79606375792468;;;;;;;
2021-11-23 00:00:00;13.801582466783234;;;;;;;
2021-11-23 01:00:00;13.807096195462668;;;;;;;
2021-11-23 02:00:00;13.812604941126358;;;;;;;
2021-11-23 03:00:00;13.8181087009403;;;;;;;
2021-11-23 04:00:00;13.82360747207302;;;;;;;
2021-11-23 05:00:00;13.829101251695619;;;;;;;
2021-11-23 06:00:00;13.834590036981789;;;;;;;
2021-11-23 07:00:00;13.840073825107735;;;;;;;
2021-11-23 08:00:00;13.845552613252295;;;;;;;
2021-11-23 09:00:00;13.851026398596838;;;;;;;
2021-11-23 10:00:00;13.856495178325337;;;;;;;
2021-11-23 11:00:00;13.861958949624302;;;;;;;
2021-11-23 12:00:00;13.867417709682849;;;;;;;
2021-11-23 13:00:00;13.872871455692687;;;;;;;
2021-11-23 14:00:00;13.878320184848052;;;;;;;
2021-11-23 15:00:00;13.883763894345817;;;;;;;
2021-11-23 16:00:00;13.889202581385387;;;;;;;
2021-11-23 17:00:00;13.894636243168794;;;;;;;
2021-11-23 18:00:00;13.90006487690063;;;;;;;
2021-11-23 19:00:00;13.905488479788085;;;;;;;
2021-11-23 20:00:00;13.910907049040931;;;;;;;
2021-11-23 21:00:00;13.916320581871531;;;;;;;
2021-11-23 22:00:00;13.92172907549483;;;;;;;
2021-11-23 23:00:00;13.92713252712839;;;;;;;
2021-11-24 00:00:00;13.932530933992348;;;;;;;
2021-11-24 01:00:00;13.937924293309438;;;;;;;
2021-11-24 02:00:00;13.943312602304998;;;;;;;
2021-11-24 03:00:00;13.948695858206943;;;;;;;
2021-11-24 04:00:00;13.95407405824583;;;;;;;
2021-11-24 05:00:00;13.959447199654765;;;;;;;
2021-11-24 06:00:00;13.964815279669505;;;;;;;
2021-11-24 07:00:00;13.970178295528367;;;;;;;
2021-11-24 08:00:00;13.97553624447231;;;;;;;
2021-11-24 09:00:00;13.980889123744882;;;;;;;
2021-11-24 10:00:00;13.986236930592229;;;;;;;
2021-11-24 11:00:00;13.99157966226314;;;;;;;
2021-11-24 12:00:00;13.996917316008972;;;;;;;
2021-11-24 13:00:00;14.002249889083737;;;;;;;
2021-11-24 14:00:00;14.007577378744022;;;;;;;
2021-11-24 15:00:00;14.012899782249058;;;;;;;
2021-11-24 16:00:00;14.018217096860678;;;;;;;
2021-11-24 17:00:00;14.023529319843341;;;;;;;
2021-11-24 18:00:00;14.028836448464121;;;;;;;
2021-11-24 19:00:00;14.034138479992698;;;;;;;
2021-11-24 20:00:00;14.039435411701412;;;;;;;
2021-11-24 21:00:00;14.044727240865196;;;;;;;
2021-11-24 22:00:00;14.050013964761613;;;;;;;
2021-11-24 23:00:00;14.05529558067086;;;;;;;
2021-11-25 00:00:00;14.060572085875753;;;;;;;
2021-11-25 01:00:00;14.065843477661737;;;;;;;
2021-11-25 02:00:00;14.071109753316914;;;;;;;
2021-11-25 03:00:00;14.076370910131969;;;;;;;
2021-11-25 04:00:00;14.081626945400265;;;;;;;
2021-11-25 05:00:00;14.086877856417784;;;;;;;
2021-11-25 06:00:00;14.09212364048313;;;;;;;
2021-11-25 07:00:00;14.097364294897575;;;;;;;
2021-11-25 08:00:00;14.102599816964988;;;;;;;
2021-11-25 09:00:00;14.107830203991933;;;;;;;
2021-11-25 10:00:00;14.113055453287556;;;;;;;
2021-11-25 11:00:00;14.118275562163706;;;;;;;
2021-11-25 12:00:00;14.123490527934818;;;;;;;
2021-11-25 13:00:00;14.128700347918022;;;;;;;
2021-11-25 14:00:00;14.133905019433064;;;;;;;
2021-11-25 15:00:00;14.13910453980235;;;;;;;
2021-11-25 16:00:00;14.144298906350944;;;;;;;
2021-11-25 17:00:00;14.149488116406536;;;;;;;
2021-11-25 18:00:00;14.154672167299506;;;;;;;
2021-11-25 19:00:00;14.159851056362855;;;;;;;
2021-11-25 20:00:00;14.165024780932258;;;;;;;
2021-11-25 21:00:00;14.170193338346039;;;;;;;
2021-11-25 22:00:00;14.175356725945178;;;;;;;
2021-11-25 23:00:00;14.180514941073321;;;;;;;
2021-11-26 00:00:00;14.185667981076783;;;;;;;
2021-11-26 01:00:00;14.19081584330452;;;;;;;
2021-11-26 02:00:00;14.195958525108171;;;;;;;
2021-11-26 03:00:00;14.201096023842032;;;;;;;
2021-11-26 04:00:00;14.20622833686306;;;;;;;
2021-11-26 05:00:00;14.211355461530893;;;;;;;
2021-11-26 06:00:00;14.216477395207818;;;;;;;
2021-11-26 07:00:00;14.22159413525883;;;;;;;
2021-11-26 08:00:00;14.226705679051543;;;;;;;
2021-11-26 09:00:00;14.231812023956298;;;;;;;
2021-11-26 10:00:00;14.236913167346067;;;;;;;
2021-11-26 11:00:00;14.242009106596523;;;;;;;
2021-11-26 12:00:00;14.247099839086022;;;;;;;
2021-11-26 13:00:00;14.252185362195561;;;;;;;
2021-11-26 14:00:00;14.25726567330887;;;;;;;
2021-11-26 15:00:00;14.262340769812306;;;;;;;
2021-11-26 16:00:00;14.26741064909495;;;;;;;
2021-11-26 17:00:00;14.27247530854856;;;;;;;
2021-11-26 18:00:00;14.27753474556756;;;;;;;
2021-11-26 19:00:00;14.282588957549073;;;;;;;
2021-11-26 20:00:00;14.287637941892903;;;;;;;
2021-11-26 21:00:00;14.292681696001573;;;;;;;
2021-11-26 22:00:00;14.297720217280258;;;;;;;
2021-11-26 23:00:00;14.302753503136845;;;;;;;
2021-11-27 00:00:00;14.307781550981908;;;;;;;
2021-11-27 01:00:00;14.312804358228716;;;;;;;
2021-11-27 02:00:00;14.317821922293243;;;;;;;
2021-11-27 03:00:00;14.322834240594151;;;;;;;
2021-11-27 04:00:00;14.327841310552792;;;;;;;
2021-11-27 05:00:00;14.332843129593249;;;;;;;
2021-11-27 06:00:00;14.337839695142275;;;;;;;
2021-11-27 07:00:00;14.342831004629343;;;;;;;
2021-11-27 08:00:00;14.347817055486619;;;;;;;
2021-11-27 09:00:00;14.352797845148979;;;;;;;
2021-11-27 10:00:00;14.357773371054021;;;;;;;
2021-11-27 11:00:00;14.362743630642012;;;;;;;
2021-11-27 12:00:00;14.367708621355979;;;;;;;
2021-11-27 13:00:00;14.372668340641612;;;;;;;
2021-11-27 14:00:00;14.377622785947343;;;;;;;
2021-11-27 15:00:00;14.382571954724318;;;;;;;
2021-11-27 16:00:00;14.38751584442637;;;;;;;
2021-11-27 17:00:00;14.392454452510085;;;;;;;
2021-11-27 18:00:00;14.39738777643473;;;;;;;
2021-11-27 19:00:00;14.402315813662318;;;;;;;
2021-11-27 20:00:00;14.407238561657572;;;;;;;
2021-11-27 21:00:00;14.412156017887932;;;;;;;
2021-11-27 22:00:00;14.417068179823568;;;;;;;
2021-11-27 23:00:00;14.421975044937362;;;;;;;
2021-11-28 00:00:00;14.426876610704934;;;;;;;
2021-11-28 01:00:00;14.431772874604624;;;;;;;
2021-11-28 02:00:00;14.436663834117507;;;;;;;
2021-11-28 03:00:00;14.441549486727368;;;;;;;
2021-11-28 04:00:00;14.44642982992075;;;;;;;
2021-11-28 05:00:00;14.451304861186898;;;;;;;
2021-11-28 06:00:00;14.45617457801781;;;;;;;
2021-11-28 07:00:00;14.461038977908213;;;;;;;
2021-11-28 08:00:00;14.465898058355574;;;;;;;
2021-11-28 09:00:00;14.470751816860075;;;;;;;
2021-11-28 10:00:00;14.475600250924668;;;;;;;
2021-11-28 11:00:00;14.480443358055021;;;;;;;
2021-11-28 12:00:00;14.485281135759543;;;;;;;
2021-11-28 13:00:00;14.490113581549418;;;;;;;
2021-11-28 14:00:00;14.494940692938512;;;;;;;
2021-11-28 15:00:00;14.499762467443496;;;;;;;
2021-11-28 16:00:00;14.504578902583741;;;;;;;
2021-11-28 17:00:00;14.509389995881394;;;;;;;
2021-11-28 18:00:00;14.514195744861349;;;;;;;
2021-11-28 19:00:00;14.518996147051226;;;;;;;
2021-11-28 20:00:00;14.523791199981419;;;;;;;
2021-11-28 21:00:00;14.528580901185055;;;;;;;
2021-11-28 22:00:00;14.533365248198054;;;;;;;
2021-11-28 23:00:00;14.538144238559019;;;;;;;
2021-11-29 00:00:00;14.542917869809385;;;;;;;
2021-11-29 01:00:00;14.547686139493294;;;;;;;
2021-11-29 02:00:00;14.55244904515767;;;;;;;
2021-11-29 03:00:00;14.557206584352185;;;;;;;
2021-11-29 04:00:00;14.561958754629277;;;;;;;
2021-11-29 05:00:00;14.566705553544143;;;;;;;
2021-11-29 06:00:00;14.57144697865475;;;;;;;
2021-11-29 07:00:00;14.576183027521825;;;;;;;
2021-11-29 08:00:00;14.580913697708857;;;;;;;
2021-11-29 09:00:00;14.585638986782106;;;;;;;
2021-11-29 10:00:00;14.590358892310597;;;;;;;
2021-11-29 11:00:00;14.595073411866151;;;;;;;
2021-11-29 12:00:00;14.599782543023304;;;;;;;
2021-11-29 13:00:00;14.604486283359421;;;;;;;
2021-11-29 14:00:00;14.609184630454596;;;;;;;
2021-11-29 15:00:00;14.613877581891735;;;;;;;
2021-11-29 16:00:00;14.618565135256496;;;;;;;
2021-11-29 17:00:00;14.623247288137318;;;;;;;
2021-11-29 18:00:00;14.627924038125437;;;;;;;
2021-11-29 19:00:00;14.63259538281483;;;;;;;
2021-11-29 20:00:00;14.637261319802299;;;;;;;
2021-11-29 21:00:00;14.641921846687383;;;;;;;
2021-11-29 22:00:00;14.646576961072453;;;;;;;
2021-11-29 23:00:00;14.651226660562621;;;;;;;
2021-11-30 00:00:00;14.655870942765816;;;;;;;
2021-11-30 01:00:00;14.660509805292731;;;;;;;
2021-11-30 02:00:00;14.665143245756852;;;;;;;
2021-11-30 03:00:00;14.669771261774478;;;;;;;
2021-11-30 04:00:00;14.674393850964675;;;;;;;
2021-11-30 05:00:00;14.6790110109493;;;;;;;
2021-11-30 06:00:00;14.683622739353014;;;;;;;
2021-11-30 07:00:00;14.688229033803262;;;;;;;
2021-11-30 08:00:00;14.692829891930293;;;;;;;
2021-11-30 09:00:00;14.697425311367159;;;;;;;
2021-11-30 10:00:00;14.702015289749687;;;;;;;
2021-11-30 11:00:00;14.70659982471653;;;;;;;
2021-11-30 12:00:00;14.71117891390912;;;;;;;
2021-11-30 13:00:00;14.715752554971697;;;;;;;
2021-11-30 14:00:00;14.720320745551321;;;;;;;
2021-11-30 15:00:00;14.724883483297823;;;;;;;
2021-11-30 16:00:00;14.729440765863881;;;;;;;
2021-11-30 17:00:00;14.733992590904924;;;;;;;
2021-11-30 18:00:00;14.738538956079251;;;;;;;
2021-11-30 19:00:00;14.743079859047914;;;;;;;
2021-11-30 20:00:00;14.747615297474821;;;;;;;
2021-11-30 21:00:00;14.75214526902666;;;;;;;
2021-11-30 22:00:00;14.756669771372941;;;;;;;
2021-11-30 23:00:00;14.761188802186005;;;;;;;
2021-12-01 00:00:00;14.76570235914097;;;;;;;
2021-12-01 01:00:00;14.770210439915807;;;;;;;
2021-12-01 02:00:00;14.774713042191287;;;;;;;
2021-12-01 03:00:00;14.779210163650996;;;;;;;
2021-12-01 04:00:00;14.783701801981348;;;;;;;
2021-12-01 05:00:00;14.788187954871583;;;;;;;
2021-12-01 06:00:00;14.792668620013739;;;;;;;
2021-12-01 07:00:00;14.79714379510271;;;;;;;
2021-12-01 08:00:00;14.801613477836192;;;;;;;
2021-12-01 09:00:00;14.806077665914708;;;;;;;
2021-12-01 10:00:00;14.810536357041624;;;;;;;
2021-12-01 11:00:00;14.8149895489231;;;;;;;
2021-12-01 12:00:00;14.81943723926818;;;;;;;
2021-12-01 13:00:00;14.823879425788675;;;;;;;
2021-12-01 14:00:00;14.828316106199274;;;;;;;
2021-12-01 15:00:00;14.832747278217484;;;;;;;
2021-12-01 16:00:00;14.837172939563638;;;;;;;
2021-12-01 17:00:00;14.841593087960913;;;;;;;
2021-12-01 18:00:00;14.846007721135315;;;;;;;
2021-12-01 19:00:00;14.850416836815715;;;;;;;
2021-12-01 20:00:00;14.854820432733767;;;;;;;
2021-12-01 21:00:00;14.859218506624028;;;;;;;
2021-12-01 22:00:00;14.863611056223837;;;;;;;
2021-12-01 23:00:00;14.867998079273423;;;;;;;
2021-12-02 00:00:00;14.872379573515838;;;;;;;
2021-12-02 01:00:00;14.87675553669697;;;;;;;
2021-12-02 02:00:00;14.881125966565568;;;;;;;
2021-12-02 03:00:00;14.885490860873212;;;;;;;
2021-12-02 04:00:00;14.88985021737435;;;;;;;
2021-12-02 05:00:00;14.894204033826272;;;;;;;
2021-12-02 06:00:00;14.8985523079891;;;;;;;
2021-12-02 07:00:00;14.902895037625825;;;;;;;
2021-12-02 08:00:00;14.907232220502296;;;;;;;
2021-12-02 09:00:00;14.911563854387195;;;;;;;
2021-12-02 10:00:00;14.915889937052082;;;;;;;
2021-12-02 11:00:00;14.920210466271346;;;;;;;
2021-12-02 12:00:00;14.924525439822256;;;;;;;
2021-12-02 13:00:00;14.92883485548494;;;;;;;
2021-12-02 14:00:00;14.933138711042364;;;;;;;
2021-12-02 15:00:00;14.937437004280373;;;;;;;
2021-12-02 16:00:00;14.941729732987657;;;;;;;
2021-12-02 17:00:00;14.946016894955802;;;;;;;
2021-12-02 18:00:00;14.950298487979207;;;;;;;
2021-12-02 19:00:00;14.954574509855194;;;;;;;
2021-12-02 20:00:00;14.958844958383892;;;;;;;
2021-12-02 21:00:00;14.963109831368346;;;;;;;
2021-12-02 22:00:00;14.967369126614447;;;;;;;
2021-12-02 23:00:00;14.971622841930953;;;;;;;
2021-12-03 00:00:00;14.975870975129506;;;;;;;
2021-12-03 01:00:00;14.9801135240246;;;;;;;
2021-12-03 02:00:00;14.98435048643362;;;;;;;
2021-12-03 03:00:00;14.98858186017683;;;;;;;
2021-12-03 04:00:00;14.992807643077336;;;;;;;
2021-12-03 05:00:00;14.997027832961164;;;;;;;
2021-12-03 06:00:00;15.001242427657184;;;;;;;
2021-12-03 07:00:00;15.00545142499715;;;;;;;
2021-12-03 08:00:00;15.009654822815717;;;;;;;
2021-12-03 09:00:00;15.013852618950398;;;;;;;
2021-12-03 10:00:00;15.018044811241593;;;;;;;
2021-12-03 11:00:00;15.022231397532593;;;;;;;
2021-12-03 12:00:00;15.026412375669562;;;;;;;
2021-12-03 13:00:00;15.030587743501556;;;;;;;
2021-12-03 14:00:00;15.034757498880511;;;;;;;
2021-12-03 15:00:00;15.038921639661272;;;;;;;
2021-12-03 16:00:00;15.043080163701532;;;;;;;
2021-12-03 17:00:00;15.047233068861924;;;;;;;
2021-12-03 18:00:00;15.051380353005921;;;;;;;
2021-12-03 19:00:00;15.055522013999918;;;;;;;
2021-12-03 20:00:00;15.059658049713208;;;;;;;
2021-12-03 21:00:00;15.063788458017948;;;;;;;
2021-12-03 22:00:00;15.067913236789233;;;;;;;
2021-12-03 23:00:00;15.072032383905006;;;;;;;
2021-12-04 00:00:00;15.076145897246146;;;;;;;
2021-12-04 01:00:00;15.08025377469641;;;;;;;
2021-12-04 02:00:00;15.084356014142461;;;;;;;
2021-12-04 03:00:00;15.088452613473859;;;;;;;
2021-12-04 04:00:00;15.092543570583063;;;;;;;
2021-12-04 05:00:00;15.096628883365451;;;;;;;
2021-12-04 06:00:00;15.100708549719295;;;;;;;
2021-12-04 07:00:00;15.104782567545765;;;;;;;
2021-12-04 08:00:00;15.108850934748935;;;;;;;
2021-12-04 09:00:00;15.112913649235802;;;;;;;
2021-12-04 10:00:00;15.116970708916265;;;;;;;
2021-12-04 11:00:00;15.121022111703118;;;;;;;
2021-12-04 12:00:00;15.125067855512084;;;;;;;
2021-12-04 13:00:00;15.129107938261795;;;;;;;
2021-12-04 14:00:00;15.133142357873778;;;;;;;
2021-12-04 15:00:00;15.137171112272501;;;;;;;
2021-12-04 16:00:00;15.141194199385323;;;;;;;
2021-12-04 17:00:00;15.145211617142524;;;;;;;
2021-12-04 18:00:00;15.149223363477315;;;;;;;
2021-12-04 19:00:00;15.1532294363258;;;;;;;
2021-12-04 20:00:00;15.157229833627031;;;;;;;
2021-12-04 21:00:00;15.161224553322942;;;;;;;
2021-12-04 22:00:00;15.165213593358429;;;;;;;
2021-12-04 23:00:00;15.169196951681284;;;;;;;
2021-12-05 00:00:00;15.173174626242231;;;;;;;
2021-12-05 01:00:00;15.17714661499492;;;;;;;
2021-12-05 02:00:00;15.18111291589591;;;;;;;
2021-12-05 03:00:00;15.185073526904702;;;;;;;
2021-12-05 04:00:00;15.189028445983734;;;;;;;
2021-12-05 05:00:00;15.192977671098346;;;;;;;
2021-12-05 06:00:00;15.196921200216819;;;;;;;
2021-12-05 07:00:00;15.200859031310372;;;;;;;
2021-12-05 08:00:00;15.204791162353152;;;;;;;
2021-12-05 09:00:00;15.208717591322223;;;;;;;
2021-12-05 10:00:00;15.212638316197594;;;;;;;
2021-12-05 11:00:00;15.216553334962233;;;;;;;
2021-12-05 12:00:00;15.220462645601996;;;;;;;
2021-12-05 13:00:00;15.224366246105706;;;;;;;
2021-12-05 14:00:00;15.228264134465125;;;;;;;
2021-12-05 15:00:00;15.232156308674927;;;;;;;
2021-12-05 16:00:00;15.236042766732773;;;;;;;
2021-12-05 17:00:00;15.239923506639208;;;;;;;
2021-12-05 18:00:00;15.243798526397768;;;;;;;
2021-12-05 19:00:00;15.247667824014894;;;;;;;
2021-12-05 20:00:00;15.251531397499997;;;;;;;
2021-12-05 21:00:00;15.25538924486543;;;;;;;
2021-12-05 22:00:00;15.259241364126474;;;;;;;
2021-12-05 23:00:00;15.263087753301374;;;;;;;
2021-12-06 00:00:00;15.26692841041131;;;;;;;
2021-12-06 01:00:00;15.270763333480428;;;;;;;
2021-12-06 02:00:00;15.274592520535807;;;;;;;
2021-12-06 03:00:00;15.278415969607483;;;;;;;
2021-12-06 04:00:00;15.282233678728451;;;;;;;
2021-12-06 05:00:00;15.286045645934646;;;;;;;
2021-12-06 06:00:00;15.289851869264977;;;;;;;
2021-12-06 07:00:00;15.293652346761274;;;;;;;
2021-12-06 08:00:00;15.29744707646836;;;;;;;
2021-12-06 09:00:00;15.301236056433995;;;;;;;
2021-12-06 10:00:00;15.305019284708898;;;;;;;
2021-12-06 11:00:00;15.308796759346755;;;;;;;
2021-12-06 12:00:00;15.312568478404204;;;;;;;
2021-12-06 13:00:00;15.316334439940839;;;;;;;
2021-12-06 14:00:00;15.320094642019242;;;;;;;
2021-12-06 15:00:00;15.323849082704918;;;;;;;
2021-12-06 16:00:00;15.327597760066375;;;;;;;
2021-12-06 17:00:00;15.33134067217506;;;;;;;
2021-12-06 18:00:00;15.335077817105404;;;;;;;
2021-12-06 19:00:00;15.338809192934791;;;;;;;
2021-12-06 20:00:00;15.342534797743564;;;;;;;
2021-12-06 21:00:00;15.34625462961508;;;;;;;
2021-12-06 22:00:00;15.3499686866356;;;;;;;
2021-12-06 23:00:00;15.353676966894419;;;;;;;
2021-12-07 00:00:00;15.357379468483757;;;;;;;
2021-12-07 01:00:00;15.36107618949883;;;;;;;
2021-12-07 02:00:00;15.364767128037837;;;;;;;
2021-12-07 03:00:00;15.368452282201917;;;;;;;
2021-12-07 04:00:00;15.372131650095223;;;;;;;
2021-12-07 05:00:00;15.37580522982485;;;;;;;
2021-12-07 06:00:00;15.379473019500907;;;;;;;
2021-12-07 07:00:00;15.383135017236457;;;;;;;
2021-12-07 08:00:00;15.386791221147547;;;;;;;
2021-12-07 09:00:00;15.390441629353207;;;;;;;
2021-12-07 10:00:00;15.394086239975445;;;;;;;
2021-12-07 11:00:00;15.397725051139263;;;;;;;
2021-12-07 12:00:00;15.401358060972635;;;;;;;
2021-12-07 13:00:00;15.404985267606525;;;;;;;
2021-12-07 14:00:00;15.408606669174878;;;;;;;
2021-12-07 15:00:00;15.412222263814627;;;;;;;
2021-12-07 16:00:00;15.415832049665692;;;;;;;
2021-12-07 17:00:00;15.419436024871;;;;;;;
2021-12-07 18:00:00;15.423034187576423;;;;;;;
2021-12-07 19:00:00;15.426626535930875;;;;;;;
2021-12-07 20:00:00;15.43021306808622;;;;;;;
2021-12-07 21:00:00;15.433793782197336;;;;;;;
2021-12-07 22:00:00;15.437368676422103;;;;;;;
2021-12-07 23:00:00;15.440937748921357;;;;;;;
2021-12-08 00:00:00;15.44450099785898;;;;;;;
2021-12-08 01:00:00;15.448058421401791;;;;;;;
2021-12-08 02:00:00;15.451610017719672;;;;;;;
2021-12-08 03:00:00;15.455155784985447;;;;;;;
2021-12-08 04:00:00;15.458695721374966;;;;;;;
2021-12-08 05:00:00;15.462229825067086;;;;;;;
2021-12-08 06:00:00;15.465758094243633;;;;;;;
2021-12-08 07:00:00;15.469280527089467;;;;;;;
2021-12-08 08:00:00;15.472797121792425;;;;;;;
2021-12-08 09:00:00;15.476307876543377;;;;;;;
2021-12-08 10:00:00;15.479812789536172;;;;;;;
2021-12-08 11:00:00;15.483311858967673;;;;;;;
2021-12-08 12:00:00;15.486805083037753;;;;;;;
2021-12-08 13:00:00;15.490292459949277;;;;;;;
2021-12-08 14:00:00;15.49377398790814;;;;;;;
2021-12-08 15:00:00;15.497249665123244;;;;;;;
2021-12-08 16:00:00;15.500719489806471;;;;;;;
2021-12-08 17:00:00;15.50418346017275;;;;;;;
2021-12-08 18:00:00;15.507641574440003;;;;;;;
2021-12-08 19:00:00;15.511093830829171;;;;;;;
2021-12-08 20:00:00;15.514540227564197;;;;;;;
2021-12-08 21:00:00;15.517980762872062;;;;;;;
2021-12-08 22:00:00;15.521415434982746;;;;;;;
2021-12-08 23:00:00;15.52484424212924;;;;;;;
2021-12-09 00:00:00;15.528267182547568;;;;;;;
2021-12-09 01:00:00;15.53168425447676;;;;;;;
2021-12-09 02:00:00;15.53509545615887;;;;;;;
2021-12-09 03:00:00;15.538500785838979;;;;;;;
2021-12-09 04:00:00;15.541900241765166;;;;;;;
2021-12-09 05:00:00;15.545293822188565;;;;;;;
2021-12-09 06:00:00;15.5486815253633;;;;;;;
2021-12-09 07:00:00;15.552063349546549;;;;;;;
2021-12-09 08:00:00;15.555439292998484;;;;;;;
2021-12-09 09:00:00;15.558809353982324;;;;;;;
2021-12-09 10:00:00;15.562173530764314;;;;;;;
2021-12-09 11:00:00;15.565531821613709;;;;;;;
2021-12-09 12:00:00;15.568884224802805;;;;;;;
2021-12-09 13:00:00;15.572230738606933;;;;;;;
2021-12-09 14:00:00;15.575571361304442;;;;;;;
2021-12-09 15:00:00;15.578906091176712;;;;;;;
2021-12-09 16:00:00;15.582234926508166;;;;;;;
2021-12-09 17:00:00;15.585557865586242;;;;;;;
2021-12-09 18:00:00;15.588874906701431;;;;;;;
2021-12-09 19:00:00;15.592186048147235;;;;;;;
2021-12-09 20:00:00;15.595491288220225;;;;;;;
2021-12-09 21:00:00;15.59879062521997;;;;;;;
2021-12-09 22:00:00;15.602084057449094;;;;;;;
2021-12-09 23:00:00;15.605371583213273;;;;;;;
2021-12-10 00:00:00;15.608653200821191;;;;;;;
2021-12-10 01:00:00;15.611928908584597;;;;;;;
2021-12-10 02:00:00;15.61519870481826;;;;;;;
2021-12-10 03:00:00;15.618462587840025;;;;;;;
2021-12-10 04:00:00;15.621720555970725;;;;;;;
2021-12-10 05:00:00;15.624972607534287;;;;;;;
2021-12-10 06:00:00;15.628218740857655;;;;;;;
2021-12-10 07:00:00;15.63145895427082;;;;;;;
2021-12-10 08:00:00;15.634693246106824;;;;;;;
2021-12-10 09:00:00;15.637921614701751;;;;;;;
2021-12-10 10:00:00;15.641144058394744;;;;;;;
2021-12-10 11:00:00;15.644360575527978;;;;;;;
2021-12-10 12:00:00;15.647571164446688;;;;;;;
2021-12-10 13:00:00;15.650775823499155;;;;;;;
2021-12-10 14:00:00;15.653974551036699;;;;;;;
2021-12-10 15:00:00;15.657167345413715;;;;;;;
2021-12-10 16:00:00;15.660354204987636;;;;;;;
2021-12-10 17:00:00;15.663535128118951;;;;;;;
2021-12-10 18:00:00;15.6667101131712;;;;;;;
2021-12-10 19:00:00;15.669879158510982;;;;;;;
2021-12-10 20:00:00;15.673042262507956;;;;;;;
2021-12-10 21:00:00;15.67619942353482;;;;;;;
2021-12-10 22:00:00;15.679350639967348;;;;;;;
2021-12-10 23:00:00;15.68249591018437;;;;;;;
2021-12-11 00:00:00;15.68563523256776;;;;;;;
2021-12-11 01:00:00;15.688768605502476;;;;;;;
2021-12-11 02:00:00;15.691896027376512;;;;;;;
2021-12-11 03:00:00;15.69501749658094;;;;;;;
2021-12-11 04:00:00;15.698133011509885;;;;;;;
2021-12-11 05:00:00;15.701242570560547;;;;;;;
2021-12-11 06:00:00;15.704346172133182;;;;;;;
2021-12-11 07:00:00;15.7074438146311;;;;;;;
2021-12-11 08:00:00;15.710535496460697;;;;;;;
2021-12-11 09:00:00;15.71362121603143;;;;;;;
2021-12-11 10:00:00;15.716700971755813;;;;;;;
2021-12-11 11:00:00;15.719774762049443;;;;;;;
2021-12-11 12:00:00;15.722842585330978;;;;;;;
2021-12-11 13:00:00;15.725904440022129;;;;;;;
2021-12-11 14:00:00;15.728960324547712;;;;;;;
2021-12-11 15:00:00;15.732010237335599;;;;;;;
2021-12-11 16:00:00;15.735054176816723;;;;;;;
2021-12-11 17:00:00;15.738092141425096;;;;;;;
2021-12-11 18:00:00;15.741124129597816;;;;;;;
2021-12-11 19:00:00;15.744150139775048;;;;;;;
2021-12-11 20:00:00;15.747170170400018;;;;;;;
2021-12-11 21:00:00;15.750184219919065;;;;;;;
2021-12-11 22:00:00;15.753192286781553;;;;;;;
2021-12-11 23:00:00;15.756194369439973;;;;;;;
2021-12-12 00:00:00;15.759190466349866;;;;;;;
2021-12-12 01:00:00;15.762180575969856;;;;;;;
2021-12-12 02:00:00;15.765164696761667;;;;;;;
2021-12-12 03:00:00;15.768142827190069;;;;;;;
2021-12-12 04:00:00;15.771114965722953;;;;;;;
2021-12-12 05:00:00;15.774081110831254;;;;;;;
2021-12-12 06:00:00;15.777041260989026;;;;;;;
2021-12-12 07:00:00;15.779995414673376;;;;;;;
2021-12-12 08:00:00;15.782943570364521;;;;;;;
2021-12-12 09:00:00;15.785885726545756;;;;;;;
2021-12-12 10:00:00;15.788821881703441;;;;;;;
2021-12-12 11:00:00;15.791752034327065;;;;;;;
2021-12-12 12:00:00;15.794676182909162;;;;;;;
2021-12-12 13:00:00;15.797594325945393;;;;;;;
2021-12-12 14:00:00;15.800506461934477;;;;;;;
2021-12-12 15:00:00;15.803412589378246;;;;;;;
2021-12-12 16:00:00;15.806312706781604;;;;;;;
2021-12-12 17:00:00;15.809206812652569;;;;;;;
2021-12-12 18:00:00;15.81209490550222;;;;;;;
2021-12-12 19:00:00;15.81497698384478;;;;;;;
2021-12-12 20:00:00;15.81785304619751;;;;;;;
2021-12-12 21:00:00;15.820723091080794;;;;;;;
2021-12-12 22:00:00;15.823587117018125;;;;;;;
2021-12-12 23:00:00;15.826445122536057;;;;;;;
2021-12-13 00:00:00;15.829297106164276;;;;;;;
2021-12-13 01:00:00;15.832143066435538;;;;;;;
2021-12-13 02:00:00;15.834983001885725;;;;;;;
2021-12-13 03:00:00;15.83781691105379;;;;;;;
2021-12-13 04:00:00;15.840644792481807;;;;;;;
2021-12-13 05:00:00;15.843466644714947;;;;;;;
2021-12-13 06:00:00;15.846282466301476;;;;;;;
2021-12-13 07:00:00;15.849092255792776;;;;;;;
2021-12-13 08:00:00;15.851896011743303;;;;;;;
2021-12-13 09:00:00;15.854693732710661;;;;;;;
2021-12-13 10:00:00;15.85748541725551;;;;;;;
2021-12-13 11:00:00;15.86027106394166;;;;;;;
2021-12-13 12:00:00;15.863050671336007;;;;;;;
2021-12-13 13:00:00;15.865824238008543;;;;;;;
2021-12-13 14:00:00;15.868591762532386;;;;;;;
2021-12-13 15:00:00;15.87135324348375;;;;;;;
2021-12-13 16:00:00;15.874108679441974;;;;;;;
2021-12-13 17:00:00;15.876858068989492;;;;;;;
2021-12-13 18:00:00;15.87960141071185;;;;;;;
2021-12-13 19:00:00;15.882338703197716;;;;;;;
2021-12-13 20:00:00;15.885069945038854;;;;;;;
2021-12-13 21:00:00;15.887795134830151;;;;;;;
2021-12-13 22:00:00;15.89051427116962;;;;;;;
2021-12-13 23:00:00;15.89322735265835;;;;;;;
2021-12-14 00:00:00;15.895934377900591;;;;;;;
2021-12-14 01:00:00;15.89863534550368;;;;;;;
2021-12-14 02:00:00;15.901330254078069;;;;;;;
2021-12-14 03:00:00;15.904019102237354;;;;;;;
2021-12-14 04:00:00;15.906701888598215;;;;;;;
2021-12-14 05:00:00;15.909378611780472;;;;;;;
2021-12-14 06:00:00;15.912049270407056;;;;;;;
2021-12-14 07:00:00;15.914713863104025;;;;;;;
2021-12-14 08:00:00;15.917372388500544;;;;;;;
2021-12-14 09:00:00;15.920024845228916;;;;;;;
2021-12-14 10:00:00;15.922671231924555;;;;;;;
2021-12-14 11:00:00;15.925311547226004;;;;;;;
2021-12-14 12:00:00;15.927945789774931;;;;;;;
2021-12-14 13:00:00;15.930573958216113;;;;;;;
2021-12-14 14:00:00;15.93319605119747;;;;;;;
2021-12-14 15:00:00;15.935812067370035;;;;;;;
2021-12-14 16:00:00;15.93842200538798;;;;;;;
2021-12-14 17:00:00;15.941025863908596;;;;;;;
2021-12-14 18:00:00;15.943623641592295;;;;;;;
2021-12-14 19:00:00;15.946215337102624;;;;;;;
2021-12-14 20:00:00;15.948800949106273;;;;;;;
2021-12-14 21:00:00;15.951380476273036;;;;;;;
2021-12-14 22:00:00;15.953953917275847;;;;;;;
2021-12-14 23:00:00;15.95652127079079;;;;;;;
2021-12-15 00:00:00;15.95908253549705;;;;;;;
2021-12-15 01:00:00;15.961637710076971;;;;;;;
2021-12-15 02:00:00;15.964186793216;;;;;;;
2021-12-15 03:00:00;15.966729783602759;;;;;;;
2021-12-15 04:00:00;15.969266679928962;;;;;;;
2021-12-15 05:00:00;15.971797480889485;;;;;;;
2021-12-15 06:00:00;15.974322185182334;;;;;;;
2021-12-15 07:00:00;15.976840791508652;;;;;;;
2021-12-15 08:00:00;15.979353298572713;;;;;;;
2021-12-15 09:00:00;15.98185970508193;;;;;;;
2021-12-15 10:00:00;15.984360009746874;;;;;;;
2021-12-15 11:00:00;15.98685421128121;;;;;;;
2021-12-15 12:00:00;15.989342308401795;;;;;;;
2021-12-15 13:00:00;15.991824299828597;;;;;;;
2021-12-15 14:00:00;15.994300184284723;;;;;;;
2021-12-15 15:00:00;15.99676996049644;;;;;;;
2021-12-15 16:00:00;15.999233627193142;;;;;;;
2021-12-15 17:00:00;16.001691183107372;;;;;;;
2021-12-15 18:00:00;16.004142626974822;;;;;;;
2021-12-15 19:00:00;16.00658795753431;;;;;;;
2021-12-15 20:00:00;16.009027173527826;;;;;;;
2021-12-15 21:00:00;16.011460273700482;;;;;;;
2021-12-15 22:00:00;16.013887256800544;;;;;;;
2021-12-15 23:00:00;16.01630812157943;;;;;;;
2021-12-16 00:00:00;16.01872286679171;;;;;;;
2021-12-16 01:00:00;16.021131491195074;;;;;;;
2021-12-16 02:00:00;16.02353399355041;;;;;;;
2021-12-16 03:00:00;16.025930372621694;;;;;;;
2021-12-16 04:00:00;16.028320627176118;;;;;;;
2021-12-16 05:00:00;16.03070475598396;;;;;;;
2021-12-16 06:00:00;16.033082757818715;;;;;;;
2021-12-16 07:00:00;16.035454631456968;;;;;;;
2021-12-16 08:00:00;16.037820375678503;;;;;;;
2021-12-16 09:00:00;16.040179989266225;;;;;;;
2021-12-16 10:00:00;16.042533471006223;;;;;;;
2021-12-16 11:00:00;16.044880819687716;;;;;;;
2021-12-16 12:00:00;16.047222034103086;;;;;;;
2021-12-16 13:00:00;16.049557113047875;;;;;;;
2021-12-16 14:00:00;16.05188605532078;;;;;;;
2021-12-16 15:00:00;16.054208859723655;;;;;;;
2021-12-16 16:00:00;16.056525525061502;;;;;;;
2021-12-16 17:00:00;16.0588360501425;;;;;;;
2021-12-16 18:00:00;16.061140433777965;;;;;;;
2021-12-16 19:00:00;16.063438674782397;;;;;;;
2021-12-16 20:00:00;16.065730771973435;;;;;;;
2021-12-16 21:00:00;16.06801672417189;;;;;;;
2021-12-16 22:00:00;16.070296530201723;;;;;;;
2021-12-16 23:00:00;16.072570188890083;;;;;;;
2021-12-17 00:00:00;16.07483769906725;;;;;;;
2021-12-17 01:00:00;16.077099059566685;;;;;;;
2021-12-17 02:00:00;16.079354269225007;;;;;;;
2021-12-17 03:00:00;16.081603326882;;;;;;;
2021-12-17 04:00:00;16.083846231380626;;;;;;;
2021-12-17 05:00:00;16.086082981566978;;;;;;;
2021-12-17 06:00:00;16.088313576290357;;;;;;;
2021-12-17 07:00:00;16.090538014403208;;;;;;;
2021-12-17 08:00:00;16.092756294761138;;;;;;;
2021-12-17 09:00:00;16.094968416222937;;;;;;;
2021-12-17 10:00:00;16.097174377650564;;;;;;;
2021-12-17 11:00:00;16.09937417790913;;;;;;;
2021-12-17 12:00:00;16.10156781586693;;;;;;;
2021-12-17 13:00:00;16.103755290395423;;;;;;;
2021-12-17 14:00:00;16.105936600369244;;;;;;;
2021-12-17 15:00:00;16.108111744666196;;;;;;;
2021-12-17 16:00:00;16.11028072216726;;;;;;;
2021-12-17 17:00:00;16.112443531756572;;;;;;;
2021-12-17 18:00:00;16.114600172321456;;;;;;;
2021-12-17 19:00:00;16.116750642752415;;;;;;;
2021-12-17 20:00:00;16.118894941943115;;;;;;;
2021-12-17 21:00:00;16.1210330687904;;;;;;;
2021-12-17 22:00:00;16.123165022194282;;;;;;;
2021-12-17 23:00:00;16.125290801057968;;;;;;;
2021-12-18 00:00:00;16.12741040428783;;;;;;;
2021-12-18 01:00:00;16.1295238307934;;;;;;;
2021-12-18 02:00:00;16.13163107948743;;;;;;;
2021-12-18 03:00:00;16.1337321492858;;;;;;;
2021-12-18 04:00:00;16.135827039107618;;;;;;;
2021-12-18 05:00:00;16.13791574787512;;;;;;;
2021-12-18 06:00:00;16.139998274513776;;;;;;;
2021-12-18 07:00:00;16.142074617952197;;;;;;;
2021-12-18 08:00:00;16.144144777122186;;;;;;;
2021-12-18 09:00:00;16.146208750958735;;;;;;;
2021-12-18 10:00:00;16.14826653840001;;;;;;;
2021-12-18 11:00:00;16.150318138387355;;;;;;;
2021-12-18 12:00:00;16.15236354986531;;;;;;;
2021-12-18 13:00:00;16.154402771781598;;;;;;;
2021-12-18 14:00:00;16.15643580308712;;;;;;;
2021-12-18 15:00:00;16.15846264273595;;;;;;;
2021-12-18 16:00:00;16.160483289685377;;;;;;;
2021-12-18 17:00:00;16.162497742895845;;;;;;;
2021-12-18 18:00:00;16.16450600133101;;;;;;;
2021-12-18 19:00:00;16.1665080639577;;;;;;;
2021-12-18 20:00:00;16.168503929745935;;;;;;;
2021-12-18 21:00:00;16.170493597668916;;;;;;;
2021-12-18 22:00:00;16.172477066703042;;;;;;;
2021-12-18 23:00:00;16.174454335827903;;;;;;;
2021-12-19 00:00:00;16.17642540402626;;;;;;;
2021-12-19 01:00:00;16.178390270284094;;;;;;;
2021-12-19 02:00:00;16.180348933590555;;;;;;;
2021-12-19 03:00:00;16.18230139293798;;;;;;;
2021-12-19 04:00:00;16.18424764732192;;;;;;;
2021-12-19 05:00:00;16.1861876957411;;;;;;;
2021-12-19 06:00:00;16.188121537197443;;;;;;;
2021-12-19 07:00:00;16.190049170696064;;;;;;;
2021-12-19 08:00:00;16.19197059524527;;;;;;;
2021-12-19 09:00:00;16.193885809856564;;;;;;;
2021-12-19 10:00:00;16.19579481354466;;;;;;;
2021-12-19 11:00:00;16.197697605327434;;;;;;;
2021-12-19 12:00:00;16.199594184225987;;;;;;;
2021-12-19 13:00:00;16.201484549264602;;;;;;;
2021-12-19 14:00:00;16.20336869947076;;;;;;;
2021-12-19 15:00:00;16.205246633875152;;;;;;;
2021-12-19 16:00:00;16.207118351511642;;;;;;;
2021-12-19 17:00:00;16.208983851417305;;;;;;;
2021-12-19 18:00:00;16.21084313263243;;;;;;;
2021-12-19 19:00:00;16.212696194200483;;;;;;;
2021-12-19 20:00:00;16.214543035168138;;;;;;;
2021-12-19 21:00:00;16.216383654585275;;;;;;;
2021-12-19 22:00:00;16.21821805150496;;;;;;;
2021-12-19 23:00:00;16.22004622498348;;;;;;;
2021-12-20 00:00:00;16.22186817408031;;;;;;;
2021-12-20 01:00:00;16.22368389785812;;;;;;;
2021-12-20 02:00:00;16.225493395382802;;;;;;;
2021-12-20 03:00:00;16.227296665723447;;;;;;;
2021-12-20 04:00:00;16.229093707952334;;;;;;;
2021-12-20 05:00:00;16.23088452114496;;;;;;;
2021-12-20 06:00:00;16.23266910438003;;;;;;;
2021-12-20 07:00:00;16.23444745673944;;;;;;;
2021-12-20 08:00:00;16.236219577308304;;;;;;;
2021-12-20 09:00:00;16.23798546517493;;;;;;;
2021-12-20 10:00:00;16.239745119430857;;;;;;;
2021-12-20 11:00:00;16.241498539170788;;;;;;;
2021-12-20 12:00:00;16.243245723492677;;;;;;;
2021-12-20 13:00:00;16.244986671497664;;;;;;;
2021-12-20 14:00:00;16.246721382290094;;;;;;;
2021-12-20 15:00:00;16.24844985497754;;;;;;;
2021-12-20 16:00:00;16.25017208867076;;;;;;;
2021-12-20 17:00:00;16.25188808248375;;;;;;;
2021-12-20 18:00:00;16.253597835533675;;;;;;;
2021-12-20 19:00:00;16.25530134694096;;;;;;;
2021-12-20 20:00:00;16.256998615829207;;;;;;;
2021-12-20 21:00:00;16.258689641325237;;;;;;;
2021-12-20 22:00:00;16.260374422559085;;;;;;;
2021-12-20 23:00:00;16.26205295866401;;;;;;;
2021-12-21 00:00:00;16.263725248776456;;;;;;;
2021-12-21 01:00:00;16.265391292036107;;;;;;;
2021-12-21 02:00:00;16.26705108758585;;;;;;;
2021-12-21 03:00:00;16.26870463457178;;;;;;;
2021-12-21 04:00:00;16.270351932143225;;;;;;;
2021-12-21 05:00:00;16.271992979452705;;;;;;;
2021-12-21 06:00:00;16.273627775655978;;;;;;;
2021-12-21 07:00:00;16.275256319911996;;;;;;;
2021-12-21 08:00:00;16.27687861138294;;;;;;;
2021-12-21 09:00:00;16.278494649234215;;;;;;;
2021-12-21 10:00:00;16.28010443263443;;;;;;;
2021-12-21 11:00:00;16.281707960755412;;;;;;;
2021-12-21 12:00:00;16.283305232772214;;;;;;;
2021-12-21 13:00:00;16.284896247863102;;;;;;;
2021-12-21 14:00:00;16.286481005209566;;;;;;;
2021-12-21 15:00:00;16.288059503996305;;;;;;;
2021-12-21 16:00:00;16.28963174341125;;;;;;;
2021-12-21 17:00:00;16.291197722645546;;;;;;;
2021-12-21 18:00:00;16.292757440893563;;;;;;;
2021-12-21 19:00:00;16.29431089735288;;;;;;;
2021-12-21 20:00:00;16.29585809122431;;;;;;;
2021-12-21 21:00:00;16.297399021711886;;;;;;;
2021-12-21 22:00:00;16.29893368802286;;;;;;;
2021-12-21 23:00:00;16.300462089367706;;;;;;;
2021-12-22 00:00:00;16.30198422496013;;;;;;;
2021-12-22 01:00:00;16.303500094017043;;;;;;;
2021-12-22 02:00:00;16.305009695758606;;;;;;;
2021-12-22 03:00:00;16.30651302940817;;;;;;;
2021-12-22 04:00:00;16.308010094192344;;;;;;;
2021-12-22 05:00:00;16.309500889340942;;;;;;;
2021-12-22 06:00:00;16.310985414087018;;;;;;;
2021-12-22 07:00:00;16.312463667666833;;;;;;;
2021-12-22 08:00:00;16.31393564931989;;;;;;;
2021-12-22 09:00:00;16.31540135828892;;;;;;;
2021-12-22 10:00:00;16.316860793819863;;;;;;;
2021-12-22 11:00:00;16.3183139551619;;;;;;;
2021-12-22 12:00:00;16.319760841567444;;;;;;;
2021-12-22 13:00:00;16.321201452292133;;;;;;;
2021-12-22 14:00:00;16.32263578659482;;;;;;;
2021-12-22 15:00:00;16.324063843737598;;;;;;;
2021-12-22 16:00:00;16.32548562298579;;;;;;;
2021-12-22 17:00:00;16.326901123607954;;;;;;;
2021-12-22 18:00:00;16.328310344875874;;;;;;;
2021-12-22 19:00:00;16.329713286064553;;;;;;;
2021-12-22 20:00:00;16.331109946452234;;;;;;;
2021-12-22 21:00:00;16.332500325320396;;;;;;;
2021-12-22 22:00:00;16.333884421953744;;;;;;;
2021-12-22 23:00:00;16.33526223564022;;;;;;;
2021-12-23 00:00:00;16.33663376567099;;;;;;;
2021-12-23 01:00:00;16.33799901134045;;;;;;;
2021-12-23 02:00:00;16.339357971946246;;;;;;;
2021-12-23 03:00:00;16.34071064678924;;;;;;;
2021-12-23 04:00:00;16.342057035173543;;;;;;;
2021-12-23 05:00:00;16.343397136406484;;;;;;;
2021-12-23 06:00:00;16.34473094979864;;;;;;;
2021-12-23 07:00:00;16.346058474663817;;;;;;;
2021-12-23 08:00:00;16.347379710319057;;;;;;;
2021-12-23 09:00:00;16.348694656084636;;;;;;;
2021-12-23 10:00:00;16.350003311284063;;;;;;;
2021-12-23 11:00:00;16.351305675244095;;;;;;;
2021-12-23 12:00:00;16.35260174729471;;;;;;;
2021-12-23 13:00:00;16.35389152676914;;;;;;;
2021-12-23 14:00:00;16.355175013003844;;;;;;;
2021-12-23 15:00:00;16.356452205338506;;;;;;;
2021-12-23 16:00:00;16.357723103116086;;;;;;;
2021-12-23 17:00:00;16.358987705682733;;;;;;;
2021-12-23 18:00:00;16.36024601238788;;;;;;;
2021-12-23 19:00:00;16.361498022584165;;;;;;;
2021-12-23 20:00:00;16.362743735627486;;;;;;;
2021-12-23 21:00:00;16.36398315087697;;;;;;;
2021-12-23 22:00:00;16.36521626769499;;;;;;;
2021-12-23 23:00:00;16.366443085447155;;;;;;;
2021-12-24 00:00:00;16.367663603502315;;;;;;;
2021-12-24 01:00:00;16.36887782123257;;;;;;;
2021-12-24 02:00:00;16.37008573801325;;;;;;;
2021-12-24 03:00:00;16.371287353222925;;;;;;;
2021-12-24 04:00:00;16.372482666243414;;;;;;;
2021-12-24 05:00:00;16.373671676459786;;;;;;;
2021-12-24 06:00:00;16.37485438326033;;;;;;;
2021-12-24 07:00:00;16.376030786036594;;;;;;;
2021-12-24 08:00:00;16.377200884183377;;;;;;;
2021-12-24 09:00:00;16.37836467709869;;;;;;;
2021-12-24 10:00:00;16.379522164183832;;;;;;;
2021-12-24 11:00:00;16.380673344843302;;;;;;;
2021-12-24 12:00:00;16.381818218484877;;;;;;;
2021-12-24 13:00:00;16.382956784519553;;;;;;;
2021-12-24 14:00:00;16.384089042361605;;;;;;;
2021-12-24 15:00:00;16.38521499142851;;;;;;;
2021-12-24 16:00:00;16.38633463114102;;;;;;;
2021-12-24 17:00:00;16.387447960923126;;;;;;;
2021-12-24 18:00:00;16.38855498020206;;;;;;;
2021-12-24 19:00:00;16.38965568840831;;;;;;;
2021-12-24 20:00:00;16.39075008497561;;;;;;;
2021-12-24 21:00:00;16.391838169340925;;;;;;;
2021-12-24 22:00:00;16.39291994094449;;;;;;;
2021-12-24 23:00:00;16.393995399229773;;;;;;;
2021-12-25 00:00:00;16.395064543643496;;;;;;;
2021-12-25 01:00:00;16.396127373635622;;;;;;;
2021-12-25 02:00:00;16.39718388865937;;;;;;;
2021-12-25 03:00:00;16.3982340881712;;;;;;;
2021-12-25 04:00:00;16.39927797163084;;;;;;;
2021-12-25 05:00:00;16.400315538501246;;;;;;;
2021-12-25 06:00:00;16.40134678824863;;;;;;;
2021-12-25 07:00:00;16.402371720342458;;;;;;;
2021-12-25 08:00:00;16.403390334255445;;;;;;;
2021-12-25 09:00:00;16.404402629463547;;;;;;;
2021-12-25 10:00:00;16.405408605445988;;;;;;;
2021-12-25 11:00:00;16.406408261685225;;;;;;;
2021-12-25 12:00:00;16.407401597666986;;;;;;;
2021-12-25 13:00:00;16.408388612880234;;;;;;;
2021-12-25 14:00:00;16.409369306817183;;;;;;;
2021-12-25 15:00:00;16.410343678973316;;;;;;;
2021-12-25 16:00:00;16.41131172884735;;;;;;;
2021-12-25 17:00:00;16.412273455941268;;;;;;;
2021-12-25 18:00:00;16.413228859760295;;;;;;;
2021-12-25 19:00:00;16.414177939812912;;;;;;;
2021-12-25 20:00:00;16.415120695610874;;;;;;;
2021-12-25 21:00:00;16.416057126669145;;;;;;;
2021-12-25 22:00:00;16.416987232505978;;;;;;;
2021-12-25 23:00:00;16.417911012642875;;;;;;;
2021-12-26 00:00:00;16.418828466604587;;;;;;;
2021-12-26 01:00:00;16.41973959391912;;;;;;;
2021-12-26 02:00:00;16.42064439411774;;;;;;;
2021-12-26 03:00:00;16.421542866734956;;;;;;;
2021-12-26 04:00:00;16.42243501130854;;;;;;;
2021-12-26 05:00:00;16.423320827379523;;;;;;;
2021-12-26 06:00:00;16.424200314492193;;;;;;;
2021-12-26 07:00:00;16.425073472194082;;;;;;;
2021-12-26 08:00:00;16.425940300035986;;;;;;;
2021-12-26 09:00:00;16.426800797571964;;;;;;;
2021-12-26 10:00:00;16.427654964359313;;;;;;;
2021-12-26 11:00:00;16.4285027999586;;;;;;;
2021-12-26 12:00:00;16.429344303933654;;;;;;;
2021-12-26 13:00:00;16.430179475851553;;;;;;;
2021-12-26 14:00:00;16.431008315282636;;;;;;;
2021-12-26 15:00:00;16.431830821800503;;;;;;;
2021-12-26 16:00:00;16.43264699498199;;;;;;;
2021-12-26 17:00:00;16.433456834407224;;;;;;;
2021-12-26 18:00:00;16.434260339659573;;;;;;;
2021-12-26 19:00:00;16.43505751032566;;;;;;;
2021-12-26 20:00:00;16.435848345995375;;;;;;;
2021-12-26 21:00:00;16.43663284626187;;;;;;;
2021-12-26 22:00:00;16.437411010721547;;;;;;;
2021-12-26 23:00:00;16.43818283897407;;;;;;;
2021-12-27 00:00:00;16.438948330622367;;;;;;;
2021-12-27 01:00:00;16.43970748527262;;;;;;;
2021-12-27 02:00:00;16.440460302534277;;;;;;;
2021-12-27 03:00:00;16.441206782020046;;;;;;;
2021-12-27 04:00:00;16.441946923345895;;;;;;;
2021-12-27 05:00:00;16.442680726131034;;;;;;;
2021-12-27 06:00:00;16.443408189997974;;;;;;;
2021-12-27 07:00:00;16.444129314572454;;;;;;;
2021-12-27 08:00:00;16.44484409948348;;;;;;;
2021-12-27 09:00:00;16.445552544363327;;;;;;;
2021-12-27 10:00:00;16.446254648847532;;;;;;;
2021-12-27 11:00:00;16.44695041257489;;;;;;;
2021-12-27 12:00:00;16.447639835187452;;;;;;;
2021-12-27 13:00:00;16.448322916330543;;;;;;;
2021-12-27 14:00:00;16.448999655652745;;;;;;;
2021-12-27 15:00:00;16.4496700528059;;;;;;;
2021-12-27 16:00:00;16.45033410744512;;;;;;;
2021-12-27 17:00:00;16.450991819228772;;;;;;;
2021-12-27 18:00:00;16.451643187818494;;;;;;;
2021-12-27 19:00:00;16.45228821287917;;;;;;;
2021-12-27 20:00:00;16.45292689407898;;;;;;;
2021-12-27 21:00:00;16.453559231089333;;;;;;;
2021-12-27 22:00:00;16.454185223584926;;;;;;;
2021-12-27 23:00:00;16.454804871243706;;;;;;;
2021-12-28 00:00:00;16.45541817374689;;;;;;;
2021-12-28 01:00:00;16.45602513077896;;;;;;;
2021-12-28 02:00:00;16.45662574202766;;;;;;;
2021-12-28 03:00:00;16.457220007184;;;;;;;
2021-12-28 04:00:00;16.457807925942248;;;;;;;
2021-12-28 05:00:00;16.458389497999956;;;;;;;
2021-12-28 06:00:00;16.458964723057917;;;;;;;
2021-12-28 07:00:00;16.459533600820208;;;;;;;
2021-12-28 08:00:00;16.460096130994163;;;;;;;
2021-12-28 09:00:00;16.460652313290385;;;;;;;
2021-12-28 10:00:00;16.461202147422732;;;;;;;
2021-12-28 11:00:00;16.461745633108347;;;;;;;
2021-12-28 12:00:00;16.462282770067613;;;;;;;
2021-12-28 13:00:00;16.462813558024212;;;;;;;
2021-12-28 14:00:00;16.463337996705068;;;;;;;
2021-12-28 15:00:00;16.463856085840373;;;;;;;
2021-12-28 16:00:00;16.4643678251636;;;;;;;
2021-12-28 17:00:00;16.464873214411472;;;;;;;
2021-12-28 18:00:00;16.465372253323995;;;;;;;
2021-12-28 19:00:00;16.465864941644426;;;;;;;
2021-12-28 20:00:00;16.466351279119298;;;;;;;
2021-12-28 21:00:00;16.466831265498413;;;;;;;
2021-12-28 22:00:00;16.46730490053483;;;;;;;
2021-12-28 23:00:00;16.467772183984895;;;;;;;
2021-12-29 00:00:00;16.468233115608196;;;;;;;
2021-12-29 01:00:00;16.46868769516761;;;;;;;
2021-12-29 02:00:00;16.469135922429277;;;;;;;
2021-12-29 03:00:00;16.469577797162597;;;;;;;
2021-12-29 04:00:00;16.470013319140243;;;;;;;
2021-12-29 05:00:00;16.470442488138154;;;;;;;
2021-12-29 06:00:00;16.470865303935547;;;;;;;
2021-12-29 07:00:00;16.471281766314895;;;;;;;
2021-12-29 08:00:00;16.471691875061946;;;;;;;
2021-12-29 09:00:00;16.472095629965715;;;;;;;
2021-12-29 10:00:00;16.472493030818487;;;;;;;
2021-12-29 11:00:00;16.472884077415817;;;;;;;
2021-12-29 12:00:00;16.473268769556523;;;;;;;
2021-12-29 13:00:00;16.4736471070427;;;;;;;
2021-12-29 14:00:00;16.474019089679704;;;;;;;
2021-12-29 15:00:00;16.474384717276173;;;;;;;
2021-12-29 16:00:00;16.474743989644;;;;;;;
2021-12-29 17:00:00;16.475096906598353;;;;;;;
2021-12-29 18:00:00;16.475443467957678;;;;;;;
2021-12-29 19:00:00;16.47578367354367;;;;;;;
2021-12-29 20:00:00;16.476117523181323;;;;;;;
2021-12-29 21:00:00;16.476445016698868;;;;;;;
2021-12-29 22:00:00;16.476766153927837;;;;;;;
2021-12-29 23:00:00;16.47708093470301;;;;;;;
2021-12-30 00:00:00;16.477389358862442;;;;;;;
2021-12-30 01:00:00;16.47769142624747;;;;;;;
2021-12-30 02:00:00;16.47798713670269;;;;;;;
2021-12-30 03:00:00;16.478276490075967;;;;;;;
2021-12-30 04:00:00;16.478559486218444;;;;;;;
2021-12-30 05:00:00;16.47883612498453;;;;;;;
2021-12-30 06:00:00;16.479106406231903;;;;;;;
2021-12-30 07:00:00;16.479370329821517;;;;;;;
2021-12-30 08:00:00;16.479627895617586;;;;;;;
2021-12-30 09:00:00;16.47987910348762;;;;;;;
2021-12-30 10:00:00;16.480123953302368;;;;;;;
2021-12-30 11:00:00;16.480362444935867;;;;;;;
2021-12-30 12:00:00;16.480594578265425;;;;;;;
2021-12-30 13:00:00;16.48082035317162;;;;;;;
2021-12-30 14:00:00;16.481039769538295;;;;;;;
2021-12-30 15:00:00;16.48125282725258;;;;;;;
2021-12-30 16:00:00;16.481459526204848;;;;;;;
2021-12-30 17:00:00;16.48165986628877;;;;;;;
2021-12-30 18:00:00;16.481853847401283;;;;;;;
2021-12-30 19:00:00;16.48204146944259;;;;;;;
2021-12-30 20:00:00;16.48222273231616;;;;;;;
2021-12-30 21:00:00;16.482397635928745;;;;;;;
2021-12-30 22:00:00;16.482566180190368;;;;;;;
2021-12-30 23:00:00;16.482728365014314;;;;;;;
2021-12-31 00:00:00;16.482884190317147;;;;;;;
2021-12-31 01:00:00;16.4830336560187;;;;;;;
2021-12-31 02:00:00;16.483176762042085;;;;;;;
2021-12-31 03:00:00;16.48331350831367;;;;;;;
2021-12-31 04:00:00;16.48344389476312;;;;;;;
2021-12-31 05:00:00;16.483567921323335;;;;;;;
2021-12-31 06:00:00;16.483685587930527;;;;;;;
2021-12-31 07:00:00;16.483796894524147;;;;;;;
2021-12-31 08:00:00;16.48390184104694;;;;;;;
2021-12-31 09:00:00;16.48400042744492;;;;;;;
2021-12-31 10:00:00;16.484092653667354;;;;;;;
2021-12-31 11:00:00;16.48417851966681;;;;;;;
2021-12-31 12:00:00;16.484258025399104;;;;;;;
2021-12-31 13:00:00;16.484331170823335;;;;;;;
2021-12-31 14:00:00;16.48439795590188;;;;;;;
2021-12-31 15:00:00;16.48445838060037;;;;;;;
2021-12-31 16:00:00;16.484512444887727;;;;;;;
2021-12-31 17:00:00;16.48456014873613;;;;;;;
2021-12-31 18:00:00;16.484601492121048;;;;;;;
2021-12-31 19:00:00;16.484636475021198;;;;;;;
2021-12-31 20:00:00;16.484665097418592;;;;;;;
2021-12-31 21:00:00;16.4846873592985;;;;;;;
2021-12-31 22:00:00;16.48470326064947;;;;;;;
2021-12-31 23:00:00;16.48471280146333;;;;;;;
